Step,X,Predicted_Y
0,"[[0.225, 1.0, 0.7142857142857143, 0.0, 0.0, 1.0], [0.225, 0.0, 0.717032967032967, 0.0, 0.0, 0.0], [0.375, 0.16666666666666666, 0.7197802197802199, 0.0, 0.0, 0.0], [0.375, 0.3333333333333333, 0.7225274725274726, 0.0, 0.0, 0.0], [0.25, 0.5, 0.7252747252747254, 0.0, 0.0, 0.0], [0.45, 0.6666666666666666, 0.7280219780219781, 0.0, 0.0, 0.0], [0.2, 0.8333333333333333, 0.7307692307692308, 0.0, 0.0, 1.0]]",0.4189261496067047
1,"[[0.225, 0.0, 0.717032967032967, 0.0, 0.0, 0.0], [0.375, 0.16666666666666666, 0.7197802197802199, 0.0, 0.0, 0.0], [0.375, 0.3333333333333333, 0.7225274725274726, 0.0, 0.0, 0.0], [0.25, 0.5, 0.7252747252747254, 0.0, 0.0, 0.0], [0.45, 0.6666666666666666, 0.7280219780219781, 0.0, 0.0, 0.0], [0.2, 0.8333333333333333, 0.7307692307692308, 0.0, 0.0, 1.0], [0.4189261496067047, 1.0, 0.7335164835164836, 0.0, 0.0, 1.0]]",0.45851561427116394
2,"[[0.375, 0.16666666666666666, 0.7197802197802199, 0.0, 0.0, 0.0], [0.375, 0.3333333333333333, 0.7225274725274726, 0.0, 0.0, 0.0], [0.25, 0.5, 0.7252747252747254, 0.0, 0.0, 0.0], [0.45, 0.6666666666666666, 0.7280219780219781, 0.0, 0.0, 0.0], [0.2, 0.8333333333333333, 0.7307692307692308, 0.0, 0.0, 1.0], [0.4189261496067047, 1.0, 0.7335164835164836, 0.0, 0.0, 1.0], [0.45851561427116394, 0.0, 0.7362637362637363, 0.0, 0.0, 0.0]]",0.45307984948158264
3,"[[0.375, 0.3333333333333333, 0.7225274725274726, 0.0, 0.0, 0.0], [0.25, 0.5, 0.7252747252747254, 0.0, 0.0, 0.0], [0.45, 0.6666666666666666, 0.7280219780219781, 0.0, 0.0, 0.0], [0.2, 0.8333333333333333, 0.7307692307692308, 0.0, 0.0, 1.0], [0.4189261496067047, 1.0, 0.7335164835164836, 0.0, 0.0, 1.0], [0.45851561427116394, 0.0, 0.7362637362637363, 0.0, 0.0, 0.0], [0.45307984948158264, 0.16666666666666666, 0.739010989010989, 0.0, 0.0, 0.0]]",0.4557361304759979
4,"[[0.25, 0.5, 0.7252747252747254, 0.0, 0.0, 0.0], [0.45, 0.6666666666666666, 0.7280219780219781, 0.0, 0.0, 0.0], [0.2, 0.8333333333333333, 0.7307692307692308, 0.0, 0.0, 1.0], [0.4189261496067047, 1.0, 0.7335164835164836, 0.0, 0.0, 1.0], [0.45851561427116394, 0.0, 0.7362637362637363, 0.0, 0.0, 0.0], [0.45307984948158264, 0.16666666666666666, 0.739010989010989, 0.0, 0.0, 0.0], [0.4557361304759979, 0.3333333333333333, 0.7417582417582418, 0.0, 0.0, 0.0]]",0.46500667929649353
5,"[[0.45, 0.6666666666666666, 0.7280219780219781, 0.0, 0.0, 0.0], [0.2, 0.8333333333333333, 0.7307692307692308, 0.0, 0.0, 1.0], [0.4189261496067047, 1.0, 0.7335164835164836, 0.0, 0.0, 1.0], [0.45851561427116394, 0.0, 0.7362637362637363, 0.0, 0.0, 0.0], [0.45307984948158264, 0.16666666666666666, 0.739010989010989, 0.0, 0.0, 0.0], [0.4557361304759979, 0.3333333333333333, 0.7417582417582418, 0.0, 0.0, 0.0], [0.46500667929649353, 0.5, 0.7445054945054945, 0.0, 0.0, 0.0]]",0.4719124734401703
6,"[[0.2, 0.8333333333333333, 0.7307692307692308, 0.0, 0.0, 1.0], [0.4189261496067047, 1.0, 0.7335164835164836, 0.0, 0.0, 1.0], [0.45851561427116394, 0.0, 0.7362637362637363, 0.0, 0.0, 0.0], [0.45307984948158264, 0.16666666666666666, 0.739010989010989, 0.0, 0.0, 0.0], [0.4557361304759979, 0.3333333333333333, 0.7417582417582418, 0.0, 0.0, 0.0], [0.46500667929649353, 0.5, 0.7445054945054945, 0.0, 0.0, 0.0], [0.4719124734401703, 0.6666666666666666, 0.7472527472527473, 0.0, 0.0, 0.0]]",0.469977468252182
7,"[[0.4189261496067047, 1.0, 0.7335164835164836, 0.0, 0.0, 1.0], [0.45851561427116394, 0.0, 0.7362637362637363, 0.0, 0.0, 0.0], [0.45307984948158264, 0.16666666666666666, 0.739010989010989, 0.0, 0.0, 0.0], [0.4557361304759979, 0.3333333333333333, 0.7417582417582418, 0.0, 0.0, 0.0], [0.46500667929649353, 0.5, 0.7445054945054945, 0.0, 0.0, 0.0], [0.4719124734401703, 0.6666666666666666, 0.7472527472527473, 0.0, 0.0, 0.0], [0.469977468252182, 0.8333333333333333, 0.7500000000000001, 0.0, 0.0, 1.0]]",0.4794521629810333
8,"[[0.45851561427116394, 0.0, 0.7362637362637363, 0.0, 0.0, 0.0], [0.45307984948158264, 0.16666666666666666, 0.739010989010989, 0.0, 0.0, 0.0], [0.4557361304759979, 0.3333333333333333, 0.7417582417582418, 0.0, 0.0, 0.0], [0.46500667929649353, 0.5, 0.7445054945054945, 0.0, 0.0, 0.0], [0.4719124734401703, 0.6666666666666666, 0.7472527472527473, 0.0, 0.0, 0.0], [0.469977468252182, 0.8333333333333333, 0.7500000000000001, 0.0, 0.0, 1.0], [0.4794521629810333, 1.0, 0.7527472527472528, 0.0, 0.0, 1.0]]",0.5003781318664551
9,"[[0.45307984948158264, 0.16666666666666666, 0.739010989010989, 0.0, 0.0, 0.0], [0.4557361304759979, 0.3333333333333333, 0.7417582417582418, 0.0, 0.0, 0.0], [0.46500667929649353, 0.5, 0.7445054945054945, 0.0, 0.0, 0.0], [0.4719124734401703, 0.6666666666666666, 0.7472527472527473, 0.0, 0.0, 0.0], [0.469977468252182, 0.8333333333333333, 0.7500000000000001, 0.0, 0.0, 1.0], [0.4794521629810333, 1.0, 0.7527472527472528, 0.0, 0.0, 1.0], [0.5003781318664551, 0.0, 0.7554945054945056, 0.0, 0.0, 0.0]]",0.48486170172691345
10,"[[0.4557361304759979, 0.3333333333333333, 0.7417582417582418, 0.0, 0.0, 0.0], [0.46500667929649353, 0.5, 0.7445054945054945, 0.0, 0.0, 0.0], [0.4719124734401703, 0.6666666666666666, 0.7472527472527473, 0.0, 0.0, 0.0], [0.469977468252182, 0.8333333333333333, 0.7500000000000001, 0.0, 0.0, 1.0], [0.4794521629810333, 1.0, 0.7527472527472528, 0.0, 0.0, 1.0], [0.5003781318664551, 0.0, 0.7554945054945056, 0.0, 0.0, 0.0], [0.48486170172691345, 0.16666666666666666, 0.7582417582417583, 0.0, 0.0, 0.0]]",0.4814188778400421
11,"[[0.46500667929649353, 0.5, 0.7445054945054945, 0.0, 0.0, 0.0], [0.4719124734401703, 0.6666666666666666, 0.7472527472527473, 0.0, 0.0, 0.0], [0.469977468252182, 0.8333333333333333, 0.7500000000000001, 0.0, 0.0, 1.0], [0.4794521629810333, 1.0, 0.7527472527472528, 0.0, 0.0, 1.0], [0.5003781318664551, 0.0, 0.7554945054945056, 0.0, 0.0, 0.0], [0.48486170172691345, 0.16666666666666666, 0.7582417582417583, 0.0, 0.0, 0.0], [0.4814188778400421, 0.3333333333333333, 0.7609890109890111, 0.0, 0.0, 0.0]]",0.4865467846393585
12,"[[0.4719124734401703, 0.6666666666666666, 0.7472527472527473, 0.0, 0.0, 0.0], [0.469977468252182, 0.8333333333333333, 0.7500000000000001, 0.0, 0.0, 1.0], [0.4794521629810333, 1.0, 0.7527472527472528, 0.0, 0.0, 1.0], [0.5003781318664551, 0.0, 0.7554945054945056, 0.0, 0.0, 0.0], [0.48486170172691345, 0.16666666666666666, 0.7582417582417583, 0.0, 0.0, 0.0], [0.4814188778400421, 0.3333333333333333, 0.7609890109890111, 0.0, 0.0, 0.0], [0.4865467846393585, 0.5, 0.7637362637362638, 0.0, 0.0, 0.0]]",0.48858264088630676
13,"[[0.469977468252182, 0.8333333333333333, 0.7500000000000001, 0.0, 0.0, 1.0], [0.4794521629810333, 1.0, 0.7527472527472528, 0.0, 0.0, 1.0], [0.5003781318664551, 0.0, 0.7554945054945056, 0.0, 0.0, 0.0], [0.48486170172691345, 0.16666666666666666, 0.7582417582417583, 0.0, 0.0, 0.0], [0.4814188778400421, 0.3333333333333333, 0.7609890109890111, 0.0, 0.0, 0.0], [0.4865467846393585, 0.5, 0.7637362637362638, 0.0, 0.0, 0.0], [0.48858264088630676, 0.6666666666666666, 0.7664835164835165, 0.0, 0.0, 0.0]]",0.48465004563331604
14,"[[0.4794521629810333, 1.0, 0.7527472527472528, 0.0, 0.0, 1.0], [0.5003781318664551, 0.0, 0.7554945054945056, 0.0, 0.0, 0.0], [0.48486170172691345, 0.16666666666666666, 0.7582417582417583, 0.0, 0.0, 0.0], [0.4814188778400421, 0.3333333333333333, 0.7609890109890111, 0.0, 0.0, 0.0], [0.4865467846393585, 0.5, 0.7637362637362638, 0.0, 0.0, 0.0], [0.48858264088630676, 0.6666666666666666, 0.7664835164835165, 0.0, 0.0, 0.0], [0.48465004563331604, 0.8333333333333333, 0.7692307692307693, 0.0, 0.0, 1.0]]",0.489908903837204
15,"[[0.5003781318664551, 0.0, 0.7554945054945056, 0.0, 0.0, 0.0], [0.48486170172691345, 0.16666666666666666, 0.7582417582417583, 0.0, 0.0, 0.0], [0.4814188778400421, 0.3333333333333333, 0.7609890109890111, 0.0, 0.0, 0.0], [0.4865467846393585, 0.5, 0.7637362637362638, 0.0, 0.0, 0.0], [0.48858264088630676, 0.6666666666666666, 0.7664835164835165, 0.0, 0.0, 0.0], [0.48465004563331604, 0.8333333333333333, 0.7692307692307693, 0.0, 0.0, 1.0], [0.489908903837204, 1.0, 0.771978021978022, 0.0, 0.0, 1.0]]",0.5098050832748413
16,"[[0.48486170172691345, 0.16666666666666666, 0.7582417582417583, 0.0, 0.0, 0.0], [0.4814188778400421, 0.3333333333333333, 0.7609890109890111, 0.0, 0.0, 0.0], [0.4865467846393585, 0.5, 0.7637362637362638, 0.0, 0.0, 0.0], [0.48858264088630676, 0.6666666666666666, 0.7664835164835165, 0.0, 0.0, 0.0], [0.48465004563331604, 0.8333333333333333, 0.7692307692307693, 0.0, 0.0, 1.0], [0.489908903837204, 1.0, 0.771978021978022, 0.0, 0.0, 1.0], [0.5098050832748413, 0.0, 0.7747252747252747, 0.0, 0.0, 0.0]]",0.49231186509132385
17,"[[0.4814188778400421, 0.3333333333333333, 0.7609890109890111, 0.0, 0.0, 0.0], [0.4865467846393585, 0.5, 0.7637362637362638, 0.0, 0.0, 0.0], [0.48858264088630676, 0.6666666666666666, 0.7664835164835165, 0.0, 0.0, 0.0], [0.48465004563331604, 0.8333333333333333, 0.7692307692307693, 0.0, 0.0, 1.0], [0.489908903837204, 1.0, 0.771978021978022, 0.0, 0.0, 1.0], [0.5098050832748413, 0.0, 0.7747252747252747, 0.0, 0.0, 0.0], [0.49231186509132385, 0.16666666666666666, 0.7774725274725275, 0.0, 0.0, 0.0]]",0.4870353043079376
18,"[[0.4865467846393585, 0.5, 0.7637362637362638, 0.0, 0.0, 0.0], [0.48858264088630676, 0.6666666666666666, 0.7664835164835165, 0.0, 0.0, 0.0], [0.48465004563331604, 0.8333333333333333, 0.7692307692307693, 0.0, 0.0, 1.0], [0.489908903837204, 1.0, 0.771978021978022, 0.0, 0.0, 1.0], [0.5098050832748413, 0.0, 0.7747252747252747, 0.0, 0.0, 0.0], [0.49231186509132385, 0.16666666666666666, 0.7774725274725275, 0.0, 0.0, 0.0], [0.4870353043079376, 0.3333333333333333, 0.7802197802197803, 0.0, 0.0, 0.0]]",0.4911428391933441
19,"[[0.48858264088630676, 0.6666666666666666, 0.7664835164835165, 0.0, 0.0, 0.0], [0.48465004563331604, 0.8333333333333333, 0.7692307692307693, 0.0, 0.0, 1.0], [0.489908903837204, 1.0, 0.771978021978022, 0.0, 0.0, 1.0], [0.5098050832748413, 0.0, 0.7747252747252747, 0.0, 0.0, 0.0], [0.49231186509132385, 0.16666666666666666, 0.7774725274725275, 0.0, 0.0, 0.0], [0.4870353043079376, 0.3333333333333333, 0.7802197802197803, 0.0, 0.0, 0.0], [0.4911428391933441, 0.5, 0.7829670329670331, 0.0, 0.0, 0.0]]",0.49269822239875793
20,"[[0.48465004563331604, 0.8333333333333333, 0.7692307692307693, 0.0, 0.0, 1.0], [0.489908903837204, 1.0, 0.771978021978022, 0.0, 0.0, 1.0], [0.5098050832748413, 0.0, 0.7747252747252747, 0.0, 0.0, 0.0], [0.49231186509132385, 0.16666666666666666, 0.7774725274725275, 0.0, 0.0, 0.0], [0.4870353043079376, 0.3333333333333333, 0.7802197802197803, 0.0, 0.0, 0.0], [0.4911428391933441, 0.5, 0.7829670329670331, 0.0, 0.0, 0.0], [0.49269822239875793, 0.6666666666666666, 0.7857142857142858, 0.0, 0.0, 0.0]]",0.4885971248149872
21,"[[0.489908903837204, 1.0, 0.771978021978022, 0.0, 0.0, 1.0], [0.5098050832748413, 0.0, 0.7747252747252747, 0.0, 0.0, 0.0], [0.49231186509132385, 0.16666666666666666, 0.7774725274725275, 0.0, 0.0, 0.0], [0.4870353043079376, 0.3333333333333333, 0.7802197802197803, 0.0, 0.0, 0.0], [0.4911428391933441, 0.5, 0.7829670329670331, 0.0, 0.0, 0.0], [0.49269822239875793, 0.6666666666666666, 0.7857142857142858, 0.0, 0.0, 0.0], [0.4885971248149872, 0.8333333333333333, 0.7884615384615385, 0.0, 0.0, 1.0]]",0.4946325123310089
22,"[[0.5098050832748413, 0.0, 0.7747252747252747, 0.0, 0.0, 0.0], [0.49231186509132385, 0.16666666666666666, 0.7774725274725275, 0.0, 0.0, 0.0], [0.4870353043079376, 0.3333333333333333, 0.7802197802197803, 0.0, 0.0, 0.0], [0.4911428391933441, 0.5, 0.7829670329670331, 0.0, 0.0, 0.0], [0.49269822239875793, 0.6666666666666666, 0.7857142857142858, 0.0, 0.0, 0.0], [0.4885971248149872, 0.8333333333333333, 0.7884615384615385, 0.0, 0.0, 1.0], [0.4946325123310089, 1.0, 0.7912087912087913, 0.0, 0.0, 1.0]]",0.5150896310806274
23,"[[0.49231186509132385, 0.16666666666666666, 0.7774725274725275, 0.0, 0.0, 0.0], [0.4870353043079376, 0.3333333333333333, 0.7802197802197803, 0.0, 0.0, 0.0], [0.4911428391933441, 0.5, 0.7829670329670331, 0.0, 0.0, 0.0], [0.49269822239875793, 0.6666666666666666, 0.7857142857142858, 0.0, 0.0, 0.0], [0.4885971248149872, 0.8333333333333333, 0.7884615384615385, 0.0, 0.0, 1.0], [0.4946325123310089, 1.0, 0.7912087912087913, 0.0, 0.0, 1.0], [0.5150896310806274, 0.0, 0.793956043956044, 0.0, 0.0, 0.0]]",0.49674251675605774
24,"[[0.4870353043079376, 0.3333333333333333, 0.7802197802197803, 0.0, 0.0, 0.0], [0.4911428391933441, 0.5, 0.7829670329670331, 0.0, 0.0, 0.0], [0.49269822239875793, 0.6666666666666666, 0.7857142857142858, 0.0, 0.0, 0.0], [0.4885971248149872, 0.8333333333333333, 0.7884615384615385, 0.0, 0.0, 1.0], [0.4946325123310089, 1.0, 0.7912087912087913, 0.0, 0.0, 1.0], [0.5150896310806274, 0.0, 0.793956043956044, 0.0, 0.0, 0.0], [0.49674251675605774, 0.16666666666666666, 0.7967032967032968, 0.0, 0.0, 0.0]]",0.4904696047306061
25,"[[0.4911428391933441, 0.5, 0.7829670329670331, 0.0, 0.0, 0.0], [0.49269822239875793, 0.6666666666666666, 0.7857142857142858, 0.0, 0.0, 0.0], [0.4885971248149872, 0.8333333333333333, 0.7884615384615385, 0.0, 0.0, 1.0], [0.4946325123310089, 1.0, 0.7912087912087913, 0.0, 0.0, 1.0], [0.5150896310806274, 0.0, 0.793956043956044, 0.0, 0.0, 0.0], [0.49674251675605774, 0.16666666666666666, 0.7967032967032968, 0.0, 0.0, 0.0], [0.4904696047306061, 0.3333333333333333, 0.7994505494505495, 0.0, 0.0, 0.0]]",0.49412575364112854
26,"[[0.49269822239875793, 0.6666666666666666, 0.7857142857142858, 0.0, 0.0, 0.0], [0.4885971248149872, 0.8333333333333333, 0.7884615384615385, 0.0, 0.0, 1.0], [0.4946325123310089, 1.0, 0.7912087912087913, 0.0, 0.0, 1.0], [0.5150896310806274, 0.0, 0.793956043956044, 0.0, 0.0, 0.0], [0.49674251675605774, 0.16666666666666666, 0.7967032967032968, 0.0, 0.0, 0.0], [0.4904696047306061, 0.3333333333333333, 0.7994505494505495, 0.0, 0.0, 0.0], [0.49412575364112854, 0.5, 0.8021978021978022, 0.0, 0.0, 0.0]]",0.49563607573509216
27,"[[0.4885971248149872, 0.8333333333333333, 0.7884615384615385, 0.0, 0.0, 1.0], [0.4946325123310089, 1.0, 0.7912087912087913, 0.0, 0.0, 1.0], [0.5150896310806274, 0.0, 0.793956043956044, 0.0, 0.0, 0.0], [0.49674251675605774, 0.16666666666666666, 0.7967032967032968, 0.0, 0.0, 0.0], [0.4904696047306061, 0.3333333333333333, 0.7994505494505495, 0.0, 0.0, 0.0], [0.49412575364112854, 0.5, 0.8021978021978022, 0.0, 0.0, 0.0], [0.49563607573509216, 0.6666666666666666, 0.804945054945055, 0.0, 0.0, 0.0]]",0.4917006194591522
28,"[[0.4946325123310089, 1.0, 0.7912087912087913, 0.0, 0.0, 1.0], [0.5150896310806274, 0.0, 0.793956043956044, 0.0, 0.0, 0.0], [0.49674251675605774, 0.16666666666666666, 0.7967032967032968, 0.0, 0.0, 0.0], [0.4904696047306061, 0.3333333333333333, 0.7994505494505495, 0.0, 0.0, 0.0], [0.49412575364112854, 0.5, 0.8021978021978022, 0.0, 0.0, 0.0], [0.49563607573509216, 0.6666666666666666, 0.804945054945055, 0.0, 0.0, 0.0], [0.4917006194591522, 0.8333333333333333, 0.8076923076923077, 0.0, 0.0, 1.0]]",0.4987765848636627
29,"[[0.5150896310806274, 0.0, 0.793956043956044, 0.0, 0.0, 0.0], [0.49674251675605774, 0.16666666666666666, 0.7967032967032968, 0.0, 0.0, 0.0], [0.4904696047306061, 0.3333333333333333, 0.7994505494505495, 0.0, 0.0, 0.0], [0.49412575364112854, 0.5, 0.8021978021978022, 0.0, 0.0, 0.0], [0.49563607573509216, 0.6666666666666666, 0.804945054945055, 0.0, 0.0, 0.0], [0.4917006194591522, 0.8333333333333333, 0.8076923076923077, 0.0, 0.0, 1.0], [0.4987765848636627, 1.0, 0.8104395604395606, 0.0, 0.0, 1.0]]",0.5199486017227173
30,"[[0.49674251675605774, 0.16666666666666666, 0.7967032967032968, 0.0, 0.0, 0.0], [0.4904696047306061, 0.3333333333333333, 0.7994505494505495, 0.0, 0.0, 0.0], [0.49412575364112854, 0.5, 0.8021978021978022, 0.0, 0.0, 0.0], [0.49563607573509216, 0.6666666666666666, 0.804945054945055, 0.0, 0.0, 0.0], [0.4917006194591522, 0.8333333333333333, 0.8076923076923077, 0.0, 0.0, 1.0], [0.4987765848636627, 1.0, 0.8104395604395606, 0.0, 0.0, 1.0], [0.5199486017227173, 0.0, 0.8131868131868133, 0.0, 0.0, 0.0]]",0.5008864998817444
31,"[[0.4904696047306061, 0.3333333333333333, 0.7994505494505495, 0.0, 0.0, 0.0], [0.49412575364112854, 0.5, 0.8021978021978022, 0.0, 0.0, 0.0], [0.49563607573509216, 0.6666666666666666, 0.804945054945055, 0.0, 0.0, 0.0], [0.4917006194591522, 0.8333333333333333, 0.8076923076923077, 0.0, 0.0, 1.0], [0.4987765848636627, 1.0, 0.8104395604395606, 0.0, 0.0, 1.0], [0.5199486017227173, 0.0, 0.8131868131868133, 0.0, 0.0, 0.0], [0.5008864998817444, 0.16666666666666666, 0.815934065934066, 0.0, 0.0, 0.0]]",0.4937209188938141
32,"[[0.49412575364112854, 0.5, 0.8021978021978022, 0.0, 0.0, 0.0], [0.49563607573509216, 0.6666666666666666, 0.804945054945055, 0.0, 0.0, 0.0], [0.4917006194591522, 0.8333333333333333, 0.8076923076923077, 0.0, 0.0, 1.0], [0.4987765848636627, 1.0, 0.8104395604395606, 0.0, 0.0, 1.0], [0.5199486017227173, 0.0, 0.8131868131868133, 0.0, 0.0, 0.0], [0.5008864998817444, 0.16666666666666666, 0.815934065934066, 0.0, 0.0, 0.0], [0.4937209188938141, 0.3333333333333333, 0.8186813186813188, 0.0, 0.0, 0.0]]",0.49698606133461
33,"[[0.49563607573509216, 0.6666666666666666, 0.804945054945055, 0.0, 0.0, 0.0], [0.4917006194591522, 0.8333333333333333, 0.8076923076923077, 0.0, 0.0, 1.0], [0.4987765848636627, 1.0, 0.8104395604395606, 0.0, 0.0, 1.0], [0.5199486017227173, 0.0, 0.8131868131868133, 0.0, 0.0, 0.0], [0.5008864998817444, 0.16666666666666666, 0.815934065934066, 0.0, 0.0, 0.0], [0.4937209188938141, 0.3333333333333333, 0.8186813186813188, 0.0, 0.0, 0.0], [0.49698606133461, 0.5, 0.8214285714285715, 0.0, 0.0, 0.0]]",0.4984929859638214
34,"[[0.4917006194591522, 0.8333333333333333, 0.8076923076923077, 0.0, 0.0, 1.0], [0.4987765848636627, 1.0, 0.8104395604395606, 0.0, 0.0, 1.0], [0.5199486017227173, 0.0, 0.8131868131868133, 0.0, 0.0, 0.0], [0.5008864998817444, 0.16666666666666666, 0.815934065934066, 0.0, 0.0, 0.0], [0.4937209188938141, 0.3333333333333333, 0.8186813186813188, 0.0, 0.0, 0.0], [0.49698606133461, 0.5, 0.8214285714285715, 0.0, 0.0, 0.0], [0.4984929859638214, 0.6666666666666666, 0.8241758241758242, 0.0, 0.0, 0.0]]",0.49475452303886414
35,"[[0.4987765848636627, 1.0, 0.8104395604395606, 0.0, 0.0, 1.0], [0.5199486017227173, 0.0, 0.8131868131868133, 0.0, 0.0, 0.0], [0.5008864998817444, 0.16666666666666666, 0.815934065934066, 0.0, 0.0, 0.0], [0.4937209188938141, 0.3333333333333333, 0.8186813186813188, 0.0, 0.0, 0.0], [0.49698606133461, 0.5, 0.8214285714285715, 0.0, 0.0, 0.0], [0.4984929859638214, 0.6666666666666666, 0.8241758241758242, 0.0, 0.0, 0.0], [0.49475452303886414, 0.8333333333333333, 0.826923076923077, 0.0, 0.0, 1.0]]",0.502884030342102
36,"[[0.5199486017227173, 0.0, 0.8131868131868133, 0.0, 0.0, 0.0], [0.5008864998817444, 0.16666666666666666, 0.815934065934066, 0.0, 0.0, 0.0], [0.4937209188938141, 0.3333333333333333, 0.8186813186813188, 0.0, 0.0, 0.0], [0.49698606133461, 0.5, 0.8214285714285715, 0.0, 0.0, 0.0], [0.4984929859638214, 0.6666666666666666, 0.8241758241758242, 0.0, 0.0, 0.0], [0.49475452303886414, 0.8333333333333333, 0.826923076923077, 0.0, 0.0, 1.0], [0.502884030342102, 1.0, 0.8296703296703297, 0.0, 0.0, 1.0]]",0.5247799754142761
37,"[[0.5008864998817444, 0.16666666666666666, 0.815934065934066, 0.0, 0.0, 0.0], [0.4937209188938141, 0.3333333333333333, 0.8186813186813188, 0.0, 0.0, 0.0], [0.49698606133461, 0.5, 0.8214285714285715, 0.0, 0.0, 0.0], [0.4984929859638214, 0.6666666666666666, 0.8241758241758242, 0.0, 0.0, 0.0], [0.49475452303886414, 0.8333333333333333, 0.826923076923077, 0.0, 0.0, 1.0], [0.502884030342102, 1.0, 0.8296703296703297, 0.0, 0.0, 1.0], [0.5247799754142761, 0.0, 0.8324175824175825, 0.0, 0.0, 0.0]]",0.5050289034843445
38,"[[0.4937209188938141, 0.3333333333333333, 0.8186813186813188, 0.0, 0.0, 0.0], [0.49698606133461, 0.5, 0.8214285714285715, 0.0, 0.0, 0.0], [0.4984929859638214, 0.6666666666666666, 0.8241758241758242, 0.0, 0.0, 0.0], [0.49475452303886414, 0.8333333333333333, 0.826923076923077, 0.0, 0.0, 1.0], [0.502884030342102, 1.0, 0.8296703296703297, 0.0, 0.0, 1.0], [0.5247799754142761, 0.0, 0.8324175824175825, 0.0, 0.0, 0.0], [0.5050289034843445, 0.16666666666666666, 0.8351648351648352, 0.0, 0.0, 0.0]]",0.49698808789253235
39,"[[0.49698606133461, 0.5, 0.8214285714285715, 0.0, 0.0, 0.0], [0.4984929859638214, 0.6666666666666666, 0.8241758241758242, 0.0, 0.0, 0.0], [0.49475452303886414, 0.8333333333333333, 0.826923076923077, 0.0, 0.0, 1.0], [0.502884030342102, 1.0, 0.8296703296703297, 0.0, 0.0, 1.0], [0.5247799754142761, 0.0, 0.8324175824175825, 0.0, 0.0, 0.0], [0.5050289034843445, 0.16666666666666666, 0.8351648351648352, 0.0, 0.0, 0.0], [0.49698808789253235, 0.3333333333333333, 0.8379120879120879, 0.0, 0.0, 0.0]]",0.49987009167671204
40,"[[0.4984929859638214, 0.6666666666666666, 0.8241758241758242, 0.0, 0.0, 0.0], [0.49475452303886414, 0.8333333333333333, 0.826923076923077, 0.0, 0.0, 1.0], [0.502884030342102, 1.0, 0.8296703296703297, 0.0, 0.0, 1.0], [0.5247799754142761, 0.0, 0.8324175824175825, 0.0, 0.0, 0.0], [0.5050289034843445, 0.16666666666666666, 0.8351648351648352, 0.0, 0.0, 0.0], [0.49698808789253235, 0.3333333333333333, 0.8379120879120879, 0.0, 0.0, 0.0], [0.49987009167671204, 0.5, 0.8406593406593407, 0.0, 0.0, 0.0]]",0.5013754963874817
41,"[[0.49475452303886414, 0.8333333333333333, 0.826923076923077, 0.0, 0.0, 1.0], [0.502884030342102, 1.0, 0.8296703296703297, 0.0, 0.0, 1.0], [0.5247799754142761, 0.0, 0.8324175824175825, 0.0, 0.0, 0.0], [0.5050289034843445, 0.16666666666666666, 0.8351648351648352, 0.0, 0.0, 0.0], [0.49698808789253235, 0.3333333333333333, 0.8379120879120879, 0.0, 0.0, 0.0], [0.49987009167671204, 0.5, 0.8406593406593407, 0.0, 0.0, 0.0], [0.5013754963874817, 0.6666666666666666, 0.8434065934065935, 0.0, 0.0, 0.0]]",0.4978361427783966
42,"[[0.502884030342102, 1.0, 0.8296703296703297, 0.0, 0.0, 1.0], [0.5247799754142761, 0.0, 0.8324175824175825, 0.0, 0.0, 0.0], [0.5050289034843445, 0.16666666666666666, 0.8351648351648352, 0.0, 0.0, 0.0], [0.49698808789253235, 0.3333333333333333, 0.8379120879120879, 0.0, 0.0, 0.0], [0.49987009167671204, 0.5, 0.8406593406593407, 0.0, 0.0, 0.0], [0.5013754963874817, 0.6666666666666666, 0.8434065934065935, 0.0, 0.0, 0.0], [0.4978361427783966, 0.8333333333333333, 0.8461538461538463, 0.0, 0.0, 1.0]]",0.5070103406906128
43,"[[0.5247799754142761, 0.0, 0.8324175824175825, 0.0, 0.0, 0.0], [0.5050289034843445, 0.16666666666666666, 0.8351648351648352, 0.0, 0.0, 0.0], [0.49698808789253235, 0.3333333333333333, 0.8379120879120879, 0.0, 0.0, 0.0], [0.49987009167671204, 0.5, 0.8406593406593407, 0.0, 0.0, 0.0], [0.5013754963874817, 0.6666666666666666, 0.8434065934065935, 0.0, 0.0, 0.0], [0.4978361427783966, 0.8333333333333333, 0.8461538461538463, 0.0, 0.0, 1.0], [0.5070103406906128, 1.0, 0.848901098901099, 0.0, 0.0, 1.0]]",0.5296258926391602
44,"[[0.5050289034843445, 0.16666666666666666, 0.8351648351648352, 0.0, 0.0, 0.0], [0.49698808789253235, 0.3333333333333333, 0.8379120879120879, 0.0, 0.0, 0.0], [0.49987009167671204, 0.5, 0.8406593406593407, 0.0, 0.0, 0.0], [0.5013754963874817, 0.6666666666666666, 0.8434065934065935, 0.0, 0.0, 0.0], [0.4978361427783966, 0.8333333333333333, 0.8461538461538463, 0.0, 0.0, 1.0], [0.5070103406906128, 1.0, 0.848901098901099, 0.0, 0.0, 1.0], [0.5296258926391602, 0.0, 0.8516483516483517, 0.0, 0.0, 0.0]]",0.509198009967804
45,"[[0.49698808789253235, 0.3333333333333333, 0.8379120879120879, 0.0, 0.0, 0.0], [0.49987009167671204, 0.5, 0.8406593406593407, 0.0, 0.0, 0.0], [0.5013754963874817, 0.6666666666666666, 0.8434065934065935, 0.0, 0.0, 0.0], [0.4978361427783966, 0.8333333333333333, 0.8461538461538463, 0.0, 0.0, 1.0], [0.5070103406906128, 1.0, 0.848901098901099, 0.0, 0.0, 1.0], [0.5296258926391602, 0.0, 0.8516483516483517, 0.0, 0.0, 0.0], [0.509198009967804, 0.16666666666666666, 0.8543956043956045, 0.0, 0.0, 0.0]]",0.5002922415733337
46,"[[0.49987009167671204, 0.5, 0.8406593406593407, 0.0, 0.0, 0.0], [0.5013754963874817, 0.6666666666666666, 0.8434065934065935, 0.0, 0.0, 0.0], [0.4978361427783966, 0.8333333333333333, 0.8461538461538463, 0.0, 0.0, 1.0], [0.5070103406906128, 1.0, 0.848901098901099, 0.0, 0.0, 1.0], [0.5296258926391602, 0.0, 0.8516483516483517, 0.0, 0.0, 0.0], [0.509198009967804, 0.16666666666666666, 0.8543956043956045, 0.0, 0.0, 0.0], [0.5002922415733337, 0.3333333333333333, 0.8571428571428572, 0.0, 0.0, 0.0]]",0.5027921199798584
47,"[[0.5013754963874817, 0.6666666666666666, 0.8434065934065935, 0.0, 0.0, 0.0], [0.4978361427783966, 0.8333333333333333, 0.8461538461538463, 0.0, 0.0, 1.0], [0.5070103406906128, 1.0, 0.848901098901099, 0.0, 0.0, 1.0], [0.5296258926391602, 0.0, 0.8516483516483517, 0.0, 0.0, 0.0], [0.509198009967804, 0.16666666666666666, 0.8543956043956045, 0.0, 0.0, 0.0], [0.5002922415733337, 0.3333333333333333, 0.8571428571428572, 0.0, 0.0, 0.0], [0.5027921199798584, 0.5, 0.8598901098901099, 0.0, 0.0, 0.0]]",0.5042942762374878
48,"[[0.4978361427783966, 0.8333333333333333, 0.8461538461538463, 0.0, 0.0, 1.0], [0.5070103406906128, 1.0, 0.848901098901099, 0.0, 0.0, 1.0], [0.5296258926391602, 0.0, 0.8516483516483517, 0.0, 0.0, 0.0], [0.509198009967804, 0.16666666666666666, 0.8543956043956045, 0.0, 0.0, 0.0], [0.5002922415733337, 0.3333333333333333, 0.8571428571428572, 0.0, 0.0, 0.0], [0.5027921199798584, 0.5, 0.8598901098901099, 0.0, 0.0, 0.0], [0.5042942762374878, 0.6666666666666666, 0.8626373626373627, 0.0, 0.0, 0.0]]",0.500951886177063
49,"[[0.5070103406906128, 1.0, 0.848901098901099, 0.0, 0.0, 1.0], [0.5296258926391602, 0.0, 0.8516483516483517, 0.0, 0.0, 0.0], [0.509198009967804, 0.16666666666666666, 0.8543956043956045, 0.0, 0.0, 0.0], [0.5002922415733337, 0.3333333333333333, 0.8571428571428572, 0.0, 0.0, 0.0], [0.5027921199798584, 0.5, 0.8598901098901099, 0.0, 0.0, 0.0], [0.5042942762374878, 0.6666666666666666, 0.8626373626373627, 0.0, 0.0, 0.0], [0.500951886177063, 0.8333333333333333, 0.8653846153846154, 0.0, 0.0, 1.0]]",0.5111610889434814
50,"[[0.5296258926391602, 0.0, 0.8516483516483517, 0.0, 0.0, 0.0], [0.509198009967804, 0.16666666666666666, 0.8543956043956045, 0.0, 0.0, 0.0], [0.5002922415733337, 0.3333333333333333, 0.8571428571428572, 0.0, 0.0, 0.0], [0.5027921199798584, 0.5, 0.8598901098901099, 0.0, 0.0, 0.0], [0.5042942762374878, 0.6666666666666666, 0.8626373626373627, 0.0, 0.0, 0.0], [0.500951886177063, 0.8333333333333333, 0.8653846153846154, 0.0, 0.0, 1.0], [0.5111610889434814, 1.0, 0.8681318681318682, 0.0, 0.0, 1.0]]",0.5344892740249634
51,"[[0.509198009967804, 0.16666666666666666, 0.8543956043956045, 0.0, 0.0, 0.0], [0.5002922415733337, 0.3333333333333333, 0.8571428571428572, 0.0, 0.0, 0.0], [0.5027921199798584, 0.5, 0.8598901098901099, 0.0, 0.0, 0.0], [0.5042942762374878, 0.6666666666666666, 0.8626373626373627, 0.0, 0.0, 0.0], [0.500951886177063, 0.8333333333333333, 0.8653846153846154, 0.0, 0.0, 1.0], [0.5111610889434814, 1.0, 0.8681318681318682, 0.0, 0.0, 1.0], [0.5344892740249634, 0.0, 0.8708791208791209, 0.0, 0.0, 0.0]]",0.5133959650993347
52,"[[0.5002922415733337, 0.3333333333333333, 0.8571428571428572, 0.0, 0.0, 0.0], [0.5027921199798584, 0.5, 0.8598901098901099, 0.0, 0.0, 0.0], [0.5042942762374878, 0.6666666666666666, 0.8626373626373627, 0.0, 0.0, 0.0], [0.500951886177063, 0.8333333333333333, 0.8653846153846154, 0.0, 0.0, 1.0], [0.5111610889434814, 1.0, 0.8681318681318682, 0.0, 0.0, 1.0], [0.5344892740249634, 0.0, 0.8708791208791209, 0.0, 0.0, 0.0], [0.5133959650993347, 0.16666666666666666, 0.8736263736263737, 0.0, 0.0, 0.0]]",0.503635823726654
53,"[[0.5027921199798584, 0.5, 0.8598901098901099, 0.0, 0.0, 0.0], [0.5042942762374878, 0.6666666666666666, 0.8626373626373627, 0.0, 0.0, 0.0], [0.500951886177063, 0.8333333333333333, 0.8653846153846154, 0.0, 0.0, 1.0], [0.5111610889434814, 1.0, 0.8681318681318682, 0.0, 0.0, 1.0], [0.5344892740249634, 0.0, 0.8708791208791209, 0.0, 0.0, 0.0], [0.5133959650993347, 0.16666666666666666, 0.8736263736263737, 0.0, 0.0, 0.0], [0.503635823726654, 0.3333333333333333, 0.8763736263736265, 0.0, 0.0, 0.0]]",0.505753755569458
54,"[[0.5042942762374878, 0.6666666666666666, 0.8626373626373627, 0.0, 0.0, 0.0], [0.500951886177063, 0.8333333333333333, 0.8653846153846154, 0.0, 0.0, 1.0], [0.5111610889434814, 1.0, 0.8681318681318682, 0.0, 0.0, 1.0], [0.5344892740249634, 0.0, 0.8708791208791209, 0.0, 0.0, 0.0], [0.5133959650993347, 0.16666666666666666, 0.8736263736263737, 0.0, 0.0, 0.0], [0.503635823726654, 0.3333333333333333, 0.8763736263736265, 0.0, 0.0, 0.0], [0.505753755569458, 0.5, 0.8791208791208792, 0.0, 0.0, 0.0]]",0.5072503089904785
55,"[[0.500951886177063, 0.8333333333333333, 0.8653846153846154, 0.0, 0.0, 1.0], [0.5111610889434814, 1.0, 0.8681318681318682, 0.0, 0.0, 1.0], [0.5344892740249634, 0.0, 0.8708791208791209, 0.0, 0.0, 0.0], [0.5133959650993347, 0.16666666666666666, 0.8736263736263737, 0.0, 0.0, 0.0], [0.503635823726654, 0.3333333333333333, 0.8763736263736265, 0.0, 0.0, 0.0], [0.505753755569458, 0.5, 0.8791208791208792, 0.0, 0.0, 0.0], [0.5072503089904785, 0.6666666666666666, 0.881868131868132, 0.0, 0.0, 0.0]]",0.5041046142578125
56,"[[0.5111610889434814, 1.0, 0.8681318681318682, 0.0, 0.0, 1.0], [0.5344892740249634, 0.0, 0.8708791208791209, 0.0, 0.0, 0.0], [0.5133959650993347, 0.16666666666666666, 0.8736263736263737, 0.0, 0.0, 0.0], [0.503635823726654, 0.3333333333333333, 0.8763736263736265, 0.0, 0.0, 0.0], [0.505753755569458, 0.5, 0.8791208791208792, 0.0, 0.0, 0.0], [0.5072503089904785, 0.6666666666666666, 0.881868131868132, 0.0, 0.0, 0.0], [0.5041046142578125, 0.8333333333333333, 0.8846153846153847, 0.0, 0.0, 1.0]]",0.5153364539146423
57,"[[0.5344892740249634, 0.0, 0.8708791208791209, 0.0, 0.0, 0.0], [0.5133959650993347, 0.16666666666666666, 0.8736263736263737, 0.0, 0.0, 0.0], [0.503635823726654, 0.3333333333333333, 0.8763736263736265, 0.0, 0.0, 0.0], [0.505753755569458, 0.5, 0.8791208791208792, 0.0, 0.0, 0.0], [0.5072503089904785, 0.6666666666666666, 0.881868131868132, 0.0, 0.0, 0.0], [0.5041046142578125, 0.8333333333333333, 0.8846153846153847, 0.0, 0.0, 1.0], [0.5153364539146423, 1.0, 0.8873626373626374, 0.0, 0.0, 1.0]]",0.5393688678741455
58,"[[0.5133959650993347, 0.16666666666666666, 0.8736263736263737, 0.0, 0.0, 0.0], [0.503635823726654, 0.3333333333333333, 0.8763736263736265, 0.0, 0.0, 0.0], [0.505753755569458, 0.5, 0.8791208791208792, 0.0, 0.0, 0.0], [0.5072503089904785, 0.6666666666666666, 0.881868131868132, 0.0, 0.0, 0.0], [0.5041046142578125, 0.8333333333333333, 0.8846153846153847, 0.0, 0.0, 1.0], [0.5153364539146423, 1.0, 0.8873626373626374, 0.0, 0.0, 1.0], [0.5393688678741455, 0.0, 0.8901098901098902, 0.0, 0.0, 0.0]]",0.5176239013671875
59,"[[0.503635823726654, 0.3333333333333333, 0.8763736263736265, 0.0, 0.0, 0.0], [0.505753755569458, 0.5, 0.8791208791208792, 0.0, 0.0, 0.0], [0.5072503089904785, 0.6666666666666666, 0.881868131868132, 0.0, 0.0, 0.0], [0.5041046142578125, 0.8333333333333333, 0.8846153846153847, 0.0, 0.0, 1.0], [0.5153364539146423, 1.0, 0.8873626373626374, 0.0, 0.0, 1.0], [0.5393688678741455, 0.0, 0.8901098901098902, 0.0, 0.0, 0.0], [0.5176239013671875, 0.16666666666666666, 0.8928571428571429, 0.0, 0.0, 0.0]]",0.5070195198059082
60,"[[0.505753755569458, 0.5, 0.8791208791208792, 0.0, 0.0, 0.0], [0.5072503089904785, 0.6666666666666666, 0.881868131868132, 0.0, 0.0, 0.0], [0.5041046142578125, 0.8333333333333333, 0.8846153846153847, 0.0, 0.0, 1.0], [0.5153364539146423, 1.0, 0.8873626373626374, 0.0, 0.0, 1.0], [0.5393688678741455, 0.0, 0.8901098901098902, 0.0, 0.0, 0.0], [0.5176239013671875, 0.16666666666666666, 0.8928571428571429, 0.0, 0.0, 0.0], [0.5070195198059082, 0.3333333333333333, 0.8956043956043956, 0.0, 0.0, 0.0]]",0.5087558031082153
61,"[[0.5072503089904785, 0.6666666666666666, 0.881868131868132, 0.0, 0.0, 0.0], [0.5041046142578125, 0.8333333333333333, 0.8846153846153847, 0.0, 0.0, 1.0], [0.5153364539146423, 1.0, 0.8873626373626374, 0.0, 0.0, 1.0], [0.5393688678741455, 0.0, 0.8901098901098902, 0.0, 0.0, 0.0], [0.5176239013671875, 0.16666666666666666, 0.8928571428571429, 0.0, 0.0, 0.0], [0.5070195198059082, 0.3333333333333333, 0.8956043956043956, 0.0, 0.0, 0.0], [0.5087558031082153, 0.5, 0.8983516483516484, 1.0, 0.0, 0.0]]",0.073588065803051
62,"[[0.5041046142578125, 0.8333333333333333, 0.8846153846153847, 0.0, 0.0, 1.0], [0.5153364539146423, 1.0, 0.8873626373626374, 0.0, 0.0, 1.0], [0.5393688678741455, 0.0, 0.8901098901098902, 0.0, 0.0, 0.0], [0.5176239013671875, 0.16666666666666666, 0.8928571428571429, 0.0, 0.0, 0.0], [0.5070195198059082, 0.3333333333333333, 0.8956043956043956, 0.0, 0.0, 0.0], [0.5087558031082153, 0.5, 0.8983516483516484, 1.0, 0.0, 0.0], [0.073588065803051, 0.6666666666666666, 0.9010989010989011, 0.0, 0.0, 0.0]]",0.1536080539226532
63,"[[0.5153364539146423, 1.0, 0.8873626373626374, 0.0, 0.0, 1.0], [0.5393688678741455, 0.0, 0.8901098901098902, 0.0, 0.0, 0.0], [0.5176239013671875, 0.16666666666666666, 0.8928571428571429, 0.0, 0.0, 0.0], [0.5070195198059082, 0.3333333333333333, 0.8956043956043956, 0.0, 0.0, 0.0], [0.5087558031082153, 0.5, 0.8983516483516484, 1.0, 0.0, 0.0], [0.073588065803051, 0.6666666666666666, 0.9010989010989011, 0.0, 0.0, 0.0], [0.1536080539226532, 0.8333333333333333, 0.903846153846154, 0.0, 0.0, 1.0]]",0.3048631548881531
64,"[[0.5393688678741455, 0.0, 0.8901098901098902, 0.0, 0.0, 0.0], [0.5176239013671875, 0.16666666666666666, 0.8928571428571429, 0.0, 0.0, 0.0], [0.5070195198059082, 0.3333333333333333, 0.8956043956043956, 0.0, 0.0, 0.0], [0.5087558031082153, 0.5, 0.8983516483516484, 1.0, 0.0, 0.0], [0.073588065803051, 0.6666666666666666, 0.9010989010989011, 0.0, 0.0, 0.0], [0.1536080539226532, 0.8333333333333333, 0.903846153846154, 0.0, 0.0, 1.0], [0.3048631548881531, 1.0, 0.9065934065934067, 0.0, 0.0, 1.0]]",0.40742722153663635
65,"[[0.5176239013671875, 0.16666666666666666, 0.8928571428571429, 0.0, 0.0, 0.0], [0.5070195198059082, 0.3333333333333333, 0.8956043956043956, 0.0, 0.0, 0.0], [0.5087558031082153, 0.5, 0.8983516483516484, 1.0, 0.0, 0.0], [0.073588065803051, 0.6666666666666666, 0.9010989010989011, 0.0, 0.0, 0.0], [0.1536080539226532, 0.8333333333333333, 0.903846153846154, 0.0, 0.0, 1.0], [0.3048631548881531, 1.0, 0.9065934065934067, 0.0, 0.0, 1.0], [0.40742722153663635, 0.0, 0.9093406593406594, 0.0, 0.0, 0.0]]",0.42886099219322205
66,"[[0.5070195198059082, 0.3333333333333333, 0.8956043956043956, 0.0, 0.0, 0.0], [0.5087558031082153, 0.5, 0.8983516483516484, 1.0, 0.0, 0.0], [0.073588065803051, 0.6666666666666666, 0.9010989010989011, 0.0, 0.0, 0.0], [0.1536080539226532, 0.8333333333333333, 0.903846153846154, 0.0, 0.0, 1.0], [0.3048631548881531, 1.0, 0.9065934065934067, 0.0, 0.0, 1.0], [0.40742722153663635, 0.0, 0.9093406593406594, 0.0, 0.0, 0.0], [0.42886099219322205, 0.16666666666666666, 0.9120879120879122, 0.0, 0.0, 0.0]]",0.44556429982185364
67,"[[0.5087558031082153, 0.5, 0.8983516483516484, 1.0, 0.0, 0.0], [0.073588065803051, 0.6666666666666666, 0.9010989010989011, 0.0, 0.0, 0.0], [0.1536080539226532, 0.8333333333333333, 0.903846153846154, 0.0, 0.0, 1.0], [0.3048631548881531, 1.0, 0.9065934065934067, 0.0, 0.0, 1.0], [0.40742722153663635, 0.0, 0.9093406593406594, 0.0, 0.0, 0.0], [0.42886099219322205, 0.16666666666666666, 0.9120879120879122, 0.0, 0.0, 0.0], [0.44556429982185364, 0.3333333333333333, 0.9148351648351649, 0.0, 0.0, 0.0]]",0.4615354835987091
68,"[[0.073588065803051, 0.6666666666666666, 0.9010989010989011, 0.0, 0.0, 0.0], [0.1536080539226532, 0.8333333333333333, 0.903846153846154, 0.0, 0.0, 1.0], [0.3048631548881531, 1.0, 0.9065934065934067, 0.0, 0.0, 1.0], [0.40742722153663635, 0.0, 0.9093406593406594, 0.0, 0.0, 0.0], [0.42886099219322205, 0.16666666666666666, 0.9120879120879122, 0.0, 0.0, 0.0], [0.44556429982185364, 0.3333333333333333, 0.9148351648351649, 0.0, 0.0, 0.0], [0.4615354835987091, 0.5, 0.9175824175824177, 0.0, 0.0, 0.0]]",0.4748084843158722
69,"[[0.1536080539226532, 0.8333333333333333, 0.903846153846154, 0.0, 0.0, 1.0], [0.3048631548881531, 1.0, 0.9065934065934067, 0.0, 0.0, 1.0], [0.40742722153663635, 0.0, 0.9093406593406594, 0.0, 0.0, 0.0], [0.42886099219322205, 0.16666666666666666, 0.9120879120879122, 0.0, 0.0, 0.0], [0.44556429982185364, 0.3333333333333333, 0.9148351648351649, 0.0, 0.0, 0.0], [0.4615354835987091, 0.5, 0.9175824175824177, 0.0, 0.0, 0.0], [0.4748084843158722, 0.6666666666666666, 0.9203296703296704, 0.0, 0.0, 0.0]]",0.48275938630104065
70,"[[0.3048631548881531, 1.0, 0.9065934065934067, 0.0, 0.0, 1.0], [0.40742722153663635, 0.0, 0.9093406593406594, 0.0, 0.0, 0.0], [0.42886099219322205, 0.16666666666666666, 0.9120879120879122, 0.0, 0.0, 0.0], [0.44556429982185364, 0.3333333333333333, 0.9148351648351649, 0.0, 0.0, 0.0], [0.4615354835987091, 0.5, 0.9175824175824177, 0.0, 0.0, 0.0], [0.4748084843158722, 0.6666666666666666, 0.9203296703296704, 0.0, 0.0, 0.0], [0.48275938630104065, 0.8333333333333333, 0.9230769230769231, 0.0, 0.0, 1.0]]",0.5045023560523987
71,"[[0.40742722153663635, 0.0, 0.9093406593406594, 0.0, 0.0, 0.0], [0.42886099219322205, 0.16666666666666666, 0.9120879120879122, 0.0, 0.0, 0.0], [0.44556429982185364, 0.3333333333333333, 0.9148351648351649, 0.0, 0.0, 0.0], [0.4615354835987091, 0.5, 0.9175824175824177, 0.0, 0.0, 0.0], [0.4748084843158722, 0.6666666666666666, 0.9203296703296704, 0.0, 0.0, 0.0], [0.48275938630104065, 0.8333333333333333, 0.9230769230769231, 0.0, 0.0, 1.0], [0.5045023560523987, 1.0, 0.9258241758241759, 0.0, 0.0, 1.0]]",0.535387396812439
72,"[[0.42886099219322205, 0.16666666666666666, 0.9120879120879122, 0.0, 0.0, 0.0], [0.44556429982185364, 0.3333333333333333, 0.9148351648351649, 0.0, 0.0, 0.0], [0.4615354835987091, 0.5, 0.9175824175824177, 0.0, 0.0, 0.0], [0.4748084843158722, 0.6666666666666666, 0.9203296703296704, 0.0, 0.0, 0.0], [0.48275938630104065, 0.8333333333333333, 0.9230769230769231, 0.0, 0.0, 1.0], [0.5045023560523987, 1.0, 0.9258241758241759, 0.0, 0.0, 1.0], [0.535387396812439, 0.0, 0.9285714285714286, 0.0, 0.0, 0.0]]",0.5165252685546875
73,"[[0.44556429982185364, 0.3333333333333333, 0.9148351648351649, 0.0, 0.0, 0.0], [0.4615354835987091, 0.5, 0.9175824175824177, 0.0, 0.0, 0.0], [0.4748084843158722, 0.6666666666666666, 0.9203296703296704, 0.0, 0.0, 0.0], [0.48275938630104065, 0.8333333333333333, 0.9230769230769231, 0.0, 0.0, 1.0], [0.5045023560523987, 1.0, 0.9258241758241759, 0.0, 0.0, 1.0], [0.535387396812439, 0.0, 0.9285714285714286, 0.0, 0.0, 0.0], [0.5165252685546875, 0.16666666666666666, 0.9313186813186813, 0.0, 0.0, 0.0]]",0.5072157979011536
74,"[[0.4615354835987091, 0.5, 0.9175824175824177, 0.0, 0.0, 0.0], [0.4748084843158722, 0.6666666666666666, 0.9203296703296704, 0.0, 0.0, 0.0], [0.48275938630104065, 0.8333333333333333, 0.9230769230769231, 0.0, 0.0, 1.0], [0.5045023560523987, 1.0, 0.9258241758241759, 0.0, 0.0, 1.0], [0.535387396812439, 0.0, 0.9285714285714286, 0.0, 0.0, 0.0], [0.5165252685546875, 0.16666666666666666, 0.9313186813186813, 0.0, 0.0, 0.0], [0.5072157979011536, 0.3333333333333333, 0.9340659340659342, 0.0, 0.0, 0.0]]",0.5100375413894653
75,"[[0.4748084843158722, 0.6666666666666666, 0.9203296703296704, 0.0, 0.0, 0.0], [0.48275938630104065, 0.8333333333333333, 0.9230769230769231, 0.0, 0.0, 1.0], [0.5045023560523987, 1.0, 0.9258241758241759, 0.0, 0.0, 1.0], [0.535387396812439, 0.0, 0.9285714285714286, 0.0, 0.0, 0.0], [0.5165252685546875, 0.16666666666666666, 0.9313186813186813, 0.0, 0.0, 0.0], [0.5072157979011536, 0.3333333333333333, 0.9340659340659342, 0.0, 0.0, 0.0], [0.5100375413894653, 0.5, 0.9368131868131869, 0.0, 0.0, 0.0]]",0.5128024816513062
76,"[[0.48275938630104065, 0.8333333333333333, 0.9230769230769231, 0.0, 0.0, 1.0], [0.5045023560523987, 1.0, 0.9258241758241759, 0.0, 0.0, 1.0], [0.535387396812439, 0.0, 0.9285714285714286, 0.0, 0.0, 0.0], [0.5165252685546875, 0.16666666666666666, 0.9313186813186813, 0.0, 0.0, 0.0], [0.5072157979011536, 0.3333333333333333, 0.9340659340659342, 0.0, 0.0, 0.0], [0.5100375413894653, 0.5, 0.9368131868131869, 0.0, 0.0, 0.0], [0.5128024816513062, 0.6666666666666666, 0.9395604395604397, 0.0, 0.0, 0.0]]",0.5112138986587524
77,"[[0.5045023560523987, 1.0, 0.9258241758241759, 0.0, 0.0, 1.0], [0.535387396812439, 0.0, 0.9285714285714286, 0.0, 0.0, 0.0], [0.5165252685546875, 0.16666666666666666, 0.9313186813186813, 0.0, 0.0, 0.0], [0.5072157979011536, 0.3333333333333333, 0.9340659340659342, 0.0, 0.0, 0.0], [0.5100375413894653, 0.5, 0.9368131868131869, 0.0, 0.0, 0.0], [0.5128024816513062, 0.6666666666666666, 0.9395604395604397, 0.0, 0.0, 0.0], [0.5112138986587524, 0.8333333333333333, 0.9423076923076924, 0.0, 0.0, 1.0]]",0.5261558890342712
78,"[[0.535387396812439, 0.0, 0.9285714285714286, 0.0, 0.0, 0.0], [0.5165252685546875, 0.16666666666666666, 0.9313186813186813, 0.0, 0.0, 0.0], [0.5072157979011536, 0.3333333333333333, 0.9340659340659342, 0.0, 0.0, 0.0], [0.5100375413894653, 0.5, 0.9368131868131869, 0.0, 0.0, 0.0], [0.5128024816513062, 0.6666666666666666, 0.9395604395604397, 0.0, 0.0, 0.0], [0.5112138986587524, 0.8333333333333333, 0.9423076923076924, 0.0, 0.0, 1.0], [0.5261558890342712, 1.0, 0.9450549450549451, 0.0, 0.0, 1.0]]",0.5527485609054565
79,"[[0.5165252685546875, 0.16666666666666666, 0.9313186813186813, 0.0, 0.0, 0.0], [0.5072157979011536, 0.3333333333333333, 0.9340659340659342, 0.0, 0.0, 0.0], [0.5100375413894653, 0.5, 0.9368131868131869, 0.0, 0.0, 0.0], [0.5128024816513062, 0.6666666666666666, 0.9395604395604397, 0.0, 0.0, 0.0], [0.5112138986587524, 0.8333333333333333, 0.9423076923076924, 0.0, 0.0, 1.0], [0.5261558890342712, 1.0, 0.9450549450549451, 0.0, 0.0, 1.0], [0.5527485609054565, 0.0, 0.9478021978021979, 0.0, 0.0, 0.0]]",0.5295339226722717
80,"[[0.5072157979011536, 0.3333333333333333, 0.9340659340659342, 0.0, 0.0, 0.0], [0.5100375413894653, 0.5, 0.9368131868131869, 0.0, 0.0, 0.0], [0.5128024816513062, 0.6666666666666666, 0.9395604395604397, 0.0, 0.0, 0.0], [0.5112138986587524, 0.8333333333333333, 0.9423076923076924, 0.0, 0.0, 1.0], [0.5261558890342712, 1.0, 0.9450549450549451, 0.0, 0.0, 1.0], [0.5527485609054565, 0.0, 0.9478021978021979, 0.0, 0.0, 0.0], [0.5295339226722717, 0.16666666666666666, 0.9505494505494506, 0.0, 0.0, 0.0]]",0.516759991645813
81,"[[0.5100375413894653, 0.5, 0.9368131868131869, 0.0, 0.0, 0.0], [0.5128024816513062, 0.6666666666666666, 0.9395604395604397, 0.0, 0.0, 0.0], [0.5112138986587524, 0.8333333333333333, 0.9423076923076924, 0.0, 0.0, 1.0], [0.5261558890342712, 1.0, 0.9450549450549451, 0.0, 0.0, 1.0], [0.5527485609054565, 0.0, 0.9478021978021979, 0.0, 0.0, 0.0], [0.5295339226722717, 0.16666666666666666, 0.9505494505494506, 0.0, 0.0, 0.0], [0.516759991645813, 0.3333333333333333, 0.9532967032967034, 0.0, 0.0, 0.0]]",0.5175454616546631
82,"[[0.5128024816513062, 0.6666666666666666, 0.9395604395604397, 0.0, 0.0, 0.0], [0.5112138986587524, 0.8333333333333333, 0.9423076923076924, 0.0, 0.0, 1.0], [0.5261558890342712, 1.0, 0.9450549450549451, 0.0, 0.0, 1.0], [0.5527485609054565, 0.0, 0.9478021978021979, 0.0, 0.0, 0.0], [0.5295339226722717, 0.16666666666666666, 0.9505494505494506, 0.0, 0.0, 0.0], [0.516759991645813, 0.3333333333333333, 0.9532967032967034, 0.0, 0.0, 0.0], [0.5175454616546631, 0.5, 0.9560439560439561, 0.0, 0.0, 0.0]]",0.5191259384155273
83,"[[0.5112138986587524, 0.8333333333333333, 0.9423076923076924, 0.0, 0.0, 1.0], [0.5261558890342712, 1.0, 0.9450549450549451, 0.0, 0.0, 1.0], [0.5527485609054565, 0.0, 0.9478021978021979, 0.0, 0.0, 0.0], [0.5295339226722717, 0.16666666666666666, 0.9505494505494506, 0.0, 0.0, 0.0], [0.516759991645813, 0.3333333333333333, 0.9532967032967034, 0.0, 0.0, 0.0], [0.5175454616546631, 0.5, 0.9560439560439561, 0.0, 0.0, 0.0], [0.5191259384155273, 0.6666666666666666, 0.9587912087912088, 0.0, 0.0, 0.0]]",0.5168321132659912
84,"[[0.5261558890342712, 1.0, 0.9450549450549451, 0.0, 0.0, 1.0], [0.5527485609054565, 0.0, 0.9478021978021979, 0.0, 0.0, 0.0], [0.5295339226722717, 0.16666666666666666, 0.9505494505494506, 0.0, 0.0, 0.0], [0.516759991645813, 0.3333333333333333, 0.9532967032967034, 0.0, 0.0, 0.0], [0.5175454616546631, 0.5, 0.9560439560439561, 0.0, 0.0, 0.0], [0.5191259384155273, 0.6666666666666666, 0.9587912087912088, 0.0, 0.0, 0.0], [0.5168321132659912, 0.8333333333333333, 0.9615384615384616, 0.0, 0.0, 1.0]]",0.5321076512336731
85,"[[0.5527485609054565, 0.0, 0.9478021978021979, 0.0, 0.0, 0.0], [0.5295339226722717, 0.16666666666666666, 0.9505494505494506, 0.0, 0.0, 0.0], [0.516759991645813, 0.3333333333333333, 0.9532967032967034, 0.0, 0.0, 0.0], [0.5175454616546631, 0.5, 0.9560439560439561, 0.0, 0.0, 0.0], [0.5191259384155273, 0.6666666666666666, 0.9587912087912088, 0.0, 0.0, 0.0], [0.5168321132659912, 0.8333333333333333, 0.9615384615384616, 0.0, 0.0, 1.0], [0.5321076512336731, 1.0, 0.9642857142857144, 0.0, 0.0, 1.0]]",0.5589239597320557
86,"[[0.5295339226722717, 0.16666666666666666, 0.9505494505494506, 0.0, 0.0, 0.0], [0.516759991645813, 0.3333333333333333, 0.9532967032967034, 0.0, 0.0, 0.0], [0.5175454616546631, 0.5, 0.9560439560439561, 0.0, 0.0, 0.0], [0.5191259384155273, 0.6666666666666666, 0.9587912087912088, 0.0, 0.0, 0.0], [0.5168321132659912, 0.8333333333333333, 0.9615384615384616, 0.0, 0.0, 1.0], [0.5321076512336731, 1.0, 0.9642857142857144, 0.0, 0.0, 1.0], [0.5589239597320557, 0.0, 0.9670329670329672, 0.0, 0.0, 0.0]]",0.5347340106964111
87,"[[0.516759991645813, 0.3333333333333333, 0.9532967032967034, 0.0, 0.0, 0.0], [0.5175454616546631, 0.5, 0.9560439560439561, 0.0, 0.0, 0.0], [0.5191259384155273, 0.6666666666666666, 0.9587912087912088, 0.0, 0.0, 0.0], [0.5168321132659912, 0.8333333333333333, 0.9615384615384616, 0.0, 0.0, 1.0], [0.5321076512336731, 1.0, 0.9642857142857144, 0.0, 0.0, 1.0], [0.5589239597320557, 0.0, 0.9670329670329672, 0.0, 0.0, 0.0], [0.5347340106964111, 0.16666666666666666, 0.9697802197802199, 0.0, 0.0, 0.0]]",0.5208900570869446
88,"[[0.5175454616546631, 0.5, 0.9560439560439561, 0.0, 0.0, 0.0], [0.5191259384155273, 0.6666666666666666, 0.9587912087912088, 0.0, 0.0, 0.0], [0.5168321132659912, 0.8333333333333333, 0.9615384615384616, 0.0, 0.0, 1.0], [0.5321076512336731, 1.0, 0.9642857142857144, 0.0, 0.0, 1.0], [0.5589239597320557, 0.0, 0.9670329670329672, 0.0, 0.0, 0.0], [0.5347340106964111, 0.16666666666666666, 0.9697802197802199, 0.0, 0.0, 0.0], [0.5208900570869446, 0.3333333333333333, 0.9725274725274726, 0.0, 0.0, 0.0]]",0.5211310386657715
89,"[[0.5191259384155273, 0.6666666666666666, 0.9587912087912088, 0.0, 0.0, 0.0], [0.5168321132659912, 0.8333333333333333, 0.9615384615384616, 0.0, 0.0, 1.0], [0.5321076512336731, 1.0, 0.9642857142857144, 0.0, 0.0, 1.0], [0.5589239597320557, 0.0, 0.9670329670329672, 0.0, 0.0, 0.0], [0.5347340106964111, 0.16666666666666666, 0.9697802197802199, 0.0, 0.0, 0.0], [0.5208900570869446, 0.3333333333333333, 0.9725274725274726, 0.0, 0.0, 0.0], [0.5211310386657715, 0.5, 0.9752747252747254, 0.0, 0.0, 0.0]]",0.5225810408592224
90,"[[0.5168321132659912, 0.8333333333333333, 0.9615384615384616, 0.0, 0.0, 1.0], [0.5321076512336731, 1.0, 0.9642857142857144, 0.0, 0.0, 1.0], [0.5589239597320557, 0.0, 0.9670329670329672, 0.0, 0.0, 0.0], [0.5347340106964111, 0.16666666666666666, 0.9697802197802199, 0.0, 0.0, 0.0], [0.5208900570869446, 0.3333333333333333, 0.9725274725274726, 0.0, 0.0, 0.0], [0.5211310386657715, 0.5, 0.9752747252747254, 0.0, 0.0, 0.0], [0.5225810408592224, 0.6666666666666666, 0.9780219780219781, 0.0, 0.0, 0.0]]",0.5203880667686462
91,"[[0.5321076512336731, 1.0, 0.9642857142857144, 0.0, 0.0, 1.0], [0.5589239597320557, 0.0, 0.9670329670329672, 0.0, 0.0, 0.0], [0.5347340106964111, 0.16666666666666666, 0.9697802197802199, 0.0, 0.0, 0.0], [0.5208900570869446, 0.3333333333333333, 0.9725274725274726, 0.0, 0.0, 0.0], [0.5211310386657715, 0.5, 0.9752747252747254, 0.0, 0.0, 0.0], [0.5225810408592224, 0.6666666666666666, 0.9780219780219781, 0.0, 0.0, 0.0], [0.5203880667686462, 0.8333333333333333, 0.9807692307692308, 0.0, 0.0, 1.0]]",0.5365673303604126
92,"[[0.5589239597320557, 0.0, 0.9670329670329672, 0.0, 0.0, 0.0], [0.5347340106964111, 0.16666666666666666, 0.9697802197802199, 0.0, 0.0, 0.0], [0.5208900570869446, 0.3333333333333333, 0.9725274725274726, 0.0, 0.0, 0.0], [0.5211310386657715, 0.5, 0.9752747252747254, 0.0, 0.0, 0.0], [0.5225810408592224, 0.6666666666666666, 0.9780219780219781, 0.0, 0.0, 0.0], [0.5203880667686462, 0.8333333333333333, 0.9807692307692308, 0.0, 0.0, 1.0], [0.5365673303604126, 1.0, 0.9835164835164836, 0.0, 1.0, 1.0]]",0.09179035574197769
93,"[[0.5347340106964111, 0.16666666666666666, 0.9697802197802199, 0.0, 0.0, 0.0], [0.5208900570869446, 0.3333333333333333, 0.9725274725274726, 0.0, 0.0, 0.0], [0.5211310386657715, 0.5, 0.9752747252747254, 0.0, 0.0, 0.0], [0.5225810408592224, 0.6666666666666666, 0.9780219780219781, 0.0, 0.0, 0.0], [0.5203880667686462, 0.8333333333333333, 0.9807692307692308, 0.0, 0.0, 1.0], [0.5365673303604126, 1.0, 0.9835164835164836, 0.0, 1.0, 1.0], [0.09179035574197769, 0.0, 0.9862637362637363, 0.0, 0.0, 0.0]]",0.33285725116729736
94,"[[0.5208900570869446, 0.3333333333333333, 0.9725274725274726, 0.0, 0.0, 0.0], [0.5211310386657715, 0.5, 0.9752747252747254, 0.0, 0.0, 0.0], [0.5225810408592224, 0.6666666666666666, 0.9780219780219781, 0.0, 0.0, 0.0], [0.5203880667686462, 0.8333333333333333, 0.9807692307692308, 0.0, 0.0, 1.0], [0.5365673303604126, 1.0, 0.9835164835164836, 0.0, 1.0, 1.0], [0.09179035574197769, 0.0, 0.9862637362637363, 0.0, 0.0, 0.0], [0.33285725116729736, 0.16666666666666666, 0.989010989010989, 0.0, 0.0, 0.0]]",0.43672922253608704
95,"[[0.5211310386657715, 0.5, 0.9752747252747254, 0.0, 0.0, 0.0], [0.5225810408592224, 0.6666666666666666, 0.9780219780219781, 0.0, 0.0, 0.0], [0.5203880667686462, 0.8333333333333333, 0.9807692307692308, 0.0, 0.0, 1.0], [0.5365673303604126, 1.0, 0.9835164835164836, 0.0, 1.0, 1.0], [0.09179035574197769, 0.0, 0.9862637362637363, 0.0, 0.0, 0.0], [0.33285725116729736, 0.16666666666666666, 0.989010989010989, 0.0, 0.0, 0.0], [0.43672922253608704, 0.3333333333333333, 0.9917582417582418, 0.0, 0.0, 0.0]]",0.4949624836444855
96,"[[0.5225810408592224, 0.6666666666666666, 0.9780219780219781, 0.0, 0.0, 0.0], [0.5203880667686462, 0.8333333333333333, 0.9807692307692308, 0.0, 0.0, 1.0], [0.5365673303604126, 1.0, 0.9835164835164836, 0.0, 1.0, 1.0], [0.09179035574197769, 0.0, 0.9862637362637363, 0.0, 0.0, 0.0], [0.33285725116729736, 0.16666666666666666, 0.989010989010989, 0.0, 0.0, 0.0], [0.43672922253608704, 0.3333333333333333, 0.9917582417582418, 0.0, 0.0, 0.0], [0.4949624836444855, 0.5, 0.9945054945054946, 0.0, 0.0, 0.0]]",0.5193305015563965
97,"[[0.5203880667686462, 0.8333333333333333, 0.9807692307692308, 0.0, 0.0, 1.0], [0.5365673303604126, 1.0, 0.9835164835164836, 0.0, 1.0, 1.0], [0.09179035574197769, 0.0, 0.9862637362637363, 0.0, 0.0, 0.0], [0.33285725116729736, 0.16666666666666666, 0.989010989010989, 0.0, 0.0, 0.0], [0.43672922253608704, 0.3333333333333333, 0.9917582417582418, 0.0, 0.0, 0.0], [0.4949624836444855, 0.5, 0.9945054945054946, 0.0, 0.0, 0.0], [0.5193305015563965, 0.6666666666666666, 0.9972527472527474, 0.0, 0.0, 0.0]]",0.52222740650177
98,"[[0.5365673303604126, 1.0, 0.9835164835164836, 0.0, 1.0, 1.0], [0.09179035574197769, 0.0, 0.9862637362637363, 0.0, 0.0, 0.0], [0.33285725116729736, 0.16666666666666666, 0.989010989010989, 0.0, 0.0, 0.0], [0.43672922253608704, 0.3333333333333333, 0.9917582417582418, 0.0, 0.0, 0.0], [0.4949624836444855, 0.5, 0.9945054945054946, 0.0, 0.0, 0.0], [0.5193305015563965, 0.6666666666666666, 0.9972527472527474, 0.0, 0.0, 0.0], [0.52222740650177, 0.8333333333333333, 1.0, 0.0, 0.0, 1.0]]",0.5381125807762146
99,"[[0.09179035574197769, 0.0, 0.9862637362637363, 0.0, 0.0, 0.0], [0.33285725116729736, 0.16666666666666666, 0.989010989010989, 0.0, 0.0, 0.0], [0.43672922253608704, 0.3333333333333333, 0.9917582417582418, 0.0, 0.0, 0.0], [0.4949624836444855, 0.5, 0.9945054945054946, 0.0, 0.0, 0.0], [0.5193305015563965, 0.6666666666666666, 0.9972527472527474, 0.0, 0.0, 0.0], [0.52222740650177, 0.8333333333333333, 1.0, 0.0, 0.0, 1.0], [0.5381125807762146, 1.0, 0.0, 0.0, 0.0, 1.0]]",0.4769841134548187
100,"[[0.33285725116729736, 0.16666666666666666, 0.989010989010989, 0.0, 0.0, 0.0], [0.43672922253608704, 0.3333333333333333, 0.9917582417582418, 0.0, 0.0, 0.0], [0.4949624836444855, 0.5, 0.9945054945054946, 0.0, 0.0, 0.0], [0.5193305015563965, 0.6666666666666666, 0.9972527472527474, 0.0, 0.0, 0.0], [0.52222740650177, 0.8333333333333333, 1.0, 0.0, 0.0, 1.0], [0.5381125807762146, 1.0, 0.0, 0.0, 0.0, 1.0], [0.4769841134548187, 0.0, 0.0027472527472527475, 0.0, 0.0, 0.0]]",0.4142128527164459
101,"[[0.43672922253608704, 0.3333333333333333, 0.9917582417582418, 0.0, 0.0, 0.0], [0.4949624836444855, 0.5, 0.9945054945054946, 0.0, 0.0, 0.0], [0.5193305015563965, 0.6666666666666666, 0.9972527472527474, 0.0, 0.0, 0.0], [0.52222740650177, 0.8333333333333333, 1.0, 0.0, 0.0, 1.0], [0.5381125807762146, 1.0, 0.0, 0.0, 0.0, 1.0], [0.4769841134548187, 0.0, 0.0027472527472527475, 0.0, 0.0, 0.0], [0.4142128527164459, 0.16666666666666666, 0.005494505494505495, 0.0, 0.0, 0.0]]",0.39060404896736145
102,"[[0.4949624836444855, 0.5, 0.9945054945054946, 0.0, 0.0, 0.0], [0.5193305015563965, 0.6666666666666666, 0.9972527472527474, 0.0, 0.0, 0.0], [0.52222740650177, 0.8333333333333333, 1.0, 0.0, 0.0, 1.0], [0.5381125807762146, 1.0, 0.0, 0.0, 0.0, 1.0], [0.4769841134548187, 0.0, 0.0027472527472527475, 0.0, 0.0, 0.0], [0.4142128527164459, 0.16666666666666666, 0.005494505494505495, 0.0, 0.0, 0.0], [0.39060404896736145, 0.3333333333333333, 0.008241758241758242, 0.0, 0.0, 0.0]]",0.39143645763397217
103,"[[0.5193305015563965, 0.6666666666666666, 0.9972527472527474, 0.0, 0.0, 0.0], [0.52222740650177, 0.8333333333333333, 1.0, 0.0, 0.0, 1.0], [0.5381125807762146, 1.0, 0.0, 0.0, 0.0, 1.0], [0.4769841134548187, 0.0, 0.0027472527472527475, 0.0, 0.0, 0.0], [0.4142128527164459, 0.16666666666666666, 0.005494505494505495, 0.0, 0.0, 0.0], [0.39060404896736145, 0.3333333333333333, 0.008241758241758242, 0.0, 0.0, 0.0], [0.39143645763397217, 0.5, 0.01098901098901099, 0.0, 0.0, 0.0]]",0.3948167860507965
104,"[[0.52222740650177, 0.8333333333333333, 1.0, 0.0, 0.0, 1.0], [0.5381125807762146, 1.0, 0.0, 0.0, 0.0, 1.0], [0.4769841134548187, 0.0, 0.0027472527472527475, 0.0, 0.0, 0.0], [0.4142128527164459, 0.16666666666666666, 0.005494505494505495, 0.0, 0.0, 0.0], [0.39060404896736145, 0.3333333333333333, 0.008241758241758242, 0.0, 0.0, 0.0], [0.39143645763397217, 0.5, 0.01098901098901099, 0.0, 0.0, 0.0], [0.3948167860507965, 0.6666666666666666, 0.013736263736263738, 0.0, 0.0, 0.0]]",0.39188089966773987
105,"[[0.5381125807762146, 1.0, 0.0, 0.0, 0.0, 1.0], [0.4769841134548187, 0.0, 0.0027472527472527475, 0.0, 0.0, 0.0], [0.4142128527164459, 0.16666666666666666, 0.005494505494505495, 0.0, 0.0, 0.0], [0.39060404896736145, 0.3333333333333333, 0.008241758241758242, 0.0, 0.0, 0.0], [0.39143645763397217, 0.5, 0.01098901098901099, 0.0, 0.0, 0.0], [0.3948167860507965, 0.6666666666666666, 0.013736263736263738, 0.0, 0.0, 0.0], [0.39188089966773987, 0.8333333333333333, 0.016483516483516484, 0.0, 0.0, 1.0]]",0.36120468378067017
106,"[[0.4769841134548187, 0.0, 0.0027472527472527475, 0.0, 0.0, 0.0], [0.4142128527164459, 0.16666666666666666, 0.005494505494505495, 0.0, 0.0, 0.0], [0.39060404896736145, 0.3333333333333333, 0.008241758241758242, 0.0, 0.0, 0.0], [0.39143645763397217, 0.5, 0.01098901098901099, 0.0, 0.0, 0.0], [0.3948167860507965, 0.6666666666666666, 0.013736263736263738, 0.0, 0.0, 0.0], [0.39188089966773987, 0.8333333333333333, 0.016483516483516484, 0.0, 0.0, 1.0], [0.36120468378067017, 1.0, 0.019230769230769232, 0.0, 0.0, 1.0]]",0.34925156831741333
107,"[[0.4142128527164459, 0.16666666666666666, 0.005494505494505495, 0.0, 0.0, 0.0], [0.39060404896736145, 0.3333333333333333, 0.008241758241758242, 0.0, 0.0, 0.0], [0.39143645763397217, 0.5, 0.01098901098901099, 0.0, 0.0, 0.0], [0.3948167860507965, 0.6666666666666666, 0.013736263736263738, 0.0, 0.0, 0.0], [0.39188089966773987, 0.8333333333333333, 0.016483516483516484, 0.0, 0.0, 1.0], [0.36120468378067017, 1.0, 0.019230769230769232, 0.0, 0.0, 1.0], [0.34925156831741333, 0.0, 0.02197802197802198, 0.0, 0.0, 0.0]]",0.35809072852134705
108,"[[0.39060404896736145, 0.3333333333333333, 0.008241758241758242, 0.0, 0.0, 0.0], [0.39143645763397217, 0.5, 0.01098901098901099, 0.0, 0.0, 0.0], [0.3948167860507965, 0.6666666666666666, 0.013736263736263738, 0.0, 0.0, 0.0], [0.39188089966773987, 0.8333333333333333, 0.016483516483516484, 0.0, 0.0, 1.0], [0.36120468378067017, 1.0, 0.019230769230769232, 0.0, 0.0, 1.0], [0.34925156831741333, 0.0, 0.02197802197802198, 0.0, 0.0, 0.0], [0.35809072852134705, 0.16666666666666666, 0.024725274725274728, 0.0, 0.0, 0.0]]",0.3825415074825287
109,"[[0.39143645763397217, 0.5, 0.01098901098901099, 0.0, 0.0, 0.0], [0.3948167860507965, 0.6666666666666666, 0.013736263736263738, 0.0, 0.0, 0.0], [0.39188089966773987, 0.8333333333333333, 0.016483516483516484, 0.0, 0.0, 1.0], [0.36120468378067017, 1.0, 0.019230769230769232, 0.0, 0.0, 1.0], [0.34925156831741333, 0.0, 0.02197802197802198, 0.0, 0.0, 0.0], [0.35809072852134705, 0.16666666666666666, 0.024725274725274728, 0.0, 0.0, 0.0], [0.3825415074825287, 0.3333333333333333, 0.027472527472527476, 0.0, 0.0, 0.0]]",0.39800316095352173
110,"[[0.3948167860507965, 0.6666666666666666, 0.013736263736263738, 0.0, 0.0, 0.0], [0.39188089966773987, 0.8333333333333333, 0.016483516483516484, 0.0, 0.0, 1.0], [0.36120468378067017, 1.0, 0.019230769230769232, 0.0, 0.0, 1.0], [0.34925156831741333, 0.0, 0.02197802197802198, 0.0, 0.0, 0.0], [0.35809072852134705, 0.16666666666666666, 0.024725274725274728, 0.0, 0.0, 0.0], [0.3825415074825287, 0.3333333333333333, 0.027472527472527476, 0.0, 0.0, 0.0], [0.39800316095352173, 0.5, 0.030219780219780223, 0.0, 0.0, 0.0]]",0.3998187482357025
111,"[[0.39188089966773987, 0.8333333333333333, 0.016483516483516484, 0.0, 0.0, 1.0], [0.36120468378067017, 1.0, 0.019230769230769232, 0.0, 0.0, 1.0], [0.34925156831741333, 0.0, 0.02197802197802198, 0.0, 0.0, 0.0], [0.35809072852134705, 0.16666666666666666, 0.024725274725274728, 0.0, 0.0, 0.0], [0.3825415074825287, 0.3333333333333333, 0.027472527472527476, 0.0, 0.0, 0.0], [0.39800316095352173, 0.5, 0.030219780219780223, 0.0, 0.0, 0.0], [0.3998187482357025, 0.6666666666666666, 0.03296703296703297, 0.0, 0.0, 0.0]]",0.390544593334198
112,"[[0.36120468378067017, 1.0, 0.019230769230769232, 0.0, 0.0, 1.0], [0.34925156831741333, 0.0, 0.02197802197802198, 0.0, 0.0, 0.0], [0.35809072852134705, 0.16666666666666666, 0.024725274725274728, 0.0, 0.0, 0.0], [0.3825415074825287, 0.3333333333333333, 0.027472527472527476, 0.0, 0.0, 0.0], [0.39800316095352173, 0.5, 0.030219780219780223, 0.0, 0.0, 0.0], [0.3998187482357025, 0.6666666666666666, 0.03296703296703297, 0.0, 0.0, 0.0], [0.390544593334198, 0.8333333333333333, 0.03571428571428572, 0.0, 0.0, 1.0]]",0.3549870550632477
113,"[[0.34925156831741333, 0.0, 0.02197802197802198, 0.0, 0.0, 0.0], [0.35809072852134705, 0.16666666666666666, 0.024725274725274728, 0.0, 0.0, 0.0], [0.3825415074825287, 0.3333333333333333, 0.027472527472527476, 0.0, 0.0, 0.0], [0.39800316095352173, 0.5, 0.030219780219780223, 0.0, 0.0, 0.0], [0.3998187482357025, 0.6666666666666666, 0.03296703296703297, 0.0, 0.0, 0.0], [0.390544593334198, 0.8333333333333333, 0.03571428571428572, 0.0, 0.0, 1.0], [0.3549870550632477, 1.0, 0.038461538461538464, 0.0, 0.0, 1.0]]",0.34789249300956726
114,"[[0.35809072852134705, 0.16666666666666666, 0.024725274725274728, 0.0, 0.0, 0.0], [0.3825415074825287, 0.3333333333333333, 0.027472527472527476, 0.0, 0.0, 0.0], [0.39800316095352173, 0.5, 0.030219780219780223, 0.0, 0.0, 0.0], [0.3998187482357025, 0.6666666666666666, 0.03296703296703297, 0.0, 0.0, 0.0], [0.390544593334198, 0.8333333333333333, 0.03571428571428572, 0.0, 0.0, 1.0], [0.3549870550632477, 1.0, 0.038461538461538464, 0.0, 0.0, 1.0], [0.34789249300956726, 0.0, 0.041208791208791215, 0.0, 0.0, 0.0]]",0.35879039764404297
115,"[[0.3825415074825287, 0.3333333333333333, 0.027472527472527476, 0.0, 0.0, 0.0], [0.39800316095352173, 0.5, 0.030219780219780223, 0.0, 0.0, 0.0], [0.3998187482357025, 0.6666666666666666, 0.03296703296703297, 0.0, 0.0, 0.0], [0.390544593334198, 0.8333333333333333, 0.03571428571428572, 0.0, 0.0, 1.0], [0.3549870550632477, 1.0, 0.038461538461538464, 0.0, 0.0, 1.0], [0.34789249300956726, 0.0, 0.041208791208791215, 0.0, 0.0, 0.0], [0.35879039764404297, 0.16666666666666666, 0.04395604395604396, 0.0, 0.0, 0.0]]",0.38390079140663147
116,"[[0.39800316095352173, 0.5, 0.030219780219780223, 0.0, 0.0, 0.0], [0.3998187482357025, 0.6666666666666666, 0.03296703296703297, 0.0, 0.0, 0.0], [0.390544593334198, 0.8333333333333333, 0.03571428571428572, 0.0, 0.0, 1.0], [0.3549870550632477, 1.0, 0.038461538461538464, 0.0, 0.0, 1.0], [0.34789249300956726, 0.0, 0.041208791208791215, 0.0, 0.0, 0.0], [0.35879039764404297, 0.16666666666666666, 0.04395604395604396, 0.0, 0.0, 0.0], [0.38390079140663147, 0.3333333333333333, 0.046703296703296704, 0.0, 0.0, 0.0]]",0.39947330951690674
117,"[[0.3998187482357025, 0.6666666666666666, 0.03296703296703297, 0.0, 0.0, 0.0], [0.390544593334198, 0.8333333333333333, 0.03571428571428572, 0.0, 0.0, 1.0], [0.3549870550632477, 1.0, 0.038461538461538464, 0.0, 0.0, 1.0], [0.34789249300956726, 0.0, 0.041208791208791215, 0.0, 0.0, 0.0], [0.35879039764404297, 0.16666666666666666, 0.04395604395604396, 0.0, 0.0, 0.0], [0.38390079140663147, 0.3333333333333333, 0.046703296703296704, 0.0, 0.0, 0.0], [0.39947330951690674, 0.5, 0.049450549450549455, 0.0, 0.0, 0.0]]",0.40126970410346985
118,"[[0.390544593334198, 0.8333333333333333, 0.03571428571428572, 0.0, 0.0, 1.0], [0.3549870550632477, 1.0, 0.038461538461538464, 0.0, 0.0, 1.0], [0.34789249300956726, 0.0, 0.041208791208791215, 0.0, 0.0, 0.0], [0.35879039764404297, 0.16666666666666666, 0.04395604395604396, 0.0, 0.0, 0.0], [0.38390079140663147, 0.3333333333333333, 0.046703296703296704, 0.0, 0.0, 0.0], [0.39947330951690674, 0.5, 0.049450549450549455, 0.0, 0.0, 0.0], [0.40126970410346985, 0.6666666666666666, 0.0521978021978022, 0.0, 0.0, 0.0]]",0.39206477999687195
119,"[[0.3549870550632477, 1.0, 0.038461538461538464, 0.0, 0.0, 1.0], [0.34789249300956726, 0.0, 0.041208791208791215, 0.0, 0.0, 0.0], [0.35879039764404297, 0.16666666666666666, 0.04395604395604396, 0.0, 0.0, 0.0], [0.38390079140663147, 0.3333333333333333, 0.046703296703296704, 0.0, 0.0, 0.0], [0.39947330951690674, 0.5, 0.049450549450549455, 0.0, 0.0, 0.0], [0.40126970410346985, 0.6666666666666666, 0.0521978021978022, 0.0, 0.0, 0.0], [0.39206477999687195, 0.8333333333333333, 0.05494505494505495, 0.0, 0.0, 1.0]]",0.35751381516456604
120,"[[0.34789249300956726, 0.0, 0.041208791208791215, 0.0, 0.0, 0.0], [0.35879039764404297, 0.16666666666666666, 0.04395604395604396, 0.0, 0.0, 0.0], [0.38390079140663147, 0.3333333333333333, 0.046703296703296704, 0.0, 0.0, 0.0], [0.39947330951690674, 0.5, 0.049450549450549455, 0.0, 0.0, 0.0], [0.40126970410346985, 0.6666666666666666, 0.0521978021978022, 0.0, 0.0, 0.0], [0.39206477999687195, 0.8333333333333333, 0.05494505494505495, 0.0, 0.0, 1.0], [0.35751381516456604, 1.0, 0.057692307692307696, 0.0, 0.0, 1.0]]",0.35112711787223816
121,"[[0.35879039764404297, 0.16666666666666666, 0.04395604395604396, 0.0, 0.0, 0.0], [0.38390079140663147, 0.3333333333333333, 0.046703296703296704, 0.0, 0.0, 0.0], [0.39947330951690674, 0.5, 0.049450549450549455, 0.0, 0.0, 0.0], [0.40126970410346985, 0.6666666666666666, 0.0521978021978022, 0.0, 0.0, 0.0], [0.39206477999687195, 0.8333333333333333, 0.05494505494505495, 0.0, 0.0, 1.0], [0.35751381516456604, 1.0, 0.057692307692307696, 0.0, 0.0, 1.0], [0.35112711787223816, 0.0, 0.06043956043956045, 0.0, 0.0, 0.0]]",0.3615376651287079
122,"[[0.38390079140663147, 0.3333333333333333, 0.046703296703296704, 0.0, 0.0, 0.0], [0.39947330951690674, 0.5, 0.049450549450549455, 0.0, 0.0, 0.0], [0.40126970410346985, 0.6666666666666666, 0.0521978021978022, 0.0, 0.0, 0.0], [0.39206477999687195, 0.8333333333333333, 0.05494505494505495, 0.0, 0.0, 1.0], [0.35751381516456604, 1.0, 0.057692307692307696, 0.0, 0.0, 1.0], [0.35112711787223816, 0.0, 0.06043956043956045, 0.0, 0.0, 0.0], [0.3615376651287079, 0.16666666666666666, 0.0631868131868132, 0.0, 0.0, 0.0]]",0.38620951771736145
123,"[[0.39947330951690674, 0.5, 0.049450549450549455, 0.0, 0.0, 0.0], [0.40126970410346985, 0.6666666666666666, 0.0521978021978022, 0.0, 0.0, 0.0], [0.39206477999687195, 0.8333333333333333, 0.05494505494505495, 0.0, 0.0, 1.0], [0.35751381516456604, 1.0, 0.057692307692307696, 0.0, 0.0, 1.0], [0.35112711787223816, 0.0, 0.06043956043956045, 0.0, 0.0, 0.0], [0.3615376651287079, 0.16666666666666666, 0.0631868131868132, 0.0, 0.0, 0.0], [0.38620951771736145, 0.3333333333333333, 0.06593406593406594, 0.0, 0.0, 0.0]]",0.4016631841659546
124,"[[0.40126970410346985, 0.6666666666666666, 0.0521978021978022, 0.0, 0.0, 0.0], [0.39206477999687195, 0.8333333333333333, 0.05494505494505495, 0.0, 0.0, 1.0], [0.35751381516456604, 1.0, 0.057692307692307696, 0.0, 0.0, 1.0], [0.35112711787223816, 0.0, 0.06043956043956045, 0.0, 0.0, 0.0], [0.3615376651287079, 0.16666666666666666, 0.0631868131868132, 0.0, 0.0, 0.0], [0.38620951771736145, 0.3333333333333333, 0.06593406593406594, 0.0, 0.0, 0.0], [0.4016631841659546, 0.5, 0.06868131868131869, 0.0, 0.0, 0.0]]",0.40346357226371765
125,"[[0.39206477999687195, 0.8333333333333333, 0.05494505494505495, 0.0, 0.0, 1.0], [0.35751381516456604, 1.0, 0.057692307692307696, 0.0, 0.0, 1.0], [0.35112711787223816, 0.0, 0.06043956043956045, 0.0, 0.0, 0.0], [0.3615376651287079, 0.16666666666666666, 0.0631868131868132, 0.0, 0.0, 0.0], [0.38620951771736145, 0.3333333333333333, 0.06593406593406594, 0.0, 0.0, 0.0], [0.4016631841659546, 0.5, 0.06868131868131869, 0.0, 0.0, 0.0], [0.40346357226371765, 0.6666666666666666, 0.07142857142857144, 0.0, 0.0, 0.0]]",0.39430752396583557
126,"[[0.35751381516456604, 1.0, 0.057692307692307696, 0.0, 0.0, 1.0], [0.35112711787223816, 0.0, 0.06043956043956045, 0.0, 0.0, 0.0], [0.3615376651287079, 0.16666666666666666, 0.0631868131868132, 0.0, 0.0, 0.0], [0.38620951771736145, 0.3333333333333333, 0.06593406593406594, 0.0, 0.0, 0.0], [0.4016631841659546, 0.5, 0.06868131868131869, 0.0, 0.0, 0.0], [0.40346357226371765, 0.6666666666666666, 0.07142857142857144, 0.0, 0.0, 0.0], [0.39430752396583557, 0.8333333333333333, 0.07417582417582418, 0.0, 0.0, 1.0]]",0.3606038987636566
127,"[[0.35112711787223816, 0.0, 0.06043956043956045, 0.0, 0.0, 0.0], [0.3615376651287079, 0.16666666666666666, 0.0631868131868132, 0.0, 0.0, 0.0], [0.38620951771736145, 0.3333333333333333, 0.06593406593406594, 0.0, 0.0, 0.0], [0.4016631841659546, 0.5, 0.06868131868131869, 0.0, 0.0, 0.0], [0.40346357226371765, 0.6666666666666666, 0.07142857142857144, 0.0, 0.0, 0.0], [0.39430752396583557, 0.8333333333333333, 0.07417582417582418, 0.0, 0.0, 1.0], [0.3606038987636566, 1.0, 0.07692307692307693, 0.0, 0.0, 1.0]]",0.35472002625465393
128,"[[0.3615376651287079, 0.16666666666666666, 0.0631868131868132, 0.0, 0.0, 0.0], [0.38620951771736145, 0.3333333333333333, 0.06593406593406594, 0.0, 0.0, 0.0], [0.4016631841659546, 0.5, 0.06868131868131869, 0.0, 0.0, 0.0], [0.40346357226371765, 0.6666666666666666, 0.07142857142857144, 0.0, 0.0, 0.0], [0.39430752396583557, 0.8333333333333333, 0.07417582417582418, 0.0, 0.0, 1.0], [0.3606038987636566, 1.0, 0.07692307692307693, 0.0, 0.0, 1.0], [0.35472002625465393, 0.0, 0.07967032967032968, 0.0, 0.0, 0.0]]",0.36452192068099976
129,"[[0.38620951771736145, 0.3333333333333333, 0.06593406593406594, 0.0, 0.0, 0.0], [0.4016631841659546, 0.5, 0.06868131868131869, 0.0, 0.0, 0.0], [0.40346357226371765, 0.6666666666666666, 0.07142857142857144, 0.0, 0.0, 0.0], [0.39430752396583557, 0.8333333333333333, 0.07417582417582418, 0.0, 0.0, 1.0], [0.3606038987636566, 1.0, 0.07692307692307693, 0.0, 0.0, 1.0], [0.35472002625465393, 0.0, 0.07967032967032968, 0.0, 0.0, 0.0], [0.36452192068099976, 0.16666666666666666, 0.08241758241758243, 0.0, 0.0, 0.0]]",0.38867896795272827
130,"[[0.4016631841659546, 0.5, 0.06868131868131869, 0.0, 0.0, 0.0], [0.40346357226371765, 0.6666666666666666, 0.07142857142857144, 0.0, 0.0, 0.0], [0.39430752396583557, 0.8333333333333333, 0.07417582417582418, 0.0, 0.0, 1.0], [0.3606038987636566, 1.0, 0.07692307692307693, 0.0, 0.0, 1.0], [0.35472002625465393, 0.0, 0.07967032967032968, 0.0, 0.0, 0.0], [0.36452192068099976, 0.16666666666666666, 0.08241758241758243, 0.0, 0.0, 0.0], [0.38867896795272827, 0.3333333333333333, 0.08516483516483517, 0.0, 0.0, 0.0]]",0.403974324464798
131,"[[0.40346357226371765, 0.6666666666666666, 0.07142857142857144, 0.0, 0.0, 0.0], [0.39430752396583557, 0.8333333333333333, 0.07417582417582418, 0.0, 0.0, 1.0], [0.3606038987636566, 1.0, 0.07692307692307693, 0.0, 0.0, 1.0], [0.35472002625465393, 0.0, 0.07967032967032968, 0.0, 0.0, 0.0], [0.36452192068099976, 0.16666666666666666, 0.08241758241758243, 0.0, 0.0, 0.0], [0.38867896795272827, 0.3333333333333333, 0.08516483516483517, 0.0, 0.0, 0.0], [0.403974324464798, 0.5, 0.08791208791208792, 0.0, 0.0, 0.0]]",0.4057532250881195
132,"[[0.39430752396583557, 0.8333333333333333, 0.07417582417582418, 0.0, 0.0, 1.0], [0.3606038987636566, 1.0, 0.07692307692307693, 0.0, 0.0, 1.0], [0.35472002625465393, 0.0, 0.07967032967032968, 0.0, 0.0, 0.0], [0.36452192068099976, 0.16666666666666666, 0.08241758241758243, 0.0, 0.0, 0.0], [0.38867896795272827, 0.3333333333333333, 0.08516483516483517, 0.0, 0.0, 0.0], [0.403974324464798, 0.5, 0.08791208791208792, 0.0, 0.0, 0.0], [0.4057532250881195, 0.6666666666666666, 0.09065934065934067, 0.0, 0.0, 0.0]]",0.3966265618801117
133,"[[0.3606038987636566, 1.0, 0.07692307692307693, 0.0, 0.0, 1.0], [0.35472002625465393, 0.0, 0.07967032967032968, 0.0, 0.0, 0.0], [0.36452192068099976, 0.16666666666666666, 0.08241758241758243, 0.0, 0.0, 0.0], [0.38867896795272827, 0.3333333333333333, 0.08516483516483517, 0.0, 0.0, 0.0], [0.403974324464798, 0.5, 0.08791208791208792, 0.0, 0.0, 0.0], [0.4057532250881195, 0.6666666666666666, 0.09065934065934067, 0.0, 0.0, 0.0], [0.3966265618801117, 0.8333333333333333, 0.09340659340659341, 0.0, 0.0, 1.0]]",0.36377081274986267
134,"[[0.35472002625465393, 0.0, 0.07967032967032968, 0.0, 0.0, 0.0], [0.36452192068099976, 0.16666666666666666, 0.08241758241758243, 0.0, 0.0, 0.0], [0.38867896795272827, 0.3333333333333333, 0.08516483516483517, 0.0, 0.0, 0.0], [0.403974324464798, 0.5, 0.08791208791208792, 0.0, 0.0, 0.0], [0.4057532250881195, 0.6666666666666666, 0.09065934065934067, 0.0, 0.0, 0.0], [0.3966265618801117, 0.8333333333333333, 0.09340659340659341, 0.0, 0.0, 1.0], [0.36377081274986267, 1.0, 0.09615384615384616, 0.0, 0.0, 1.0]]",0.3583924174308777
135,"[[0.36452192068099976, 0.16666666666666666, 0.08241758241758243, 0.0, 0.0, 0.0], [0.38867896795272827, 0.3333333333333333, 0.08516483516483517, 0.0, 0.0, 0.0], [0.403974324464798, 0.5, 0.08791208791208792, 0.0, 0.0, 0.0], [0.4057532250881195, 0.6666666666666666, 0.09065934065934067, 0.0, 0.0, 0.0], [0.3966265618801117, 0.8333333333333333, 0.09340659340659341, 0.0, 0.0, 1.0], [0.36377081274986267, 1.0, 0.09615384615384616, 0.0, 0.0, 1.0], [0.3583924174308777, 0.0, 0.09890109890109891, 0.0, 0.0, 0.0]]",0.36756086349487305
136,"[[0.38867896795272827, 0.3333333333333333, 0.08516483516483517, 0.0, 0.0, 0.0], [0.403974324464798, 0.5, 0.08791208791208792, 0.0, 0.0, 0.0], [0.4057532250881195, 0.6666666666666666, 0.09065934065934067, 0.0, 0.0, 0.0], [0.3966265618801117, 0.8333333333333333, 0.09340659340659341, 0.0, 0.0, 1.0], [0.36377081274986267, 1.0, 0.09615384615384616, 0.0, 0.0, 1.0], [0.3583924174308777, 0.0, 0.09890109890109891, 0.0, 0.0, 0.0], [0.36756086349487305, 0.16666666666666666, 0.10164835164835166, 0.0, 0.0, 0.0]]",0.39117375016212463
137,"[[0.403974324464798, 0.5, 0.08791208791208792, 0.0, 0.0, 0.0], [0.4057532250881195, 0.6666666666666666, 0.09065934065934067, 0.0, 0.0, 0.0], [0.3966265618801117, 0.8333333333333333, 0.09340659340659341, 0.0, 0.0, 1.0], [0.36377081274986267, 1.0, 0.09615384615384616, 0.0, 0.0, 1.0], [0.3583924174308777, 0.0, 0.09890109890109891, 0.0, 0.0, 0.0], [0.36756086349487305, 0.16666666666666666, 0.10164835164835166, 0.0, 0.0, 0.0], [0.39117375016212463, 0.3333333333333333, 0.1043956043956044, 0.0, 0.0, 0.0]]",0.40629616379737854
138,"[[0.4057532250881195, 0.6666666666666666, 0.09065934065934067, 0.0, 0.0, 0.0], [0.3966265618801117, 0.8333333333333333, 0.09340659340659341, 0.0, 0.0, 1.0], [0.36377081274986267, 1.0, 0.09615384615384616, 0.0, 0.0, 1.0], [0.3583924174308777, 0.0, 0.09890109890109891, 0.0, 0.0, 0.0], [0.36756086349487305, 0.16666666666666666, 0.10164835164835166, 0.0, 0.0, 0.0], [0.39117375016212463, 0.3333333333333333, 0.1043956043956044, 0.0, 0.0, 0.0], [0.40629616379737854, 0.5, 0.10714285714285715, 0.0, 0.0, 0.0]]",0.40804973244667053
139,"[[0.3966265618801117, 0.8333333333333333, 0.09340659340659341, 0.0, 0.0, 1.0], [0.36377081274986267, 1.0, 0.09615384615384616, 0.0, 0.0, 1.0], [0.3583924174308777, 0.0, 0.09890109890109891, 0.0, 0.0, 0.0], [0.36756086349487305, 0.16666666666666666, 0.10164835164835166, 0.0, 0.0, 0.0], [0.39117375016212463, 0.3333333333333333, 0.1043956043956044, 0.0, 0.0, 0.0], [0.40629616379737854, 0.5, 0.10714285714285715, 0.0, 0.0, 0.0], [0.40804973244667053, 0.6666666666666666, 0.1098901098901099, 0.0, 0.0, 0.0]]",0.3989555537700653
140,"[[0.36377081274986267, 1.0, 0.09615384615384616, 0.0, 0.0, 1.0], [0.3583924174308777, 0.0, 0.09890109890109891, 0.0, 0.0, 0.0], [0.36756086349487305, 0.16666666666666666, 0.10164835164835166, 0.0, 0.0, 0.0], [0.39117375016212463, 0.3333333333333333, 0.1043956043956044, 0.0, 0.0, 0.0], [0.40629616379737854, 0.5, 0.10714285714285715, 0.0, 0.0, 0.0], [0.40804973244667053, 0.6666666666666666, 0.1098901098901099, 0.0, 0.0, 0.0], [0.3989555537700653, 0.8333333333333333, 0.11263736263736264, 0.0, 0.0, 1.0]]",0.36696913838386536
141,"[[0.3583924174308777, 0.0, 0.09890109890109891, 0.0, 0.0, 0.0], [0.36756086349487305, 0.16666666666666666, 0.10164835164835166, 0.0, 0.0, 0.0], [0.39117375016212463, 0.3333333333333333, 0.1043956043956044, 0.0, 0.0, 0.0], [0.40629616379737854, 0.5, 0.10714285714285715, 0.0, 0.0, 0.0], [0.40804973244667053, 0.6666666666666666, 0.1098901098901099, 0.0, 0.0, 0.0], [0.3989555537700653, 0.8333333333333333, 0.11263736263736264, 0.0, 0.0, 1.0], [0.36696913838386536, 1.0, 0.11538461538461539, 0.0, 0.0, 1.0]]",0.3621138036251068
142,"[[0.36756086349487305, 0.16666666666666666, 0.10164835164835166, 0.0, 0.0, 0.0], [0.39117375016212463, 0.3333333333333333, 0.1043956043956044, 0.0, 0.0, 0.0], [0.40629616379737854, 0.5, 0.10714285714285715, 0.0, 0.0, 0.0], [0.40804973244667053, 0.6666666666666666, 0.1098901098901099, 0.0, 0.0, 0.0], [0.3989555537700653, 0.8333333333333333, 0.11263736263736264, 0.0, 0.0, 1.0], [0.36696913838386536, 1.0, 0.11538461538461539, 0.0, 0.0, 1.0], [0.3621138036251068, 0.0, 0.11813186813186814, 0.0, 0.0, 0.0]]",0.3706318438053131
143,"[[0.39117375016212463, 0.3333333333333333, 0.1043956043956044, 0.0, 0.0, 0.0], [0.40629616379737854, 0.5, 0.10714285714285715, 0.0, 0.0, 0.0], [0.40804973244667053, 0.6666666666666666, 0.1098901098901099, 0.0, 0.0, 0.0], [0.3989555537700653, 0.8333333333333333, 0.11263736263736264, 0.0, 0.0, 1.0], [0.36696913838386536, 1.0, 0.11538461538461539, 0.0, 0.0, 1.0], [0.3621138036251068, 0.0, 0.11813186813186814, 0.0, 0.0, 0.0], [0.3706318438053131, 0.16666666666666666, 0.1208791208791209, 0.0, 0.0, 0.0]]",0.3936769962310791
144,"[[0.40629616379737854, 0.5, 0.10714285714285715, 0.0, 0.0, 0.0], [0.40804973244667053, 0.6666666666666666, 0.1098901098901099, 0.0, 0.0, 0.0], [0.3989555537700653, 0.8333333333333333, 0.11263736263736264, 0.0, 0.0, 1.0], [0.36696913838386536, 1.0, 0.11538461538461539, 0.0, 0.0, 1.0], [0.3621138036251068, 0.0, 0.11813186813186814, 0.0, 0.0, 0.0], [0.3706318438053131, 0.16666666666666666, 0.1208791208791209, 0.0, 0.0, 0.0], [0.3936769962310791, 0.3333333333333333, 0.12362637362637363, 0.0, 0.0, 0.0]]",0.4086153507232666
145,"[[0.40804973244667053, 0.6666666666666666, 0.1098901098901099, 0.0, 0.0, 0.0], [0.3989555537700653, 0.8333333333333333, 0.11263736263736264, 0.0, 0.0, 1.0], [0.36696913838386536, 1.0, 0.11538461538461539, 0.0, 0.0, 1.0], [0.3621138036251068, 0.0, 0.11813186813186814, 0.0, 0.0, 0.0], [0.3706318438053131, 0.16666666666666666, 0.1208791208791209, 0.0, 0.0, 0.0], [0.3936769962310791, 0.3333333333333333, 0.12362637362637363, 0.0, 0.0, 0.0], [0.4086153507232666, 0.5, 0.1263736263736264, 0.0, 0.0, 0.0]]",0.41034314036369324
146,"[[0.3989555537700653, 0.8333333333333333, 0.11263736263736264, 0.0, 0.0, 1.0], [0.36696913838386536, 1.0, 0.11538461538461539, 0.0, 0.0, 1.0], [0.3621138036251068, 0.0, 0.11813186813186814, 0.0, 0.0, 0.0], [0.3706318438053131, 0.16666666666666666, 0.1208791208791209, 0.0, 0.0, 0.0], [0.3936769962310791, 0.3333333333333333, 0.12362637362637363, 0.0, 0.0, 0.0], [0.4086153507232666, 0.5, 0.1263736263736264, 0.0, 0.0, 0.0], [0.41034314036369324, 0.6666666666666666, 0.12912087912087913, 0.0, 0.0, 0.0]]",0.401287317276001
147,"[[0.36696913838386536, 1.0, 0.11538461538461539, 0.0, 0.0, 1.0], [0.3621138036251068, 0.0, 0.11813186813186814, 0.0, 0.0, 0.0], [0.3706318438053131, 0.16666666666666666, 0.1208791208791209, 0.0, 0.0, 0.0], [0.3936769962310791, 0.3333333333333333, 0.12362637362637363, 0.0, 0.0, 0.0], [0.4086153507232666, 0.5, 0.1263736263736264, 0.0, 0.0, 0.0], [0.41034314036369324, 0.6666666666666666, 0.12912087912087913, 0.0, 0.0, 0.0], [0.401287317276001, 0.8333333333333333, 0.13186813186813187, 0.0, 0.0, 1.0]]",0.37019380927085876
148,"[[0.3621138036251068, 0.0, 0.11813186813186814, 0.0, 0.0, 0.0], [0.3706318438053131, 0.16666666666666666, 0.1208791208791209, 0.0, 0.0, 0.0], [0.3936769962310791, 0.3333333333333333, 0.12362637362637363, 0.0, 0.0, 0.0], [0.4086153507232666, 0.5, 0.1263736263736264, 0.0, 0.0, 0.0], [0.41034314036369324, 0.6666666666666666, 0.12912087912087913, 0.0, 0.0, 0.0], [0.401287317276001, 0.8333333333333333, 0.13186813186813187, 0.0, 0.0, 1.0], [0.37019380927085876, 1.0, 0.13461538461538464, 0.0, 0.0, 1.0]]",0.3658805787563324
149,"[[0.3706318438053131, 0.16666666666666666, 0.1208791208791209, 0.0, 0.0, 0.0], [0.3936769962310791, 0.3333333333333333, 0.12362637362637363, 0.0, 0.0, 0.0], [0.4086153507232666, 0.5, 0.1263736263736264, 0.0, 0.0, 0.0], [0.41034314036369324, 0.6666666666666666, 0.12912087912087913, 0.0, 0.0, 0.0], [0.401287317276001, 0.8333333333333333, 0.13186813186813187, 0.0, 0.0, 1.0], [0.37019380927085876, 1.0, 0.13461538461538464, 0.0, 0.0, 1.0], [0.3658805787563324, 0.0, 0.13736263736263737, 0.0, 0.0, 0.0]]",0.37373265624046326
150,"[[0.3936769962310791, 0.3333333333333333, 0.12362637362637363, 0.0, 0.0, 0.0], [0.4086153507232666, 0.5, 0.1263736263736264, 0.0, 0.0, 0.0], [0.41034314036369324, 0.6666666666666666, 0.12912087912087913, 0.0, 0.0, 0.0], [0.401287317276001, 0.8333333333333333, 0.13186813186813187, 0.0, 0.0, 1.0], [0.37019380927085876, 1.0, 0.13461538461538464, 0.0, 0.0, 1.0], [0.3658805787563324, 0.0, 0.13736263736263737, 0.0, 0.0, 0.0], [0.37373265624046326, 0.16666666666666666, 0.1401098901098901, 0.0, 0.0, 0.0]]",0.39618682861328125
151,"[[0.4086153507232666, 0.5, 0.1263736263736264, 0.0, 0.0, 0.0], [0.41034314036369324, 0.6666666666666666, 0.12912087912087913, 0.0, 0.0, 0.0], [0.401287317276001, 0.8333333333333333, 0.13186813186813187, 0.0, 0.0, 1.0], [0.37019380927085876, 1.0, 0.13461538461538464, 0.0, 0.0, 1.0], [0.3658805787563324, 0.0, 0.13736263736263737, 0.0, 0.0, 0.0], [0.37373265624046326, 0.16666666666666666, 0.1401098901098901, 0.0, 0.0, 0.0], [0.39618682861328125, 0.3333333333333333, 0.14285714285714288, 0.0, 0.0, 0.0]]",0.4109302759170532
