product_id,best_overall_model,is_hybrid,best_model_seed,best_model_rmse,best_model_mae,best_model_bias,best_model_pocid,lstm_baseline_mae,lstm_baseline_seed,graph2vec_lstm_mae,graph2vec_lstm_seed,gcn_lstm_mae,gcn_lstm_seed,gat_lstm_mae,gat_lstm_seed,mlp_baseline_mae,mlp_baseline_seed,graph2vec_mlp_mae,graph2vec_mlp_seed,gcn_mlp_mae,gcn_mlp_seed,gat_mlp_mae,gat_mlp_seed
278,lstm_baseline,False,23616558,10.153440007048962,7.087675088371327,-2.7225803113451192,0.6381578947368421,7.087675088371327,23616558,7.695750822428784,26008,7.490138895371381,555555,8.129106920529034,26008,7.675456377415875,1000,7.8080541573318785,23616558,8.948392057730482,13451285,7.975765864054362,23616558
457,mlp_baseline,False,555555,5.550656463709157,4.177927596896303,-1.17423526913512,0.6052631578947368,4.824551272236444,5219788,6.055984653678595,213626,5.538689337524713,13451285,4.974646160026002,213626,4.177927596896303,555555,4.34895362106024,555555,4.3662482180626565,13451285,4.413471496183108,23616558
1325,lstm_baseline,False,13451285,7.258114537814853,5.636273764317332,0.4406111723457286,0.6118421052631579,5.636273764317332,13451285,5.644375595391965,618626816,5.924085716796077,5219788,5.770539402182585,5219788,5.9802292842491,42,6.373023749956118,555555,6.171093130423353,213626,5.752512264875025,1000
6032,mlp_baseline,False,13451285,10.23137670690276,6.832310221553628,-0.3787864984250536,0.5657894736842105,7.1522491531434405,213626,9.793579669559705,5219788,8.01093965885686,23616558,10.432879703496797,555555,6.832310221553628,13451285,7.348639351090575,555555,7.905131240296208,23616558,7.960016231910855,555555
13544,graph2vec_mlp,True,213626,34.23190108164106,26.90881215513142,-4.018197078330844,0.4934210526315789,29.3113580840865,13451285,27.49786379446391,1000,30.77343646529453,213626,32.66678868711384,5219788,34.37550670648712,13451285,26.90881215513142,213626,30.872738034117457,13451285,29.649594026453357,13451285
16920,graph2vec_lstm,True,1000,9.156681774275176,6.7720971730799455,-0.6433109052820143,0.5460526315789473,7.510061921637043,23616558,6.7720971730799455,1000,7.772055912641139,213626,7.919054346146926,42,7.219909141266268,555555,7.630044313817242,26008,7.965773127437417,555555,7.795126840180042,13451285
18568,gat_mlp,True,1000,20.77428598304828,16.417995683507982,-0.7910232232287039,0.3815789473684211,17.462434238857693,213626,17.332075948029562,618626816,17.052602923773474,5219788,17.205231853559905,618626816,17.509301497266183,618626816,17.47448506074793,618626816,16.954249899371778,1000,16.417995683507982,1000
25032,graph2vec_mlp,True,1000,11.949918003701224,9.236868210088192,-0.3869272057527031,0.5460526315789473,10.035761481017069,5219788,10.009219415826736,5219788,9.842497635924934,907969,9.615219850166172,5219788,9.326679622425752,555555,9.236868210088192,1000,9.572214307348712,618626816,9.679057894189372,213626
26002,lstm_baseline,False,213626,27.693572564208147,17.229882374308467,-11.2869650491702,0.5394736842105263,17.229882374308467,213626,26.583398411866103,907969,22.213011124554804,5219788,26.632759271883497,555555,17.7118013419357,1000,21.14669796688105,907969,24.432859950595432,5219788,25.877202900406584,213626
26008,lstm_baseline,False,618626816,40.834433771678384,21.66020556096158,-1.9873757896080515,0.7039473684210527,21.66020556096158,618626816,23.57246907084596,23616558,26.90769488515417,907969,26.30066234613556,13451285,23.84566535201727,26008,23.8816494661219,5219788,21.9277028601154,13451285,23.11018805410348,907969
26076,graph2vec_mlp,True,907969,11.284707308756822,8.847450381010965,2.653364356047188,0.506578947368421,10.079150891771503,23616558,9.107707251131146,213626,10.672693583700392,555555,10.10186217812931,555555,9.948976342195,1000,8.847450381010965,907969,9.198000434177374,1000,9.199838990479511,23616558
26220,lstm_baseline,False,26008,40.27590433085287,23.85661927079843,-8.354009195090898,0.625,23.85661927079843,26008,27.415881985932398,23616558,28.11102829415814,26008,27.426272345524207,618626816,25.109178477642583,42,32.243665046941224,13451285,32.93559935825323,26008,31.438201617571263,42
26372,gcn_lstm,True,23616558,28.067174792039594,19.451451603883232,3.4230126929438973,0.3355263157894737,22.309378031811683,26008,21.574352227005303,42,19.451451603883232,23616558,19.744083778530943,13451285,21.384811762890784,555555,22.26860270780676,5219788,22.45087657255285,26008,21.792247952978595,618626816
26768,gcn_lstm,True,5219788,22.706125896197253,15.794074719248254,-3.6116475684970033,0.5986842105263158,16.020840116575652,907969,16.376170426412344,213626,15.794074719248254,5219788,16.81669562159021,5219788,19.236042864182416,555555,19.72989948746425,5219788,19.611917433395885,907969,21.52187373591404,555555
26924,gcn_lstm,True,618626816,14.749226697207508,10.084086237390055,1.714343114616045,0.5921052631578947,10.634202458500082,23616558,11.992723306020102,907969,10.084086237390055,618626816,13.954993366415984,555555,12.918861102434544,213626,11.209296843584848,1000,10.669428395290002,13451285,11.782715604196188,5219788
30534,lstm_baseline,False,555555,11.887421114432318,9.621150515437906,1.4376689250173131,0.5460526315789473,9.621150515437906,555555,9.660432650372872,23616558,9.967809197170284,26008,9.943961498784084,42,10.018649327209571,5219788,9.977124579591688,555555,10.321663234748092,42,10.562723208097072,1000
48369,graph2vec_mlp,True,13451285,10.430980615853844,7.763386028264862,-1.0489913653704075,0.5460526315789473,8.638360902374865,213626,8.7548669388676,26008,12.128272634316112,555555,12.40126100357841,13451285,7.806243485095454,13451285,7.763386028264862,13451285,8.178922017415365,42,7.921230736900778,1000
48375,mlp_baseline,False,23616558,14.218470682182282,10.282685896929571,-1.671009462643293,0.506578947368421,11.7062820780511,23616558,12.331777180721556,13451285,14.728170285427492,26008,15.296541812373142,213626,10.282685896929571,23616558,10.695280749813405,1000,13.124008047814463,23616558,12.000014236549926,618626816
110187,lstm_baseline,False,555555,43.71141185561787,33.79918872608858,7.165918013628791,0.7039473684210527,33.79918872608858,555555,36.271682340335225,213626,37.06244335299224,42,37.307978411905125,907969,35.13944633334291,555555,35.27985656339359,13451285,36.23560427996068,907969,36.38007220099954,13451285
151815,gat_lstm,True,907969,12.220303736694875,8.821716289894253,-0.7139918071771759,0.6052631578947368,9.096820469775231,42,9.020309298646216,13451285,9.243114970088785,13451285,8.821716289894253,907969,8.931616440317988,213626,9.34830841363645,26008,9.74921561845767,26008,9.139408959282768,5219788
151821,gat_lstm,True,618626816,9.083131960098076,7.1596999635883405,0.9979043536716036,0.5394736842105263,7.366218111873452,26008,7.65225861119289,618626816,7.625278553931541,555555,7.1596999635883405,618626816,8.235765407287996,42,8.169320605159585,907969,7.861478693345013,26008,8.350274522320118,213626
151828,graph2vec_lstm,True,555555,8.991461560725206,6.556340067994361,0.7364070680406358,0.6381578947368421,6.659487674438876,555555,6.556340067994361,555555,6.951676474677192,907969,7.455249306423212,13451285,7.057752696517246,213626,7.130576046463711,5219788,7.3485200794693695,907969,7.265016293993183,42
213624,graph2vec_lstm,True,1000,8.760097243308424,6.78418929904115,-0.4226569007424747,0.7368421052631579,7.019952524721233,1000,6.78418929904115,1000,7.124282874313056,23616558,7.270271930819243,26008,7.9635039934145855,42,7.657210505865757,555555,7.856126623216018,907969,7.670486200868694,213626
213625,gcn_lstm,True,555555,8.823143499310468,6.790574834237691,1.0721179675432593,0.756578947368421,7.107777907178293,23616558,6.997823179157731,907969,6.790574834237691,555555,7.385313707239487,555555,7.134367350659339,1000,6.855395123849507,618626816,6.883540807985792,23616558,7.021697636523278,555555
213626,mlp_baseline,False,1000,20.19494923816284,13.704160079457402,3.473976259917216,0.6381578947368421,14.968212638805117,13451285,15.007844862595103,5219788,13.730983958524815,1000,14.370234371010774,555555,13.704160079457402,1000,15.4375285728305,555555,15.265613181918274,907969,14.76877369600184,213626
213627,gcn_mlp,True,907969,17.31232401090882,12.825176912195545,-2.475207958346098,0.6513157894736842,12.897689769470611,23616558,12.95989441715814,26008,13.15093301012625,907969,14.026460635116678,213626,13.580752104715584,1000,13.134543574713414,213626,12.825176912195545,907969,13.25381823770361,213626
213628,graph2vec_lstm,True,1000,14.892038844462146,11.252731048982907,-1.0608135298186658,0.6710526315789473,11.448196024676554,42,11.252731048982907,1000,11.413831025167228,23616558,12.082180122924006,907969,12.94169915891161,26008,12.703732334710416,1000,12.4735166262957,618626816,12.54156132617028,555555
213629,gcn_lstm,True,42,16.307693302256535,11.884053996964996,-2.593060661764706,0.743421052631579,12.95200260636074,555555,12.894804711435356,1000,11.884053996964996,42,12.424609464757582,23616558,13.347032185473472,26008,13.599924773172615,555555,13.418176688399967,13451285,13.24661556568021,555555
213630,graph2vec_lstm,True,618626816,16.035398950675418,11.605864986095552,2.558288181529325,0.5855263157894737,11.690661056368958,13451285,11.605864986095552,618626816,11.779042773776585,907969,12.454322241490184,42,12.086395712459788,5219788,11.909387276842704,42,11.988686655081954,26008,11.857476801654093,1000
213631,mlp_baseline,False,5219788,13.898863212263985,10.417448779336768,0.1075032801409952,0.5197368421052632,10.72742128060534,907969,10.782751370099636,26008,10.916358224706713,23616558,10.999018824957554,23616558,10.417448779336768,5219788,10.770430147258285,555555,10.611143124648947,5219788,10.735848994036903,13451285
213633,gcn_lstm,True,42,12.694897104732505,9.23653012319328,1.233984573214662,0.5723684210526315,9.784090344422784,213626,9.972160781910215,23616558,9.23653012319328,42,10.16616640527264,23616558,9.808592079511657,42,9.660503325119516,13451285,10.254573871886809,26008,10.565507764130636,1000
213636,mlp_baseline,False,555555,8.27785988546417,5.8314540651109485,-0.4798775030896554,0.5657894736842105,7.1156897576026665,13451285,7.727614396537831,23616558,5.988822759366503,13451285,6.241218647925682,907969,5.8314540651109485,555555,6.020997402714748,213626,5.937912623087565,907969,6.464778413959578,5219788
213642,graph2vec_mlp,True,1000,9.90046655870481,7.495817658168818,0.7930233400631574,0.506578947368421,7.859112745796153,23616558,7.681478322720995,555555,7.583440306919073,23616558,7.751592025258183,618626816,7.671518350738326,555555,7.495817658168818,1000,7.819017323014004,907969,7.791839200686785,618626816
500056,mlp_baseline,False,618626816,17.645747632036855,13.368326676437276,-0.1480917369618135,0.5789473684210527,13.58219719770687,42,13.509720247944976,5219788,13.59821513431524,618626816,14.201594586465871,618626816,13.368326676437276,618626816,14.380916495728338,907969,14.51406293133505,23616558,14.83092099856707,555555
500057,gcn_lstm,True,42,13.056623428552196,10.125880009208627,1.7769160691429586,0.5592105263157895,10.844604872410594,26008,10.741111973531885,213626,10.125880009208627,42,10.679695416120143,555555,10.645128331153222,13451285,11.2018911386627,13451285,11.421970454695956,907969,11.48018278483472,42
538923,mlp_baseline,False,23616558,9.3783223595964,7.1106628841824,-0.8524262920703763,0.5723684210526315,7.312192003711377,555555,7.344430312611698,26008,7.804726750242944,5219788,7.214474067189335,907969,7.1106628841824,23616558,7.155373498505237,907969,7.188082395815382,26008,7.157080432168798,42
545597,gcn_lstm,True,213626,10.363260960724908,7.72547742977641,-2.011116860738767,0.4934210526315789,7.957119503831552,618626816,7.839290674994974,23616558,7.72547742977641,213626,7.7857844284157345,907969,8.030555715747909,618626816,7.830829071842767,618626816,7.787993689767675,26008,7.849990159078361,213626
545598,gat_lstm,True,1000,8.61917640475791,6.739438278223175,1.461793509963291,0.5657894736842105,6.894890202416314,618626816,7.393204152973649,23616558,6.899350428113751,555555,6.739438278223175,1000,6.745561624664108,13451285,6.894328335531397,23616558,6.984150475146723,42,6.822344243916032,213626
545602,gcn_lstm,True,555555,12.7542590172583,9.600321401957594,2.013907189462699,0.5394736842105263,10.138782158396602,13451285,9.73222701378118,5219788,9.600321401957594,555555,9.788037044550078,213626,9.77687429290971,618626816,10.183566847657843,907969,9.89313465941186,555555,10.009177220413108,555555
582893,graph2vec_lstm,True,42,12.365310816069131,8.764591106791901,-0.3696197454446281,0.6118421052631579,10.576963081858516,42,8.764591106791901,42,10.948972154968704,23616558,9.67200092552534,907969,9.251499088761074,213626,9.718931752871844,907969,9.355122447793,42,9.292009958254743,555555
587317,lstm_baseline,False,907969,5.682204769730252,4.537842152165432,-0.2685709747613645,0.5,4.537842152165432,907969,4.667662015927383,555555,4.557277289870518,23616558,4.592063959907083,213626,4.641338603948456,1000,4.710911738327126,23616558,4.7130603260464135,13451285,4.716221535127927,5219788
606214,gat_lstm,True,555555,7.505427467587904,5.4313078238294015,1.5878858254625907,0.5855263157894737,6.490958438200109,5219788,6.765952833337722,555555,6.39479836607291,13451285,5.4313078238294015,555555,6.577341304105871,23616558,6.533179027582306,26008,6.765270220687966,618626816,6.420588599310981,23616558
606230,lstm_baseline,False,5219788,7.406437139336279,5.471694734361437,1.2598996255912034,0.5986842105263158,5.471694734361437,5219788,5.568943915024303,618626816,5.903369716569489,42,5.752488242255317,907969,5.684121275259779,555555,5.755989205603506,26008,5.895721822003134,42,5.7834521025614025,23616558
680152,graph2vec_mlp,True,23616558,9.603472417108083,7.257771573035545,0.5187386032802607,0.4736842105263157,8.96899975047392,13451285,8.156554726993337,13451285,9.378131953987229,1000,9.465234771663068,13451285,7.606947836533092,618626816,7.257771573035545,23616558,7.569580321218453,23616558,7.444706773446276,13451285
904144,lstm_baseline,False,555555,10.805300446422256,8.34610312787536,2.611241270124523,0.6447368421052632,8.34610312787536,555555,9.061171207552642,26008,9.796927960090388,23616558,9.644724808487238,1000,8.741171626483693,618626816,8.937162723416597,13451285,10.804827010709475,23616558,10.312220392663496,23616558
907967,graph2vec_lstm,True,5219788,19.965372477918343,13.913115557502298,3.072099374010672,0.6644736842105263,13.967973921034073,13451285,13.913115557502298,5219788,14.312316545473983,13451285,14.322234683566624,23616558,14.279882318833296,42,14.213468987957324,1000,14.179415110669105,13451285,14.356237648359311,13451285
907969,graph2vec_lstm,True,13451285,46.99334078513424,30.552866293713937,-11.560567344715391,0.7828947368421053,31.43366929596545,5219788,30.552866293713937,13451285,31.695299017663096,907969,34.051877289815664,618626816,31.422106474832773,1000,33.13671675538705,618626816,34.56948104559206,42,34.29944854935789,213626
907970,graph2vec_mlp,True,907969,8.82779616399419,6.908389714808246,0.0020483989341586,0.6776315789473685,7.070188541038363,213626,7.01951095481324,23616558,7.176074657564849,23616558,7.015722673702864,555555,7.388496467490602,213626,6.908389714808246,907969,7.185555962955251,618626816,7.559914819555344,213626
908786,mlp_baseline,False,26008,14.99212241060959,10.151296350691052,-1.1603467573527415,0.618421052631579,12.574966286327324,26008,10.816225076812543,26008,10.41163594115014,5219788,10.825776527130524,907969,10.151296350691052,26008,10.504949750463949,555555,11.807732915566636,907969,11.257662302528333,618626816
911753,lstm_baseline,False,618626816,26.61750547557885,17.88097623438617,-4.172983082291347,0.7236842105263158,17.88097623438617,618626816,18.72096756081176,555555,22.772099077312,907969,19.35070237303092,213626,18.99178837794884,907969,22.594260620915037,23616558,18.46248067594042,907969,19.40339125838934,42
912509,lstm_baseline,False,555555,10.50122105605796,7.935670248823228,1.2239477361728943,0.5657894736842105,7.935670248823228,555555,8.010915169139313,555555,8.565063401764514,13451285,8.850270609450495,618626816,8.040980711481929,213626,8.253477458081214,555555,8.094341486887215,23616558,7.958266289405573,26008
915640,gat_lstm,True,23616558,8.510382610324225,6.526257745580735,-0.7971775204527611,0.5592105263157895,8.520186280892565,26008,7.197464462978388,1000,6.746048752778496,213626,6.526257745580735,23616558,8.815198860916437,1000,7.671504625307969,42,6.919870389053245,907969,7.006843766355826,555555
916110,mlp_baseline,False,13451285,8.01512106904331,6.259194068659365,1.831403694900812,0.6578947368421053,6.4066863215826695,1000,6.554698632433524,13451285,6.434288267995797,907969,6.294432908101799,1000,6.259194068659365,13451285,6.513048994774912,13451285,6.409276638155669,23616558,6.653175865123474,13451285
918537,lstm_baseline,False,23616558,10.653581714945751,7.619524385414872,-1.498643410751243,0.6578947368421053,7.619524385414872,23616558,7.962999854991638,42,7.925660438786924,213626,8.086670059004641,23616558,7.672070129244935,1000,8.66690363915138,1000,8.390581779230654,26008,8.59131688386007,618626816
919137,mlp_baseline,False,213626,17.502212068418796,12.735446010539734,2.845749745961108,0.5789473684210527,14.90055376778241,618626816,15.18355294146569,5219788,14.422238454320071,1000,17.078351828007918,5219788,12.735446010539734,213626,16.078838784710253,555555,16.60842355715683,23616558,15.3001310809765,23616558
921558,gcn_mlp,True,907969,5.228639077849987,4.0532110002305775,-0.250145469615662,0.4736842105263157,4.521470811631945,213626,4.134360431845671,907969,4.143210791294871,5219788,4.136782802008336,907969,4.798638979593913,1000,4.100142254548914,42,4.0532110002305775,907969,4.168012382158267,13451285
932812,gcn_lstm,True,618626816,14.039832426368424,10.492887372284931,1.547123266980539,0.6842105263157895,10.816921869913736,23616558,10.701692506378771,907969,10.492887372284931,618626816,10.739055172290678,618626816,11.468907088236092,213626,10.92278879452375,26008,11.411490159876209,5219788,11.02850528791839,13451285
933442,mlp_baseline,False,23616558,17.76301169299444,13.47499764549966,1.0044526613615696,0.5131578947368421,13.744021997537487,13451285,14.66252401256873,555555,15.250688403260474,5219788,14.191212292590173,23616558,13.47499764549966,23616558,14.273513444888046,907969,14.606857461866989,23616558,13.986390861810422,5219788
933457,graph2vec_lstm,True,13451285,15.59778068763558,12.39678493901795,1.063686307738809,0.5986842105263158,12.429517365748586,907969,12.39678493901795,13451285,12.775314979303896,907969,12.851659301059698,1000,12.609614588855916,5219788,12.856337154612822,26008,12.895754284328884,42,12.894905638850592,618626816
936693,gat_lstm,True,907969,5.949743746916126,4.6653780345044105,-0.3008186365264693,0.4605263157894737,4.977462061090408,13451285,4.816272810393689,5219788,4.701725080901501,26008,4.6653780345044105,907969,4.75930092381496,5219788,4.789510502534754,42,4.811156534681134,26008,4.723879477557014,907969
