product_id,baseline,baseline_mae,baseline_seed,graph2vec_mlp_mae,graph2vec_mlp_seed,graph2vec_mlp_pct_improvement,gcn_mlp_mae,gcn_mlp_seed,gcn_mlp_pct_improvement,gat_mlp_mae,gat_mlp_seed,gat_mlp_pct_improvement,best_hybrid,best_hybrid_mae,best_hybrid_beats_baseline,best_hybrid_pct_improvement
278,mlp_baseline,7.675456377415875,1000,7.8080541573318785,23616558,-1.7275556448494285,8.948392057730482,13451285,-16.584495015307102,7.975765864054362,23616558,-3.9125945334288197,graph2vec_mlp,7.8080541573318785,False,-1.7275556448494285
457,mlp_baseline,4.177927596896303,555555,4.34895362106024,555555,-4.093561226168417,4.3662482180626565,13451285,-4.507512799078964,4.413471496183108,23616558,-5.637816688393202,graph2vec_mlp,4.34895362106024,False,-4.093561226168417
1325,mlp_baseline,5.9802292842491,42,6.373023749956118,555555,-6.568217488609868,6.171093130423353,213626,-3.1915807421791564,5.752512264875025,1000,3.807830913337095,gat_mlp,5.752512264875025,True,3.807830913337095
6032,mlp_baseline,6.832310221553628,13451285,7.348639351090575,555555,-7.557167528899705,7.905131240296208,23616558,-15.702170773191645,7.960016231910855,555555,-16.505486047745546,graph2vec_mlp,7.348639351090575,False,-7.557167528899705
13544,mlp_baseline,34.37550670648712,13451285,26.90881215513142,213626,21.720973061166934,30.872738034117457,13451285,10.189722299304014,29.649594026453357,13451285,13.747906962901354,graph2vec_mlp,26.90881215513142,True,21.720973061166934
16920,mlp_baseline,7.219909141266268,555555,7.630044313817242,26008,-5.680614042727996,7.965773127437417,555555,-10.330656128455578,7.795126840180042,13451285,-7.967104400608682,graph2vec_mlp,7.630044313817242,False,-5.680614042727996
18568,mlp_baseline,17.509301497266183,618626816,17.47448506074793,618626816,0.19884537669128616,16.954249899371778,1000,3.1700384962876327,16.417995683507982,1000,6.232720442495046,gat_mlp,16.417995683507982,True,6.232720442495046
25032,mlp_baseline,9.326679622425752,555555,9.236868210088192,1000,0.9629516180829402,9.572214307348712,618626816,-2.6326055451993726,9.679057894189372,213626,-3.778174935014765,graph2vec_mlp,9.236868210088192,True,0.9629516180829402
26002,mlp_baseline,17.7118013419357,1000,21.14669796688105,907969,-19.39326530731037,24.432859950595432,5219788,-37.94678180330807,25.877202900406584,213626,-46.10147438328538,graph2vec_mlp,21.14669796688105,False,-19.39326530731037
26008,mlp_baseline,23.84566535201727,26008,23.8816494661219,5219788,-0.15090421497332943,21.9277028601154,13451285,8.043233281975157,23.11018805410348,907969,3.0843228194996453,gcn_mlp,21.9277028601154,True,8.043233281975157
26076,mlp_baseline,9.948976342195,1000,8.847450381010965,907969,11.071751739043831,9.198000434177374,1000,7.5482731307002116,9.199838990479511,23616558,7.529793276704175,graph2vec_mlp,8.847450381010965,True,11.071751739043831
26220,mlp_baseline,25.109178477642583,42,32.243665046941224,13451285,-28.41385900240124,32.93559935825323,26008,-31.169561710588635,31.438201617571263,42,-25.206014388579433,gat_mlp,31.438201617571263,False,-25.206014388579433
26372,mlp_baseline,21.384811762890784,555555,22.26860270780676,5219788,-4.132797401797217,22.45087657255285,26008,-4.985149373687806,21.792247952978595,618626816,-1.9052596515945857,gat_mlp,21.792247952978595,False,-1.9052596515945857
26768,mlp_baseline,19.236042864182416,555555,19.72989948746425,5219788,-2.567350399293396,19.611917433395885,907969,-1.95401191329922,21.52187373591404,555555,-11.883061853578255,gcn_mlp,19.611917433395885,False,-1.95401191329922
26924,mlp_baseline,12.918861102434544,213626,11.209296843584848,1000,13.233088004387092,10.669428395290002,13451285,17.41200473717176,11.782715604196188,5219788,8.794471039124733,gcn_mlp,10.669428395290002,True,17.41200473717176
30534,mlp_baseline,10.018649327209571,5219788,9.977124579591688,555555,0.4144745091047983,10.321663234748092,42,-3.024498589002089,10.562723208097072,1000,-5.4306110845686035,graph2vec_mlp,9.977124579591688,True,0.4144745091047983
48369,mlp_baseline,7.806243485095454,13451285,7.763386028264862,13451285,0.5490151173534356,8.178922017415365,42,-4.774108481646397,7.921230736900778,1000,-1.4730164646397559,graph2vec_mlp,7.763386028264862,True,0.5490151173534356
48375,mlp_baseline,10.282685896929571,23616558,10.695280749813405,1000,-4.012520240524267,13.124008047814463,23616558,-27.632100983783975,12.000014236549926,618626816,-16.701165015000143,graph2vec_mlp,10.695280749813405,False,-4.012520240524267
110187,mlp_baseline,35.13944633334291,555555,35.27985656339359,13451285,-0.3995800864894243,36.23560427996068,907969,-3.1194513886738635,36.38007220099954,13451285,-3.530578871071838,graph2vec_mlp,35.27985656339359,False,-0.3995800864894243
151815,mlp_baseline,8.931616440317988,213626,9.34830841363645,26008,-4.665359020988447,9.74921561845767,26008,-9.15398890674456,9.139408959282768,5219788,-2.3264827856555614,gat_mlp,9.139408959282768,False,-2.3264827856555614
151821,mlp_baseline,8.235765407287996,42,8.169320605159585,907969,0.8067835694981328,7.861478693345013,26008,4.5446500165214605,8.350274522320118,213626,-1.3903882562122403,gcn_mlp,7.861478693345013,True,4.5446500165214605
151828,mlp_baseline,7.057752696517246,213626,7.130576046463711,5219788,-1.031820652803549,7.3485200794693695,907969,-4.119829575434212,7.265016293993183,42,-2.936679795796951,graph2vec_mlp,7.130576046463711,False,-1.031820652803549
213624,mlp_baseline,7.9635039934145855,42,7.657210505865757,555555,3.8462150304955873,7.856126623216018,907969,1.3483683851651618,7.670486200868694,213626,3.679508326839577,graph2vec_mlp,7.657210505865757,True,3.8462150304955873
213625,mlp_baseline,7.134367350659339,1000,6.855395123849507,618626816,3.910258795183149,6.883540807985792,23616558,3.515750315973935,7.021697636523278,555555,1.5792530521385086,graph2vec_mlp,6.855395123849507,True,3.910258795183149
213626,mlp_baseline,13.704160079457402,1000,15.4375285728305,555555,-12.648483988241093,15.265613181918274,907969,-11.39400804870557,14.76877369600184,213626,-7.768543350134233,gat_mlp,14.76877369600184,False,-7.768543350134233
213627,mlp_baseline,13.580752104715584,1000,13.134543574713414,213626,3.2855951317102354,12.825176912195545,907969,5.563573995711801,13.25381823770361,213626,2.4073325578077074,gcn_mlp,12.825176912195545,True,5.563573995711801
213628,mlp_baseline,12.94169915891161,26008,12.703732334710416,1000,1.8387602839410107,12.4735166262957,618626816,3.617628001293185,12.54156132617028,555555,3.091849283683877,gcn_mlp,12.4735166262957,True,3.617628001293185
213629,mlp_baseline,13.347032185473472,26008,13.599924773172615,555555,-1.8947477175816265,13.418176688399967,13451285,-0.5330361232209141,13.24661556568021,555555,0.7523516718761778,gat_mlp,13.24661556568021,True,0.7523516718761778
213630,mlp_baseline,12.086395712459788,5219788,11.909387276842704,42,1.4645262312122347,11.988686655081954,26008,0.8084217967239518,11.857476801654093,1000,1.8940213133159696,gat_mlp,11.857476801654093,True,1.8940213133159696
213631,mlp_baseline,10.417448779336768,5219788,10.770430147258285,555555,-3.388366723930173,10.611143124648947,5219788,-1.8593261115559927,10.735848994036903,13451285,-3.0564125770571495,gcn_mlp,10.611143124648947,False,-1.8593261115559927
213633,mlp_baseline,9.808592079511657,42,9.660503325119516,13451285,1.5097860446401001,10.254573871886809,26008,-4.546848199618024,10.565507764130636,1000,-7.71686373011716,graph2vec_mlp,9.660503325119516,True,1.5097860446401001
213636,mlp_baseline,5.8314540651109485,555555,6.020997402714748,213626,-3.2503614962487637,5.937912623087565,907969,-1.825591984228232,6.464778413959578,5219788,-10.86048765500444,gcn_mlp,5.937912623087565,False,-1.825591984228232
213642,mlp_baseline,7.671518350738326,555555,7.495817658168818,1000,2.2902987979243834,7.819017323014004,907969,-1.9226829101110312,7.791839200686785,618626816,-1.568409856399271,graph2vec_mlp,7.495817658168818,True,2.2902987979243834
500056,mlp_baseline,13.368326676437276,618626816,14.380916495728338,907969,-7.574544247754139,14.51406293133505,23616558,-8.570528553264824,14.83092099856707,555555,-10.940743426832404,graph2vec_mlp,14.380916495728338,False,-7.574544247754139
500057,mlp_baseline,10.645128331153222,13451285,11.2018911386627,13451285,-5.230212264140576,11.421970454695956,907969,-7.2976304218830945,11.48018278483472,42,-7.844475216308029,graph2vec_mlp,11.2018911386627,False,-5.230212264140576
538923,mlp_baseline,7.1106628841824,23616558,7.155373498505237,907969,-0.6287826472872962,7.188082395815382,26008,-1.0887805102559573,7.157080432168798,42,-0.6527879150290445,graph2vec_mlp,7.155373498505237,False,-0.6287826472872962
545597,mlp_baseline,8.030555715747909,618626816,7.830829071842767,618626816,2.4870837209120915,7.787993689767675,26008,3.0204886755790716,7.849990159078361,213626,2.248481463312167,gcn_mlp,7.787993689767675,True,3.0204886755790716
545598,mlp_baseline,6.745561624664108,13451285,6.894328335531397,23616558,-2.20540140532326,6.984150475146723,42,-3.5369753292335453,6.822344243916032,213626,-1.1382687391243949,gat_mlp,6.822344243916032,False,-1.1382687391243949
545602,mlp_baseline,9.77687429290971,618626816,10.183566847657843,907969,-4.159740041283653,9.89313465941186,555555,-1.1891363540028657,10.009177220413108,555555,-2.376044945897135,gcn_mlp,9.89313465941186,False,-1.1891363540028657
582893,mlp_baseline,9.251499088761074,213626,9.718931752871844,907969,-5.052507270725649,9.355122447793,42,-1.1200710072793565,9.292009958254743,555555,-0.43788438073655367,gat_mlp,9.292009958254743,False,-0.43788438073655367
587317,mlp_baseline,4.641338603948456,1000,4.710911738327126,23616558,-1.4989885529895013,4.7130603260464135,13451285,-1.5452809677997386,4.716221535127927,5219788,-1.6133908247023165,graph2vec_mlp,4.710911738327126,False,-1.4989885529895013
606214,mlp_baseline,6.577341304105871,23616558,6.533179027582306,26008,0.6714305139676559,6.765270220687966,618626816,-2.857217040946033,6.420588599310981,23616558,2.383222909491377,gat_mlp,6.420588599310981,True,2.383222909491377
606230,mlp_baseline,5.684121275259779,555555,5.755989205603506,26008,-1.2643630715011964,5.895721822003134,42,-3.7226606628600583,5.7834521025614025,23616558,-1.747514215327577,graph2vec_mlp,5.755989205603506,False,-1.2643630715011964
680152,mlp_baseline,7.606947836533092,618626816,7.257771573035545,23616558,4.590228183511318,7.569580321218453,23616558,0.49122875715247605,7.444706773446276,13451285,2.13280104679616,graph2vec_mlp,7.257771573035545,True,4.590228183511318
904144,mlp_baseline,8.741171626483693,618626816,8.937162723416597,13451285,-2.242160494127547,10.804827010709475,23616558,-23.60845287573799,10.312220392663496,23616558,-17.972977002532424,graph2vec_mlp,8.937162723416597,False,-2.242160494127547
907967,mlp_baseline,14.279882318833296,42,14.213468987957324,1000,0.46508318061124476,14.179415110669105,13451285,0.7035576759038739,14.356237648359311,13451285,-0.5347055936540329,gcn_mlp,14.179415110669105,True,0.7035576759038739
907969,mlp_baseline,31.422106474832773,1000,33.13671675538705,618626816,-5.456700625489814,34.56948104559206,42,-10.0164340455028,34.29944854935789,213626,-9.157062964030423,graph2vec_mlp,33.13671675538705,False,-5.456700625489814
907970,mlp_baseline,7.388496467490602,213626,6.908389714808246,907969,6.49803048285705,7.185555962955251,618626816,2.7467090960696776,7.559914819555344,213626,-2.3200708401091203,graph2vec_mlp,6.908389714808246,True,6.49803048285705
908786,mlp_baseline,10.151296350691052,26008,10.504949750463949,555555,-3.483824996881526,11.807732915566636,907969,-16.317488009921234,11.257662302528333,618626816,-10.898765178517964,graph2vec_mlp,10.504949750463949,False,-3.483824996881526
911753,mlp_baseline,18.99178837794884,907969,22.594260620915037,23616558,-18.96857826801076,18.46248067594042,907969,2.787034540796558,19.40339125838934,42,-2.167267622455234,gcn_mlp,18.46248067594042,True,2.787034540796558
912509,mlp_baseline,8.040980711481929,213626,8.253477458081214,555555,-2.642672010092694,8.094341486887215,23616558,-0.663610289838042,7.958266289405573,26008,1.028660869167927,gat_mlp,7.958266289405573,True,1.028660869167927
915640,mlp_baseline,8.815198860916437,1000,7.671504625307969,42,12.974117245150484,6.919870389053245,907969,21.500688773641027,7.006843766355826,555555,20.51405899166083,gcn_mlp,6.919870389053245,True,21.500688773641027
916110,mlp_baseline,6.259194068659365,13451285,6.513048994774912,13451285,-4.055712657746667,6.409276638155669,23616558,-2.397793834956924,6.653175865123474,13451285,-6.294449287598053,gcn_mlp,6.409276638155669,False,-2.397793834956924
918537,mlp_baseline,7.672070129244935,1000,8.66690363915138,1000,-12.966950160091326,8.390581779230654,26008,-9.365290435065834,8.59131688386007,618626816,-11.981730343041127,gcn_mlp,8.390581779230654,False,-9.365290435065834
919137,mlp_baseline,12.735446010539734,213626,16.078838784710253,555555,-26.252655552098915,16.60842355715683,23616558,-30.41100832598918,15.3001310809765,23616558,-20.13816452375722,gat_mlp,15.3001310809765,False,-20.13816452375722
921558,mlp_baseline,4.798638979593913,1000,4.100142254548914,42,14.556142439873842,4.0532110002305775,907969,15.534154216086032,4.168012382158267,13451285,13.141780411432686,gcn_mlp,4.0532110002305775,True,15.534154216086032
932812,mlp_baseline,11.468907088236092,213626,10.92278879452375,26008,4.761729164869657,11.411490159876209,5219788,0.5006312102639396,11.02850528791839,13451285,3.839963101361517,graph2vec_mlp,10.92278879452375,True,4.761729164869657
933442,mlp_baseline,13.47499764549966,23616558,14.273513444888046,907969,-5.925906782292261,14.606857461866989,23616558,-8.399703258911847,13.986390861810422,5219788,-3.7951265726681345,gat_mlp,13.986390861810422,False,-3.7951265726681345
933457,mlp_baseline,12.609614588855916,5219788,12.856337154612822,26008,-1.9566225757205458,12.895754284328884,42,-2.2692184083552567,12.894905638850592,618626816,-2.2624882623043017,graph2vec_mlp,12.856337154612822,False,-1.9566225757205458
936693,mlp_baseline,4.75930092381496,5219788,4.789510502534754,42,-0.6347482372595726,4.811156534681134,26008,-1.0895636081066922,4.723879477557014,907969,0.7442573357927829,gat_mlp,4.723879477557014,True,0.7442573357927829
