window_start,window_end,n_active_nodes,holiday_tag
2021-01-23,2021-02-21,1416,
2021-01-24,2021-02-22,1415,
2021-01-25,2021-02-23,1415,
2021-01-26,2021-02-24,1415,
2021-01-27,2021-02-25,1418,
2021-01-28,2021-02-26,1419,
2021-01-29,2021-02-27,1419,
2021-01-30,2021-02-28,1419,
2021-01-31,2021-03-01,1419,
2021-02-01,2021-03-02,1420,
2021-02-02,2021-03-03,1420,
2021-02-03,2021-03-04,1421,
2021-02-04,2021-03-05,1421,
2021-02-05,2021-03-06,1420,
2021-02-06,2021-03-07,1420,
2021-02-07,2021-03-08,1420,
2021-02-08,2021-03-09,1420,
2021-02-09,2021-03-10,1420,
2021-02-10,2021-03-11,1421,
2021-02-11,2021-03-12,1421,
2021-02-12,2021-03-13,1421,
2021-02-13,2021-03-14,1421,
2021-02-14,2021-03-15,1422,
2021-02-15,2021-03-16,1422,
2021-02-16,2021-03-17,1422,
2021-02-17,2021-03-18,1422,
2021-02-18,2021-03-19,1422,
2021-02-19,2021-03-20,1422,
2021-02-20,2021-03-21,1421,
2021-02-21,2021-03-22,1421,
2021-02-22,2021-03-23,1422,
2021-02-23,2021-03-24,1422,
2021-02-24,2021-03-25,1422,
2021-02-25,2021-03-26,1422,
2021-02-26,2021-03-27,1422,
2021-02-27,2021-03-28,1422,
2021-02-28,2021-03-29,1422,
2021-03-01,2021-03-30,1422,
2021-03-02,2021-03-31,1422,
2021-03-03,2021-04-01,1422,
2021-03-04,2021-04-02,1422,
2021-03-05,2021-04-03,1425,
2021-03-06,2021-04-04,1425,
2021-03-07,2021-04-05,1425,
2021-03-08,2021-04-06,1425,
2021-03-09,2021-04-07,1425,
2021-03-10,2021-04-08,1424,
2021-03-11,2021-04-09,1424,
2021-03-12,2021-04-10,1425,
2021-03-13,2021-04-11,1424,
2021-03-14,2021-04-12,1424,
2021-03-15,2021-04-13,1424,
2021-03-16,2021-04-14,1424,
2021-03-17,2021-04-15,1424,
2021-03-18,2021-04-16,1424,
2021-03-19,2021-04-17,1424,
2021-03-20,2021-04-18,1424,
2021-03-21,2021-04-19,1424,
2021-03-22,2021-04-20,1424,
2021-03-23,2021-04-21,1423,
2021-03-24,2021-04-22,1424,
2021-03-25,2021-04-23,1424,
2021-03-26,2021-04-24,1424,
2021-03-27,2021-04-25,1424,
2021-03-28,2021-04-26,1424,
2021-03-29,2021-04-27,1424,
2021-03-30,2021-04-28,1424,
2021-03-31,2021-04-29,1424,
2021-04-01,2021-04-30,1424,
2021-04-02,2021-05-01,1424,
2021-04-03,2021-05-02,1424,
2021-04-04,2021-05-03,1424,
2021-04-05,2021-05-04,1424,
2021-04-06,2021-05-05,1424,
2021-04-07,2021-05-06,1424,
2021-04-08,2021-05-07,1424,
2021-04-09,2021-05-08,1424,
2021-04-10,2021-05-09,1423,
2021-04-11,2021-05-10,1423,
2021-04-12,2021-05-11,1423,
2021-04-13,2021-05-12,1423,
2021-04-14,2021-05-13,1425,
2021-04-15,2021-05-14,1425,
2021-04-16,2021-05-15,1425,
2021-04-17,2021-05-16,1425,
2021-04-18,2021-05-17,1425,
2021-04-19,2021-05-18,1425,
2021-04-20,2021-05-19,1424,
2021-04-21,2021-05-20,1424,
2021-04-22,2021-05-21,1424,
2021-04-23,2021-05-22,1424,
2021-04-24,2021-05-23,1423,
2021-04-25,2021-05-24,1423,
2021-04-26,2021-05-25,1423,
2021-04-27,2021-05-26,1423,
2021-04-28,2021-05-27,1423,
2021-04-29,2021-05-28,1423,
2021-04-30,2021-05-29,1423,
2021-05-01,2021-05-30,1423,
2021-05-02,2021-05-31,1422,
2021-05-03,2021-06-01,1422,
2021-05-04,2021-06-02,1421,
2021-05-05,2021-06-03,1421,
2021-05-06,2021-06-04,1421,
2021-05-07,2021-06-05,1421,
2021-05-08,2021-06-06,1420,
2021-05-09,2021-06-07,1420,
2021-05-10,2021-06-08,1420,
2021-05-11,2021-06-09,1421,
2021-05-12,2021-06-10,1422,
2021-05-13,2021-06-11,1422,
2021-05-14,2021-06-12,1422,
2021-05-15,2021-06-13,1421,
2021-05-16,2021-06-14,1421,
2021-05-17,2021-06-15,1421,
2021-05-18,2021-06-16,1422,
2021-05-19,2021-06-17,1422,
2021-05-20,2021-06-18,1422,
2021-05-21,2021-06-19,1422,
2021-05-22,2021-06-20,1421,
2021-05-23,2021-06-21,1421,
2021-05-24,2021-06-22,1421,
2021-05-25,2021-06-23,1421,
2021-05-26,2021-06-24,1422,
2021-05-27,2021-06-25,1422,
2021-05-28,2021-06-26,1422,
2021-05-29,2021-06-27,1421,
2021-05-30,2021-06-28,1421,
2021-05-31,2021-06-29,1421,
2021-06-01,2021-06-30,1421,
2021-06-02,2021-07-01,1422,
2021-06-03,2021-07-02,1422,
2021-06-04,2021-07-03,1422,
2021-06-05,2021-07-04,1422,
2021-06-06,2021-07-05,1422,
2021-06-07,2021-07-06,1422,
2021-06-08,2021-07-07,1422,
2021-06-09,2021-07-08,1422,
2021-06-10,2021-07-09,1422,
2021-06-11,2021-07-10,1424,
2021-06-12,2021-07-11,1424,
2021-06-13,2021-07-12,1424,
2021-06-14,2021-07-13,1424,
2021-06-15,2021-07-14,1424,
2021-06-16,2021-07-15,1425,
2021-06-17,2021-07-16,1425,
2021-06-18,2021-07-17,1425,
2021-06-19,2021-07-18,1425,
2021-06-20,2021-07-19,1425,
2021-06-21,2021-07-20,1425,
2021-06-22,2021-07-21,1425,
2021-06-23,2021-07-22,1423,
2021-06-24,2021-07-23,1423,
2021-06-25,2021-07-24,1422,
2021-06-26,2021-07-25,1422,
2021-06-27,2021-07-26,1422,
2021-06-28,2021-07-27,1422,
2021-06-29,2021-07-28,1423,
2021-06-30,2021-07-29,1423,
2021-07-01,2021-07-30,1422,
2021-07-02,2021-07-31,1423,
2021-07-03,2021-08-01,1423,
2021-07-04,2021-08-02,1423,
2021-07-05,2021-08-03,1422,
2021-07-06,2021-08-04,1422,
2021-07-07,2021-08-05,1421,
2021-07-08,2021-08-06,1421,
2021-07-09,2021-08-07,1421,
2021-07-10,2021-08-08,1422,
2021-07-11,2021-08-09,1422,
2021-07-12,2021-08-10,1423,
2021-07-13,2021-08-11,1423,
2021-07-14,2021-08-12,1423,
2021-07-15,2021-08-13,1423,
2021-07-16,2021-08-14,1423,
2021-07-17,2021-08-15,1423,
2021-07-18,2021-08-16,1422,
2021-07-19,2021-08-17,1422,
2021-07-20,2021-08-18,1421,
2021-07-21,2021-08-19,1421,
2021-07-22,2021-08-20,1422,
2021-07-23,2021-08-21,1422,
2021-07-24,2021-08-22,1422,
2021-07-25,2021-08-23,1422,
2021-07-26,2021-08-24,1421,
2021-07-27,2021-08-25,1421,
2021-07-28,2021-08-26,1421,
2021-07-29,2021-08-27,1421,
2021-07-30,2021-08-28,1421,
2021-07-31,2021-08-29,1421,
2021-08-01,2021-08-30,1420,
2021-08-02,2021-08-31,1419,
2021-08-03,2021-09-01,1419,
2021-08-04,2021-09-02,1419,
2021-08-05,2021-09-03,1418,
2021-08-06,2021-09-04,1418,
2021-08-07,2021-09-05,1417,
2021-08-08,2021-09-06,1417,
2021-08-09,2021-09-07,1416,
2021-08-10,2021-09-08,1417,
2021-08-11,2021-09-09,1418,
2021-08-12,2021-09-10,1419,
2021-08-13,2021-09-11,1419,
2021-08-14,2021-09-12,1418,
2021-08-15,2021-09-13,1418,
2021-08-16,2021-09-14,1420,
2021-08-17,2021-09-15,1420,
2021-08-18,2021-09-16,1420,
2021-08-19,2021-09-17,1420,
2021-08-20,2021-09-18,1420,
2021-08-21,2021-09-19,1419,
2021-08-22,2021-09-20,1419,
2021-08-23,2021-09-21,1419,
2021-08-24,2021-09-22,1419,
2021-08-25,2021-09-23,1421,
2021-08-26,2021-09-24,1420,
2021-08-27,2021-09-25,1421,
2021-08-28,2021-09-26,1421,
2021-08-29,2021-09-27,1421,
2021-08-30,2021-09-28,1421,
2021-08-31,2021-09-29,1421,
2021-09-01,2021-09-30,1422,
2021-09-02,2021-10-01,1422,
2021-09-03,2021-10-02,1422,
2021-09-04,2021-10-03,1421,
2021-09-05,2021-10-04,1422,
2021-09-06,2021-10-05,1423,
2021-09-07,2021-10-06,1423,
2021-09-08,2021-10-07,1423,
2021-09-09,2021-10-08,1423,
2021-09-10,2021-10-09,1423,
2021-09-11,2021-10-10,1423,
2021-09-12,2021-10-11,1423,
2021-09-13,2021-10-12,1423,
2021-09-14,2021-10-13,1422,
2021-09-15,2021-10-14,1422,
2021-09-16,2021-10-15,1421,
2021-09-17,2021-10-16,1421,
2021-09-18,2021-10-17,1423,
2021-09-19,2021-10-18,1422,
2021-09-20,2021-10-19,1423,
2021-09-21,2021-10-20,1423,
2021-09-22,2021-10-21,1423,
2021-09-23,2021-10-22,1424,
2021-09-24,2021-10-23,1425,
2021-09-25,2021-10-24,1426,
2021-09-26,2021-10-25,1426,
2021-09-27,2021-10-26,1426,
2021-09-28,2021-10-27,1426,
2021-09-29,2021-10-28,1425,
2021-09-30,2021-10-29,1425,
2021-10-01,2021-10-30,1423,
2021-10-02,2021-10-31,1424,
2021-10-03,2021-11-01,1423,
2021-10-04,2021-11-02,1423,
2021-10-05,2021-11-03,1422,
2021-10-06,2021-11-04,1423,
2021-10-07,2021-11-05,1423,
2021-10-08,2021-11-06,1423,
2021-10-09,2021-11-07,1425,
2021-10-10,2021-11-08,1425,
2021-10-11,2021-11-09,1423,
2021-10-12,2021-11-10,1421,
2021-10-13,2021-11-11,1420,
2021-10-14,2021-11-12,1421,
2021-10-15,2021-11-13,1420,
2021-10-16,2021-11-14,1420,
2021-10-17,2021-11-15,1421,
2021-10-18,2021-11-16,1422,
2021-10-19,2021-11-17,1422,
2021-10-20,2021-11-18,1422,
2021-10-21,2021-11-19,1423,
2021-10-22,2021-11-20,1422,thanksgiving
2021-10-23,2021-11-21,1422,thanksgiving
2021-10-24,2021-11-22,1422,thanksgiving
2021-10-25,2021-11-23,1422,thanksgiving
2021-10-26,2021-11-24,1423,thanksgiving
2021-10-27,2021-11-25,1422,thanksgiving
2021-10-28,2021-11-26,1421,thanksgiving
2021-10-29,2021-11-27,1420,thanksgiving
2021-10-30,2021-11-28,1420,thanksgiving
2021-10-31,2021-11-29,1420,thanksgiving
2021-11-01,2021-11-30,1419,thanksgiving
2021-11-02,2021-12-01,1420,thanksgiving
2021-11-03,2021-12-02,1420,
2021-11-04,2021-12-03,1420,
2021-11-05,2021-12-04,1418,
2021-11-06,2021-12-05,1419,
2021-11-07,2021-12-06,1418,
2021-11-08,2021-12-07,1420,
2021-11-09,2021-12-08,1420,
2021-11-10,2021-12-09,1419,
2021-11-11,2021-12-10,1418,
2021-11-12,2021-12-11,1418,
2021-11-13,2021-12-12,1418,
2021-11-14,2021-12-13,1415,
2021-11-15,2021-12-14,1415,
2021-11-16,2021-12-15,1416,
2021-11-17,2021-12-16,1416,
2021-11-18,2021-12-17,1414,
2021-11-19,2021-12-18,1416,christmas
2021-11-20,2021-12-19,1416,christmas
2021-11-21,2021-12-20,1415,christmas
2021-11-22,2021-12-21,1415,christmas
2021-11-23,2021-12-22,1414,christmas
2021-11-24,2021-12-23,1414,christmas
2021-11-25,2021-12-24,1415,christmas
2021-11-26,2021-12-25,1414,christmas
2021-11-27,2021-12-26,1413,christmas
2021-11-28,2021-12-27,1413,christmas
2021-11-29,2021-12-28,1414,new_year_eve
2021-11-30,2021-12-29,1416,new_year_eve
2021-12-01,2021-12-30,1416,new_year_eve
2021-12-02,2021-12-31,1416,new_year_eve
2021-12-03,2022-01-01,1416,new_year_eve
2021-12-04,2022-01-02,1416,new_year_eve
2021-12-05,2022-01-03,1415,
2021-12-06,2022-01-04,1415,
2021-12-07,2022-01-05,1415,
2021-12-08,2022-01-06,1415,
2021-12-09,2022-01-07,1414,
2021-12-10,2022-01-08,1415,
2021-12-11,2022-01-09,1414,
2021-12-12,2022-01-10,1412,
2021-12-13,2022-01-11,1411,
2021-12-14,2022-01-12,1408,
2021-12-15,2022-01-13,1410,
2021-12-16,2022-01-14,1411,
2021-12-17,2022-01-15,1412,
2021-12-18,2022-01-16,1413,christmas
2021-12-19,2022-01-17,1413,christmas
2021-12-20,2022-01-18,1413,christmas
2021-12-21,2022-01-19,1415,christmas
2021-12-22,2022-01-20,1414,christmas
2021-12-23,2022-01-21,1415,christmas
2021-12-24,2022-01-22,1413,christmas
2021-12-25,2022-01-23,1412,christmas
2021-12-26,2022-01-24,1413,christmas
2021-12-27,2022-01-25,1413,christmas
2021-12-28,2022-01-26,1412,new_year_eve
2021-12-29,2022-01-27,1412,new_year_eve
2021-12-30,2022-01-28,1412,new_year_eve
2021-12-31,2022-01-29,1411,new_year_eve
2022-01-01,2022-01-30,1411,new_year_eve
2022-01-02,2022-01-31,1411,new_year_eve
2022-01-03,2022-02-01,1414,
2022-01-04,2022-02-02,1414,
2022-01-05,2022-02-03,1413,
2022-01-06,2022-02-04,1412,
2022-01-07,2022-02-05,1413,
2022-01-08,2022-02-06,1413,
2022-01-09,2022-02-07,1412,
2022-01-10,2022-02-08,1411,
2022-01-11,2022-02-09,1412,
2022-01-12,2022-02-10,1415,
2022-01-13,2022-02-11,1415,
2022-01-14,2022-02-12,1415,
2022-01-15,2022-02-13,1413,
2022-01-16,2022-02-14,1412,
2022-01-17,2022-02-15,1414,
2022-01-18,2022-02-16,1414,
2022-01-19,2022-02-17,1415,
2022-01-20,2022-02-18,1415,
2022-01-21,2022-02-19,1418,
2022-01-22,2022-02-20,1417,
2022-01-23,2022-02-21,1417,
2022-01-24,2022-02-22,1418,
2022-01-25,2022-02-23,1418,
2022-01-26,2022-02-24,1419,
2022-01-27,2022-02-25,1420,
2022-01-28,2022-02-26,1419,
2022-01-29,2022-02-27,1420,
2022-01-30,2022-02-28,1419,
2022-01-31,2022-03-01,1418,
2022-02-01,2022-03-02,1419,
2022-02-02,2022-03-03,1418,
2022-02-03,2022-03-04,1418,
2022-02-04,2022-03-05,1418,
2022-02-05,2022-03-06,1418,
2022-02-06,2022-03-07,1417,
2022-02-07,2022-03-08,1416,
2022-02-08,2022-03-09,1417,
2022-02-09,2022-03-10,1417,
2022-02-10,2022-03-11,1417,
2022-02-11,2022-03-12,1417,
2022-02-12,2022-03-13,1416,
2022-02-13,2022-03-14,1415,
2022-02-14,2022-03-15,1413,
2022-02-15,2022-03-16,1412,
2022-02-16,2022-03-17,1412,
2022-02-17,2022-03-18,1417,
2022-02-18,2022-03-19,1417,
2022-02-19,2022-03-20,1417,
2022-02-20,2022-03-21,1417,
2022-02-21,2022-03-22,1417,
2022-02-22,2022-03-23,1419,
2022-02-23,2022-03-24,1420,
2022-02-24,2022-03-25,1419,
2022-02-25,2022-03-26,1419,
2022-02-26,2022-03-27,1418,
2022-02-27,2022-03-28,1418,
2022-02-28,2022-03-29,1418,
2022-03-01,2022-03-30,1418,
2022-03-02,2022-03-31,1418,
2022-03-03,2022-04-01,1419,
2022-03-04,2022-04-02,1418,
2022-03-05,2022-04-03,1419,
2022-03-06,2022-04-04,1418,
2022-03-07,2022-04-05,1417,
2022-03-08,2022-04-06,1416,
2022-03-09,2022-04-07,1417,
2022-03-10,2022-04-08,1417,
2022-03-11,2022-04-09,1420,
2022-03-12,2022-04-10,1418,
2022-03-13,2022-04-11,1417,
2022-03-14,2022-04-12,1416,
2022-03-15,2022-04-13,1418,
2022-03-16,2022-04-14,1418,
2022-03-17,2022-04-15,1419,
2022-03-18,2022-04-16,1419,
2022-03-19,2022-04-17,1419,
2022-03-20,2022-04-18,1420,
2022-03-21,2022-04-19,1420,
2022-03-22,2022-04-20,1420,
2022-03-23,2022-04-21,1420,
2022-03-24,2022-04-22,1420,
2022-03-25,2022-04-23,1420,
2022-03-26,2022-04-24,1419,
2022-03-27,2022-04-25,1419,
2022-03-28,2022-04-26,1418,
2022-03-29,2022-04-27,1418,
2022-03-30,2022-04-28,1418,
2022-03-31,2022-04-29,1419,
2022-04-01,2022-04-30,1419,
2022-04-02,2022-05-01,1420,
2022-04-03,2022-05-02,1419,
2022-04-04,2022-05-03,1420,
2022-04-05,2022-05-04,1420,
2022-04-06,2022-05-05,1420,
2022-04-07,2022-05-06,1420,
2022-04-08,2022-05-07,1419,
2022-04-09,2022-05-08,1419,
2022-04-10,2022-05-09,1418,
2022-04-11,2022-05-10,1420,
2022-04-12,2022-05-11,1420,
2022-04-13,2022-05-12,1422,
2022-04-14,2022-05-13,1422,
2022-04-15,2022-05-14,1422,
2022-04-16,2022-05-15,1422,
2022-04-17,2022-05-16,1422,
2022-04-18,2022-05-17,1423,
2022-04-19,2022-05-18,1423,
2022-04-20,2022-05-19,1423,
2022-04-21,2022-05-20,1422,
2022-04-22,2022-05-21,1423,
2022-04-23,2022-05-22,1423,
2022-04-24,2022-05-23,1423,
2022-04-25,2022-05-24,1423,
2022-04-26,2022-05-25,1423,
2022-04-27,2022-05-26,1423,
2022-04-28,2022-05-27,1423,
2022-04-29,2022-05-28,1422,
2022-04-30,2022-05-29,1421,
2022-05-01,2022-05-30,1421,
2022-05-02,2022-05-31,1420,
2022-05-03,2022-06-01,1421,
2022-05-04,2022-06-02,1421,
2022-05-05,2022-06-03,1422,
2022-05-06,2022-06-04,1422,
2022-05-07,2022-06-05,1422,
2022-05-08,2022-06-06,1422,
2022-05-09,2022-06-07,1423,
2022-05-10,2022-06-08,1422,
2022-05-11,2022-06-09,1422,
2022-05-12,2022-06-10,1421,
2022-05-13,2022-06-11,1422,
2022-05-14,2022-06-12,1422,
2022-05-15,2022-06-13,1422,
2022-05-16,2022-06-14,1423,
2022-05-17,2022-06-15,1423,
2022-05-18,2022-06-16,1420,
2022-05-19,2022-06-17,1422,
2022-05-20,2022-06-18,1422,
2022-05-21,2022-06-19,1422,
2022-05-22,2022-06-20,1421,
2022-05-23,2022-06-21,1421,
2022-05-24,2022-06-22,1420,
2022-05-25,2022-06-23,1420,
2022-05-26,2022-06-24,1422,
2022-05-27,2022-06-25,1423,
2022-05-28,2022-06-26,1422,
2022-05-29,2022-06-27,1421,
2022-05-30,2022-06-28,1420,
2022-05-31,2022-06-29,1420,
2022-06-01,2022-06-30,1420,
2022-06-02,2022-07-01,1422,
2022-06-03,2022-07-02,1421,
2022-06-04,2022-07-03,1421,
2022-06-05,2022-07-04,1421,
2022-06-06,2022-07-05,1421,
2022-06-07,2022-07-06,1421,
2022-06-08,2022-07-07,1421,
2022-06-09,2022-07-08,1420,
2022-06-10,2022-07-09,1420,
2022-06-11,2022-07-10,1420,
2022-06-12,2022-07-11,1422,
2022-06-13,2022-07-12,1421,
2022-06-14,2022-07-13,1421,
2022-06-15,2022-07-14,1421,
2022-06-16,2022-07-15,1421,
2022-06-17,2022-07-16,1422,
2022-06-18,2022-07-17,1422,
2022-06-19,2022-07-18,1422,
2022-06-20,2022-07-19,1422,
2022-06-21,2022-07-20,1422,
2022-06-22,2022-07-21,1422,
2022-06-23,2022-07-22,1422,
2022-06-24,2022-07-23,1422,
2022-06-25,2022-07-24,1422,
2022-06-26,2022-07-25,1422,
2022-06-27,2022-07-26,1422,
2022-06-28,2022-07-27,1421,
2022-06-29,2022-07-28,1421,
2022-06-30,2022-07-29,1421,
2022-07-01,2022-07-30,1421,
2022-07-02,2022-07-31,1419,
2022-07-03,2022-08-01,1419,
2022-07-04,2022-08-02,1419,
2022-07-05,2022-08-03,1419,
2022-07-06,2022-08-04,1419,
2022-07-07,2022-08-05,1419,
2022-07-08,2022-08-06,1416,
2022-07-09,2022-08-07,1415,
2022-07-10,2022-08-08,1416,
2022-07-11,2022-08-09,1416,
2022-07-12,2022-08-10,1415,
2022-07-13,2022-08-11,1415,
2022-07-14,2022-08-12,1418,
2022-07-15,2022-08-13,1419,
2022-07-16,2022-08-14,1420,
2022-07-17,2022-08-15,1420,
2022-07-18,2022-08-16,1420,
2022-07-19,2022-08-17,1420,
2022-07-20,2022-08-18,1422,
2022-07-21,2022-08-19,1422,
2022-07-22,2022-08-20,1422,
2022-07-23,2022-08-21,1423,
2022-07-24,2022-08-22,1423,
2022-07-25,2022-08-23,1422,
2022-07-26,2022-08-24,1422,
2022-07-27,2022-08-25,1418,
2022-07-28,2022-08-26,1418,
2022-07-29,2022-08-27,1418,
2022-07-30,2022-08-28,1419,
2022-07-31,2022-08-29,1419,
2022-08-01,2022-08-30,1421,
2022-08-02,2022-08-31,1421,
2022-08-03,2022-09-01,1422,
2022-08-04,2022-09-02,1421,
2022-08-05,2022-09-03,1422,
2022-08-06,2022-09-04,1422,
2022-08-07,2022-09-05,1422,
2022-08-08,2022-09-06,1422,
2022-08-09,2022-09-07,1422,
2022-08-10,2022-09-08,1422,
2022-08-11,2022-09-09,1422,
2022-08-12,2022-09-10,1420,
2022-08-13,2022-09-11,1420,
2022-08-14,2022-09-12,1419,
2022-08-15,2022-09-13,1418,
2022-08-16,2022-09-14,1417,
2022-08-17,2022-09-15,1417,
2022-08-18,2022-09-16,1417,
2022-08-19,2022-09-17,1418,
2022-08-20,2022-09-18,1417,
2022-08-21,2022-09-19,1417,
2022-08-22,2022-09-20,1417,
2022-08-23,2022-09-21,1417,
2022-08-24,2022-09-22,1417,
