item_id,cat_label,cluster,trend_strength,trend_changes,lr_slope,lr_r2,forecastability,fluctuation,ac_relevance,seasonal_strength,window_fluctuation,st_variation,diff_series,complexity,rec_concentration,centroid
457,refrigerated drnks,0,0.31013298674130463,117,-0.015193326990845142,0.13321707521897108,0.15404803960065078,0.9302631578947368,0.8944361347601585,0.3037196343317867,0.6808510638297872,-0.6654994140773812,0.21614663113194282,32.76251590372219,-0.5181551689678976,305.44490280537127
1325,refrigerated drnks,0,0.19036989884675437,109,-0.005852007277705681,0.024481382016995346,0.15009009878349697,0.9592105263157895,0.7468237937528273,0.2848556889224343,0.1702127659574468,-0.27554979676492114,0.23432786378851506,35.884077910210216,-0.19010583660456049,354.638626595105
16920,yogurt,0,0.196622431033872,123,-0.0063005740369320145,0.014307341629230308,0.15375779677200746,0.9473684210526315,0.7274010583325322,0.26742273015992357,0.8723404255319149,-0.02533388947085965,0.2512975880540426,36.3335237883776,-0.42600276828247746,348.89113391115393
25032,yogurt,0,0.2665725154768217,123,-0.0009527346670711063,0.00021943319104111847,0.15542728178828946,0.95,0.804355991793422,0.30436538288993065,0.851063829787234,-0.31917488530330274,0.23219075637954345,34.562209448608,-0.6847229049890744,381.7550519810661
26076,yogurt,0,0.3212969196166129,127,-0.005279876359600565,0.009805288704047954,0.15404988189147403,0.9342105263157895,0.8520927427365614,0.30921900471890174,0.8085106382978723,-0.29993129258253676,0.2223967929716747,33.57064296689795,-0.5234787067007707,364.17999222170647
26372,dairy cream,0,0.4216029404140761,129,-0.03273935586532214,0.09466874919875812,0.15498829997144567,0.8644736842105263,1.2031314318827944,0.3530432744221086,0.1276595744680851,0.3239103704399219,0.19164861276801232,30.095149287887907,-0.24027219412110168,327.07896463021615
30534,yogurt,0,0.41561507292005406,128,-0.0006791944422812704,0.00011163640734501712,0.15643777387030025,0.9210526315789473,0.9275479032025151,0.31726455457301694,0.1276595744680851,-0.1405096276856612,0.30742688528775813,32.18495995338265,0.10354644090017129,391.4298855562629
110187,bottled water,0,0.1801793644878391,149,0.011459472970816745,0.0015132405075789501,0.1589506533807899,0.9710526315789474,0.9918975687389862,0.3126750023945988,0.14893617021276595,0.034711752277901,0.13838930073195962,31.12178971314825,-0.2204729014084087,385.70436948256014
151815,dairy chs,0,0.2633806028110436,130,0.0014358819643706085,0.0005469505386485052,0.16177788588125733,0.9618421052631579,1.0692457889916969,0.2510469616079857,0.14893617021276595,-0.14016842488511336,0.18658282523251302,30.648181015429063,-0.11588564145076252,379.5797250031861
151821,dairy chs,0,0.2926234976473876,125,-0.0017337647096623483,0.0013912331698889835,0.1576309591991924,0.9328947368421052,0.9788195997317956,0.31840855879818986,0.7659574468085106,-0.46945729422178417,0.20578883551786623,31.31665794807161,-0.1721973771941837,374.6699105429109
151828,dairy chs,0,0.3212635862720312,123,0.007119261468621838,0.021513686546622335,0.16111456978826907,0.9289473684210526,0.9926084377622569,0.2874237980832902,0.1276595744680851,0.21132085696092945,0.17943114652983114,31.123295708486197,0.028418446713262102,405.6569767105286
213624,milknplant based bevs,0,0.11997422292970406,116,-0.009161991033021415,0.030582663308404534,0.16361458973917997,0.975,0.6756406272875044,0.3062736349591576,0.723404255319149,-0.16072824584054896,0.2911438714894581,37.72681333110778,0.40764917661372024,358.5865941172486
213625,milknplant based bevs,0,0.05432921110563382,122,-0.0018785945380176254,0.001149308718088049,0.17135925551921444,0.9710526315789474,0.7654444668489123,0.21627988213248783,0.7872340425531915,-0.526383031194081,0.23485986601378653,35.44335475030172,-0.5330381276749452,375.5288400772029
213626,milknplant based bevs,0,0.1834519130402401,134,0.007209933273175902,0.005480831607665437,0.15838846008566296,0.9723684210526315,0.8408583630153591,0.3043312070061598,0.8723404255319149,-0.9758522881946969,0.1636807942843527,33.80362583601145,0.12477669277605519,389.4592228163042
213627,milknplant based bevs,0,0.14303186294600767,133,0.01139319814430486,0.014448693154731518,0.16848059417157038,0.968421052631579,0.7601369576699559,0.24090432748759782,0.5319148936170213,-1.2021352917078665,0.2542716407024657,35.560013610994794,-0.44031436978902194,392.52130783780785
213628,milknplant based bevs,0,0.09780313603826662,137,-0.007324756996840919,0.0057895845551089176,0.17095354107802152,0.9723684210526315,0.7398342053580925,0.2353138584734178,0.6808510638297872,-0.4753523866808074,0.2684559875913841,36.05226039833329,-0.46414907907195313,368.0760885519256
213629,milknplant based bevs,0,0.11715115425654388,130,-0.004936902770963026,0.002889937494255257,0.16881173540863686,0.9763157894736842,0.7971619165552295,0.24331302186666703,0.5319148936170213,-0.9810199565482977,0.2597269402590397,34.680807142953576,-0.7519526634317657,372.5907151082104
213630,milknplant based bevs,0,0.16831346891251464,125,0.005676681226797684,0.0071558285459440985,0.15407347716929276,0.9539473684210527,0.7608965461906256,0.342343480978498,0.8723404255319149,-0.2479125882099755,0.18857461797868297,35.49895869074273,0.3052532991162309,390.8287284229152
213631,milknplant based bevs,0,0.1362223195870419,131,-0.005004348434590775,0.005951812725015659,0.15241190757743456,0.968421052631579,0.7016519548871752,0.29568346979635995,0.8085106382978723,-0.06087809647131003,0.2028939634356572,37.027956468645165,-0.4895440154110715,367.64880115638607
213633,milknplant based bevs,0,0.2217280460512282,116,-0.0018684654355268983,0.0008967782349584841,0.14731126001122494,0.9565789473684211,0.7648160530755592,0.3148305479381792,0.851063829787234,-0.7516720901458787,0.22789237759494022,35.450763381371935,0.04758214907842273,374.98110711023577
213636,milknplant based bevs,0,0.1466782512703979,115,-0.014503104896658653,0.05383777393211442,0.15296451412767603,0.9407894736842105,0.5976676046466649,0.28862061765297964,0.6170212765957447,0.2053313460468919,0.3847136830575626,40.11664446960206,-0.41717599150274615,303.04602438650875
213642,milknplant based bevs,0,0.1949133472820862,113,-0.0022242637748986693,0.0012914157745250732,0.14464277875069703,0.9342105263157895,0.7136002866603776,0.3496953074944843,0.1276595744680851,1.1824360331492119,0.20879937314214786,36.63175495971161,0.8091392393436767,349.643278099459
500057,carbonated sft drnks,0,0.40872187113351377,135,-0.0012860964998505134,0.00042523005929717694,0.15434320663105067,0.9552631578947368,0.9658931480165663,0.38164698929027574,0.2765957446808511,0.028243773517262913,0.27477393970760966,31.525852049039223,-0.5225914301179481,373.63712434991834
538923,eggs egg substitutes,0,0.21801706303535473,127,0.0003148462690866873,4.868675518387988e-05,0.15991602836038593,0.9407894736842105,0.9579458597677123,0.258426872562209,0.1702127659574468,-0.5332680480463319,0.15952820458982364,31.64525123432401,0.3899615704777337,385.5230345181244
545597,sparkling seltzer mixer,0,0.2377550325785306,127,-0.008830017867518965,0.02447339584866215,0.1497897493354998,0.9644736842105263,0.6855825251585013,0.32167020883767317,0.574468085106383,-0.14719521881234676,0.2566607872344109,37.45405356636542,-0.43089026471038105,340.91677864536047
545598,sparkling seltzer mixer,0,0.250928940051537,115,-0.010180483179971823,0.03707184540964048,0.14961200072088604,0.9631578947368421,0.7093773147229672,0.30915359904943496,0.6170212765957447,0.14149442462743886,0.26347444061432007,36.815247400990984,-0.6978717011686235,338.8059009316119
545602,sparkling seltzer mixer,0,0.1749858599380918,130,-0.003256914882319977,0.0018888605629238109,0.15170960225757407,0.9776315789473684,0.7075546261220589,0.32934654460645585,0.6595744680851063,-0.44616875222078634,0.2288815313907081,36.86450494655404,-0.5177234188228028,369.8577265698168
582893,sparkling seltzer mixer,0,0.2692251935867117,126,-0.013632791716790289,0.046417168887229465,0.15087067056338943,0.9710526315789474,0.7642794776445234,0.303589074041433,0.6170212765957447,-0.10530867674034416,0.22796454921873427,35.45206553056762,-0.5788464378363992,338.4935770487068
587317,milknplant based bevs,0,0.1748387771620411,97,9.90310369859282e-05,1.3991151321168793e-05,0.1481511118433517,0.9368421052631579,0.650505818811391,0.33686308476738247,0.8723404255319149,-0.19556785729722262,0.28743696812979136,38.44061063713954,0.5088700922601974,379.3714338950768
606214,refrigerated drnks,0,0.1418279680300627,124,-0.004335800441432821,0.012255923852680706,0.1527977744648348,0.9473684210526315,0.6895883256944729,0.2746961298088971,0.1276595744680851,-0.1679965719733206,0.2231311649937038,37.3415215677835,-0.5286263609822381,362.9283385086452
606230,refrigerated drnks,0,0.13780997817645568,104,-0.0013388930851449094,0.001272681939261111,0.1527035669009494,0.9394736842105263,0.7730567931242874,0.3156864391959229,0.1276595744680851,-0.8996452429320433,0.18326951303582115,35.26457560286274,-0.008600901102080893,373.084678506069
680152,sparkling seltzer mixer,0,0.2732978479216619,128,-0.005781702593213609,0.007888770014981672,0.1492343150349273,0.9618421052631579,0.7169457683297097,0.3165678998396899,0.5531914893617021,-0.3992048677895428,0.31224902856910586,36.59434617400658,-0.42804304808007704,358.1756862050987
907967,eggs egg substitutes,0,0.16832566416488826,135,-0.003099069701839521,0.0012561105195666444,0.1643620753583433,0.9842105263157894,0.7904407979007986,0.28451688489757687,0.1276595744680851,-0.6483235271271356,0.19423334291024044,34.882899564647346,-0.24000066975044887,376.570345412436
907970,eggs egg substitutes,0,0.37126082180955833,116,-0.0009332388676534735,0.0004285042233531655,0.16436799434966995,0.9460526315789474,0.9315999394172512,0.2788943066969104,0.1276595744680851,-0.3818306246630193,0.24304460435699907,32.098044495992596,-0.18077741715999907,386.320734772831
911753,eggs egg substitutes,0,0.2936545333825663,139,-0.03158142518650345,0.033850551884011204,0.17861775378969488,0.9605263157894737,1.1135424118541648,0.24277638977091964,0.574468085106383,-1.085412137638001,0.21886098293267647,30.079678553271577,-0.05488545838510417,352.71597693007146
912509,carbonated sft drnks,0,0.35340204836355893,126,-0.004011995906971274,0.00570140074044001,0.15561769404301065,0.9552631578947368,1.256418931529687,0.3388848593993016,0.2553191489361702,-0.23350661226816438,0.13670538560600934,29.931512531743326,-0.30272471139223905,355.8482097767902
915640,carbonated sft drnks,0,0.3577699899025465,118,0.00489641358977026,0.013434084430339,0.1495728681157161,0.968421052631579,0.7905778756266686,0.3773659111431257,0.5957446808510638,-0.04167364880764649,0.2550476273804121,34.88342671727246,-0.47901203658986136,391.86043216084835
916110,eggs egg substitutes,0,0.15304462377202466,119,0.0021976612664754438,0.0018107204934965093,0.15868985319358903,0.9394736842105263,0.817868334174079,0.27161423718585875,0.1276595744680851,-0.48896268114056857,0.23802072826071466,34.16283989919672,-0.03542945211373505,382.59546878403137
918537,eggs egg substitutes,0,0.3114174448947864,117,0.0019680138191454184,0.0016321166865082004,0.15372379851560333,0.9526315789473684,1.089643741360935,0.29988870088835906,0.1702127659574468,-0.19555688778624827,0.18154818973305167,30.571925521189897,-0.4609333165749938,387.7365139353279
921558,carbonated sft drnks,0,0.30480345401762665,104,0.004479459432672236,0.025979919838988175,0.14805554552565675,0.9289473684210526,0.7716532964486225,0.3532650517496564,0.5319148936170213,-0.12757293065487874,0.2411857603667753,35.307145514964525,0.05592458830673275,401.63314487047256
932812,eggs egg substitutes,0,0.23465509813421093,129,0.003778373059201338,0.0028593677328949685,0.16094376268400462,0.9736842105263158,0.9256560715548109,0.23493193568389148,0.1276595744680851,-0.31413708479068064,0.18377377609129067,32.16997894886383,-0.5770512309340412,389.4079471949956
936693,carbonated sft drnks,0,0.16964194467279703,96,0.002552125396110534,0.00901403328826289,0.14664625730889835,0.9210526315789473,0.6233301303120604,0.3554753756130582,0.8297872340425532,-0.16737909472377907,0.297632070178144,39.27157755460119,-0.602191142099765,391.91239126912166
900087600,bottled water,0,0.5219281396635602,119,0.004938727098562149,0.005995145239365396,0.15839392171387146,0.9657894736842105,1.6184959083201516,0.32244559052239674,0.5106382978723404,-0.17149905738666688,0.2731729757520287,30.392938833896928,-0.3646503441798834,386.74867523534886
278,sour cream,1,0.4887435040691641,112,0.008926407713801666,0.03114709772843094,0.1559628760120742,0.9460526315789474,1.8494651488929144,0.32855773834244406,0.8723404255319149,-0.8210111783115344,0.16273042689185827,27.8139607300746,-0.533027458862417,428.13310052609705
6032,dips refrigerated,1,0.4499760179365956,118,0.0072010839228815885,0.012045358453073751,0.163334779203823,0.9328947368421052,1.7265732447162327,0.3132540816900826,0.3617021276595745,-1.0122824518697697,0.15432658074233682,25.838327078210682,0.10144224776243771,426.1089576850333
13544,bottled water,1,0.3689672693334697,146,0.0025654402647072175,0.00014402698458271246,0.1803502908772346,0.9486842105263158,2.1399691201427102,0.4945273369547596,0.14893617021276595,0.04577486749253512,0.08749270854373462,23.881008023199463,-0.7878674671665945,378.0968229287384
18568,dairy cream,1,0.3413820396265683,134,0.0009299986440072473,0.00018449030279121814,0.15782221752397027,0.8447368421052631,1.497716702204482,0.299370798466295,0.1276595744680851,-0.32463900873535123,0.12861057447081378,28.13355668512058,-0.2909929299522104,409.6849516775543
26002,sprd btr mrgrn,1,0.7078329327413124,115,0.01412699389476516,0.008127543836802698,0.18038223616189838,0.8618421052631579,4.3925937636501216,0.37903147333542386,0.2553191489361702,0.07213311075072744,0.05658233842448674,16.793733756074083,-0.5014507640750979,454.2146093302744
26008,sprd btr mrgrn,1,0.5196316911569755,139,0.014657383108251243,0.006071455165179929,0.16824555837029123,0.9526315789473684,1.8630869000789976,0.3266467348133817,0.1276595744680851,-0.30729948551297376,0.15853263192869127,26.80578251348768,-0.2490566381325221,408.4229292603679
26220,cream chs,1,0.5923434606572506,139,0.03550136062164372,0.035841115609458685,0.16165320342877745,0.8921052631578947,2.90448889602753,0.3532241095723868,0.1702127659574468,-0.2254415825227853,0.11030267748967074,22.7670136977826,-0.5802741621593179,456.55410282756543
26768,cream chs,1,0.5445567901724373,139,-0.008272182053735436,0.002804831002134578,0.16606122251359232,0.9171052631578948,2.309341627475941,0.34748515315727824,0.1276595744680851,-0.8139431523299008,0.10611900519439924,23.484719807331782,-0.0634991858423109,363.4025247263656
26924,sprd btr mrgrn,1,0.5860831724428264,129,0.0013693893076976266,0.00023765540438747124,0.17337719582930064,0.9526315789473684,2.732308132896245,0.3342812543258089,0.1276595744680851,-0.6699633400249217,0.11675840358348873,23.980731309700932,-0.5570414377883569,392.0173655130234
48369,rte cereal,1,0.4658680758988569,128,-0.0002488709590462956,1.2429779399303342e-05,0.1673584722808029,0.9421052631578948,1.96862853049792,0.3837313855140213,0.14893617021276595,-0.19214218562021765,0.06513760847167142,23.035411484239365,-0.6328534501246906,364.0549146073264
48375,rte cereal,1,0.3917846498051827,134,0.002420583207581797,0.0007539301856905878,0.16035195439762134,0.9526315789473684,1.8007962377804239,0.365327180095643,0.14893617021276595,0.6283522170726976,0.12451274233871679,26.819229839330074,-0.6581930759898589,368.6170484081563
500056,carbonated sft drnks,1,0.43935812551863407,134,0.0011708098870931718,0.00023335663689894037,0.1577081927047147,0.9657894736842105,1.4526376783760087,0.395680709085639,0.2765957446808511,0.04010018424448772,0.16750635590353413,29.403320539578218,-0.4770176265234071,378.22230319805084
904144,carbonated sft drnks,1,0.3458247655005767,137,-0.010761708507302481,0.0224543916898855,0.16461032888098054,0.968421052631579,1.5671749952117724,0.36842778763055495,0.2127659574468085,-0.13863764178083846,0.08215692912467415,26.983110206972192,-0.8004785643893588,333.23267144802963
907969,eggs egg substitutes,1,0.3679031096842116,144,0.016806413791263162,0.007355233466717737,0.17495741440797333,0.9736842105263158,1.379018874222796,0.2585863375081965,0.723404255319149,-0.9322924006527558,0.1772665518387662,28.022419858373656,-0.7130961770219445,397.31175781891795
908786,carbonated sft drnks,1,0.4621061812225047,127,-0.0015559336119018027,0.0004239915102686176,0.1621303639126599,0.9473684210526315,1.7982110367994038,0.3089044500724677,0.2978723404255319,-0.5227736647731733,0.108207772342394,25.829654030597695,-0.22460116670699543,375.14675929454853
919137,carbonated sft drnks,1,0.38440523306105157,144,-0.014334667724595154,0.016871222720559187,0.16736201193000086,0.9710526315789474,1.8991952397122942,0.3526893344025368,0.23404255319148937,0.3998700268571183,0.06867944490462537,24.965012599106174,-0.515965876503452,350.2078687984674
933442,carbonated sft drnks,1,0.4657355595061521,138,-0.0021510183832318614,0.0004994301748022512,0.16072808022320245,0.95,1.9563580589707312,0.379012165091683,0.2553191489361702,0.030799196175362965,0.131368813779522,26.474153373496904,-0.5329171903326071,364.0148122793796
933457,carbonated sft drnks,1,0.383800617156167,139,0.002988139692303985,0.0014741992669263793,0.15843297409289064,0.9605263157894737,1.6606635232751774,0.3753851013184908,0.2553191489361702,0.11175359893384683,0.14500852181775772,28.4373356727324,-1.0433226693150175,384.33834273073967
