item_id,date_min,date_max,actual_records,expected_records,missing_records,missingness_rate,days_missing_before,days_missing_after
151825,2021-01-23,2022-08-14,569,761,192,25.23,0,192
151827,2021-01-23,2022-08-23,578,761,183,24.05,0,183
210048,2021-01-23,2022-08-26,581,761,180,23.65,0,180
151824,2021-01-23,2022-09-05,591,761,170,22.34,0,170
79879,2021-01-23,2022-09-09,595,761,166,21.81,0,166
151826,2021-01-23,2022-09-15,601,761,160,21.02,0,160
70069,2021-04-22,2023-02-22,672,761,89,11.7,89,0
8938,2021-01-23,2022-11-27,674,761,87,11.43,0,87
65279,2021-01-23,2022-11-28,675,761,86,11.3,0,86
552377,2021-04-03,2023-02-22,691,761,70,9.2,70,0
540575,2021-04-03,2023-02-22,691,761,70,9.2,70,0
526768,2021-04-03,2023-02-22,691,761,70,9.2,70,0
65691,2021-03-23,2023-02-20,700,761,61,8.02,59,2
956116,2021-03-15,2023-02-22,710,761,51,6.7,51,0
87587,2021-01-24,2023-01-05,712,761,49,6.44,1,48
155531,2021-01-23,2023-01-13,721,761,40,5.26,0,40
159254,2021-01-25,2023-01-17,723,761,38,4.99,2,36
21681,2021-01-23,2023-01-16,724,761,37,4.86,0,37
13268,2021-01-23,2023-01-16,724,761,37,4.86,0,37
289123,2021-03-01,2023-02-22,724,761,37,4.86,37,0
146555,2021-02-28,2023-02-22,725,761,36,4.73,36,0
65353,2021-02-26,2023-02-22,727,761,34,4.47,34,0
4872,2021-01-23,2023-01-19,727,761,34,4.47,0,34
159251,2021-01-24,2023-01-20,727,761,34,4.47,1,33
266560,2021-02-25,2023-02-22,728,761,33,4.34,33,0
18607,2021-01-23,2023-01-20,728,761,33,4.34,0,33
70073,2021-01-23,2023-01-20,728,761,33,4.34,0,33
70106,2021-01-23,2023-01-20,728,761,33,4.34,0,33
266557,2021-02-25,2023-02-22,728,761,33,4.34,33,0
87566,2021-01-23,2023-01-21,729,761,32,4.2,0,32
21402,2021-01-23,2023-01-23,731,761,30,3.94,0,30
13267,2021-01-23,2023-01-23,731,761,30,3.94,0,30
726520,2021-02-20,2023-02-22,733,761,28,3.68,28,0
734821,2021-02-19,2023-02-22,734,761,27,3.55,27,0
779,2021-01-23,2023-01-26,734,761,27,3.55,0,27
87600,2021-01-23,2023-01-27,735,761,26,3.42,0,26
797553,2021-01-23,2023-01-28,736,761,25,3.29,0,25
105319,2021-01-23,2023-01-29,737,761,24,3.15,0,24
161358,2021-01-23,2023-01-30,738,761,23,3.02,0,23
43253,2021-01-26,2023-02-02,738,761,23,3.02,3,20
65669,2021-01-23,2023-01-31,739,761,22,2.89,0,22
1274,2021-01-23,2023-01-31,739,761,22,2.89,0,22
86664,2021-01-23,2023-01-31,739,761,22,2.89,0,22
566027,2021-02-13,2023-02-21,739,761,22,2.89,21,1
471,2021-02-12,2023-02-20,739,761,22,2.89,20,2
579994,2021-02-13,2023-02-22,740,761,21,2.76,21,0
237548,2021-02-13,2023-02-22,740,761,21,2.76,21,0
1756,2021-02-12,2023-02-22,741,761,20,2.63,20,0
132472,2021-01-23,2023-02-03,742,761,19,2.5,0,19
652245,2021-02-11,2023-02-22,742,761,19,2.5,19,0
579299,2021-01-27,2023-02-10,745,761,16,2.1,4,12
8432,2021-01-23,2023-02-07,746,761,15,1.97,0,15
26862,2021-01-23,2023-02-08,747,761,14,1.84,0,14
54916,2021-02-06,2023-02-22,747,761,14,1.84,14,0
233678,2021-02-05,2023-02-21,747,761,14,1.84,13,1
12898,2021-02-06,2023-02-22,747,761,14,1.84,14,0
103753,2021-01-23,2023-02-09,748,761,13,1.71,0,13
228821,2021-01-23,2023-02-09,748,761,13,1.71,0,13
230233,2021-01-23,2023-02-10,749,761,12,1.58,0,12
47168,2021-01-23,2023-02-10,749,761,12,1.58,0,12
514,2021-01-23,2023-02-12,751,761,10,1.31,0,10
289056,2021-01-23,2023-02-12,751,761,10,1.31,0,10
47273,2021-01-23,2023-02-13,752,761,9,1.18,0,9
65687,2021-01-23,2023-02-14,753,761,8,1.05,0,8
12882,2021-01-29,2023-02-20,753,761,8,1.05,6,2
500707,2021-01-23,2023-02-15,754,761,7,0.92,0,7
124613,2021-01-30,2023-02-22,754,761,7,0.92,7,0
113716,2021-01-29,2023-02-22,755,761,6,0.79,6,0
19533,2021-01-29,2023-02-22,755,761,6,0.79,6,0
144815,2021-01-28,2023-02-21,755,761,6,0.79,5,1
153307,2021-01-28,2023-02-21,755,761,6,0.79,5,1
70110,2021-01-28,2023-02-21,755,761,6,0.79,5,1
640020,2021-01-23,2023-02-16,755,761,6,0.79,0,6
48100,2021-01-28,2023-02-21,755,761,6,0.79,5,1
19538,2021-01-29,2023-02-22,755,761,6,0.79,6,0
129092,2021-01-29,2023-02-22,755,761,6,0.79,6,0
65878,2021-01-29,2023-02-22,755,761,6,0.79,6,0
298943,2021-01-28,2023-02-21,755,761,6,0.79,5,1
20660,2021-01-23,2023-02-16,755,761,6,0.79,0,6
620744,2021-01-27,2023-02-21,756,761,5,0.66,4,1
30647,2021-01-23,2023-02-17,756,761,5,0.66,0,5
21389,2021-01-28,2023-02-22,756,761,5,0.66,5,0
204473,2021-01-28,2023-02-22,756,761,5,0.66,5,0
268187,2021-01-23,2023-02-17,756,761,5,0.66,0,5
20404,2021-01-23,2023-02-17,756,761,5,0.66,0,5
20184,2021-01-27,2023-02-21,756,761,5,0.66,4,1
945842,2021-01-27,2023-02-21,756,761,5,0.66,4,1
65582,2021-01-26,2023-02-20,756,761,5,0.66,3,2
217813,2021-01-28,2023-02-22,756,761,5,0.66,5,0
962446,2021-01-28,2023-02-22,756,761,5,0.66,5,0
13453,2021-01-27,2023-02-22,757,761,4,0.53,4,0
56330,2021-01-23,2023-02-18,757,761,4,0.53,0,4
205268,2021-01-23,2023-02-18,757,761,4,0.53,0,4
289092,2021-01-27,2023-02-22,757,761,4,0.53,4,0
56332,2021-01-24,2023-02-19,757,761,4,0.53,1,3
962963,2021-01-27,2023-02-22,757,761,4,0.53,4,0
948904,2021-01-24,2023-02-19,757,761,4,0.53,1,3
803258,2021-01-23,2023-02-18,757,761,4,0.53,0,4
803281,2021-01-23,2023-02-18,757,761,4,0.53,0,4
237378,2021-01-23,2023-02-18,757,761,4,0.53,0,4
86827,2021-01-26,2023-02-21,757,761,4,0.53,3,1
157964,2021-01-27,2023-02-22,757,761,4,0.53,4,0
65137,2021-01-27,2023-02-22,757,761,4,0.53,4,0
565360,2021-01-27,2023-02-22,757,761,4,0.53,4,0
187707,2021-01-27,2023-02-22,757,761,4,0.53,4,0
711124,2021-01-23,2023-02-19,758,761,3,0.39,0,3
904597,2021-01-23,2023-02-19,758,761,3,0.39,0,3
56331,2021-01-23,2023-02-19,758,761,3,0.39,0,3
26372,2021-01-23,2023-02-19,758,761,3,0.39,0,3
18605,2021-01-23,2023-02-19,758,761,3,0.39,0,3
56327,2021-01-23,2023-02-19,758,761,3,0.39,0,3
501258,2021-01-23,2023-02-19,758,761,3,0.39,0,3
732222,2021-01-26,2023-02-22,758,761,3,0.39,3,0
59196,2021-01-23,2023-02-19,758,761,3,0.39,0,3
34497,2021-01-23,2023-02-19,758,761,3,0.39,0,3
34255,2021-01-23,2023-02-19,758,761,3,0.39,0,3
536432,2021-01-24,2023-02-20,758,761,3,0.39,1,2
20082,2021-01-23,2023-02-19,758,761,3,0.39,0,3
555403,2021-01-24,2023-02-20,758,761,3,0.39,1,2
11236,2021-01-25,2023-02-21,758,761,3,0.39,2,1
627731,2021-01-23,2023-02-19,758,761,3,0.39,0,3
48382,2021-01-24,2023-02-20,758,761,3,0.39,1,2
930471,2021-01-23,2023-02-19,758,761,3,0.39,0,3
87557,2021-01-23,2023-02-19,758,761,3,0.39,0,3
87568,2021-01-24,2023-02-20,758,761,3,0.39,1,2
136898,2021-01-25,2023-02-21,758,761,3,0.39,2,1
237199,2021-01-24,2023-02-20,758,761,3,0.39,1,2
117255,2021-01-24,2023-02-20,758,761,3,0.39,1,2
944460,2021-01-23,2023-02-19,758,761,3,0.39,0,3
70086,2021-01-23,2023-02-19,758,761,3,0.39,0,3
146842,2021-01-25,2023-02-21,758,761,3,0.39,2,1
146843,2021-01-23,2023-02-19,758,761,3,0.39,0,3
962450,2021-01-23,2023-02-19,758,761,3,0.39,0,3
218083,2021-01-23,2023-02-19,758,761,3,0.39,0,3
937571,2021-01-24,2023-02-20,758,761,3,0.39,1,2
12881,2021-01-24,2023-02-20,758,761,3,0.39,1,2
66261,2021-01-24,2023-02-20,758,761,3,0.39,1,2
100368,2021-01-23,2023-02-19,758,761,3,0.39,0,3
113627,2021-01-26,2023-02-22,758,761,3,0.39,3,0
285551,2021-01-23,2023-02-19,758,761,3,0.39,0,3
218171,2021-01-23,2023-02-19,758,761,3,0.39,0,3
103869,2021-01-23,2023-02-19,758,761,3,0.39,0,3
157916,2021-01-23,2023-02-19,758,761,3,0.39,0,3
154743,2021-01-23,2023-02-19,758,761,3,0.39,0,3
217963,2021-01-23,2023-02-20,759,761,2,0.26,0,2
19551,2021-01-23,2023-02-20,759,761,2,0.26,0,2
218084,2021-01-23,2023-02-20,759,761,2,0.26,0,2
20671,2021-01-23,2023-02-20,759,761,2,0.26,0,2
129596,2021-01-23,2023-02-20,759,761,2,0.26,0,2
205267,2021-01-23,2023-02-20,759,761,2,0.26,0,2
213313,2021-01-24,2023-02-21,759,761,2,0.26,1,1
132688,2021-01-23,2023-02-20,759,761,2,0.26,0,2
136901,2021-01-24,2023-02-21,759,761,2,0.26,1,1
107218,2021-01-23,2023-02-20,759,761,2,0.26,0,2
19500,2021-01-24,2023-02-21,759,761,2,0.26,1,1
18544,2021-01-23,2023-02-20,759,761,2,0.26,0,2
180786,2021-01-23,2023-02-20,759,761,2,0.26,0,2
161336,2021-01-23,2023-02-20,759,761,2,0.26,0,2
159262,2021-01-23,2023-02-20,759,761,2,0.26,0,2
642808,2021-01-24,2023-02-21,759,761,2,0.26,1,1
153628,2021-01-24,2023-02-21,759,761,2,0.26,1,1
154545,2021-01-23,2023-02-20,759,761,2,0.26,0,2
13255,2021-01-23,2023-02-20,759,761,2,0.26,0,2
13254,2021-01-23,2023-02-20,759,761,2,0.26,0,2
606429,2021-01-23,2023-02-20,759,761,2,0.26,0,2
59229,2021-01-23,2023-02-20,759,761,2,0.26,0,2
105294,2021-01-24,2023-02-21,759,761,2,0.26,1,1
70064,2021-01-23,2023-02-20,759,761,2,0.26,0,2
64856,2021-01-23,2023-02-20,759,761,2,0.26,0,2
65145,2021-01-25,2023-02-22,759,761,2,0.26,2,0
65458,2021-01-24,2023-02-21,759,761,2,0.26,1,1
289003,2021-01-25,2023-02-22,759,761,2,0.26,2,0
288551,2021-01-23,2023-02-20,759,761,2,0.26,0,2
287109,2021-01-23,2023-02-20,759,761,2,0.26,0,2
54580,2021-01-23,2023-02-20,759,761,2,0.26,0,2
285024,2021-01-25,2023-02-22,759,761,2,0.26,2,0
66413,2021-01-23,2023-02-20,759,761,2,0.26,0,2
501491,2021-01-23,2023-02-20,759,761,2,0.26,0,2
66430,2021-01-23,2023-02-20,759,761,2,0.26,0,2
47141,2021-01-24,2023-02-21,759,761,2,0.26,1,1
46314,2021-01-24,2023-02-21,759,761,2,0.26,1,1
502288,2021-01-24,2023-02-21,759,761,2,0.26,1,1
70094,2021-01-23,2023-02-20,759,761,2,0.26,0,2
224458,2021-01-23,2023-02-20,759,761,2,0.26,0,2
86720,2021-01-24,2023-02-21,759,761,2,0.26,1,1
531304,2021-01-23,2023-02-20,759,761,2,0.26,0,2
31242,2021-01-24,2023-02-21,759,761,2,0.26,1,1
236937,2021-01-23,2023-02-20,759,761,2,0.26,0,2
87563,2021-01-24,2023-02-21,759,761,2,0.26,1,1
549557,2021-01-23,2023-02-20,759,761,2,0.26,0,2
89149,2021-01-23,2023-02-20,759,761,2,0.26,0,2
96788,2021-01-24,2023-02-21,759,761,2,0.26,1,1
96792,2021-01-23,2023-02-20,759,761,2,0.26,0,2
565303,2021-01-23,2023-02-20,759,761,2,0.26,0,2
26530,2021-01-23,2023-02-20,759,761,2,0.26,0,2
100498,2021-01-24,2023-02-21,759,761,2,0.26,1,1
297739,2021-01-23,2023-02-20,759,761,2,0.26,0,2
103781,2021-01-23,2023-02-20,759,761,2,0.26,0,2
270072,2021-01-23,2023-02-20,759,761,2,0.26,0,2
155523,2021-01-25,2023-02-22,759,761,2,0.26,2,0
3743,2021-01-23,2023-02-20,759,761,2,0.26,0,2
1241,2021-01-23,2023-02-20,759,761,2,0.26,0,2
8562,2021-01-23,2023-02-20,759,761,2,0.26,0,2
3724,2021-01-23,2023-02-20,759,761,2,0.26,0,2
716557,2021-01-24,2023-02-21,759,761,2,0.26,1,1
2564,2021-01-23,2023-02-20,759,761,2,0.26,0,2
962469,2021-01-23,2023-02-20,759,761,2,0.26,0,2
12625,2021-01-23,2023-02-20,759,761,2,0.26,0,2
962698,2021-01-24,2023-02-21,759,761,2,0.26,1,1
260,2021-01-23,2023-02-20,759,761,2,0.26,0,2
493,2021-01-25,2023-02-22,759,761,2,0.26,2,0
907294,2021-01-25,2023-02-22,759,761,2,0.26,2,0
920470,2021-01-24,2023-02-21,759,761,2,0.26,1,1
832801,2021-01-24,2023-02-21,759,761,2,0.26,1,1
803315,2021-01-23,2023-02-20,759,761,2,0.26,0,2
1578,2021-01-23,2023-02-20,759,761,2,0.26,0,2
3386,2021-01-23,2023-02-21,760,761,1,0.13,0,1
66411,2021-01-23,2023-02-21,760,761,1,0.13,0,1
2188,2021-01-24,2023-02-22,760,761,1,0.13,1,0
266541,2021-01-23,2023-02-21,760,761,1,0.13,0,1
66568,2021-01-24,2023-02-22,760,761,1,0.13,1,0
915544,2021-01-23,2023-02-21,760,761,1,0.13,0,1
914730,2021-01-23,2023-02-21,760,761,1,0.13,0,1
2355,2021-01-23,2023-02-21,760,761,1,0.13,0,1
3714,2021-01-23,2023-02-21,760,761,1,0.13,0,1
281729,2021-01-23,2023-02-21,760,761,1,0.13,0,1
66303,2021-01-23,2023-02-21,760,761,1,0.13,0,1
2707,2021-01-23,2023-02-21,760,761,1,0.13,0,1
3713,2021-01-23,2023-02-21,760,761,1,0.13,0,1
915573,2021-01-23,2023-02-21,760,761,1,0.13,0,1
912364,2021-01-23,2023-02-21,760,761,1,0.13,0,1
65993,2021-01-23,2023-02-21,760,761,1,0.13,0,1
12877,2021-01-23,2023-02-21,760,761,1,0.13,0,1
256096,2021-01-23,2023-02-21,760,761,1,0.13,0,1
256332,2021-01-24,2023-02-22,760,761,1,0.13,1,0
256329,2021-01-23,2023-02-21,760,761,1,0.13,0,1
86823,2021-01-23,2023-02-21,760,761,1,0.13,0,1
237361,2021-01-24,2023-02-22,760,761,1,0.13,1,0
86678,2021-01-24,2023-02-22,760,761,1,0.13,1,0
86677,2021-01-23,2023-02-21,760,761,1,0.13,0,1
86675,2021-01-24,2023-02-22,760,761,1,0.13,1,0
84055,2021-01-24,2023-02-22,760,761,1,0.13,1,0
917765,2021-01-23,2023-02-21,760,761,1,0.13,0,1
84023,2021-01-23,2023-02-21,760,761,1,0.13,0,1
237860,2021-01-23,2023-02-21,760,761,1,0.13,0,1
241836,2021-01-24,2023-02-22,760,761,1,0.13,1,0
1777,2021-01-23,2023-02-21,760,761,1,0.13,0,1
70095,2021-01-24,2023-02-22,760,761,1,0.13,1,0
250275,2021-01-23,2023-02-21,760,761,1,0.13,0,1
70085,2021-01-24,2023-02-22,760,761,1,0.13,1,0
70084,2021-01-23,2023-02-21,760,761,1,0.13,0,1
251738,2021-01-24,2023-02-22,760,761,1,0.13,1,0
1869,2021-01-23,2023-02-21,760,761,1,0.13,0,1
65652,2021-01-23,2023-02-21,760,761,1,0.13,0,1
65434,2021-01-23,2023-02-21,760,761,1,0.13,0,1
65511,2021-01-23,2023-02-21,760,761,1,0.13,0,1
57499,2021-01-23,2023-02-21,760,761,1,0.13,0,1
4873,2021-01-23,2023-02-21,760,761,1,0.13,0,1
55302,2021-01-24,2023-02-22,760,761,1,0.13,1,0
904264,2021-01-24,2023-02-22,760,761,1,0.13,1,0
5256,2021-01-23,2023-02-21,760,761,1,0.13,0,1
299427,2021-01-23,2023-02-21,760,761,1,0.13,0,1
299431,2021-01-23,2023-02-21,760,761,1,0.13,0,1
299448,2021-01-24,2023-02-22,760,761,1,0.13,1,0
500566,2021-01-23,2023-02-21,760,761,1,0.13,0,1
51317,2021-01-23,2023-02-21,760,761,1,0.13,0,1
501067,2021-01-23,2023-02-21,760,761,1,0.13,0,1
48106,2021-01-23,2023-02-21,760,761,1,0.13,0,1
48096,2021-01-23,2023-02-21,760,761,1,0.13,0,1
48095,2021-01-23,2023-02-21,760,761,1,0.13,0,1
47275,2021-01-23,2023-02-21,760,761,1,0.13,0,1
904106,2021-01-23,2023-02-21,760,761,1,0.13,0,1
47142,2021-01-24,2023-02-22,760,761,1,0.13,1,0
7274,2021-01-24,2023-02-22,760,761,1,0.13,1,0
501651,2021-01-24,2023-02-22,760,761,1,0.13,1,0
502160,2021-01-24,2023-02-22,760,761,1,0.13,1,0
57405,2021-01-23,2023-02-21,760,761,1,0.13,0,1
57542,2021-01-23,2023-02-21,760,761,1,0.13,0,1
289134,2021-01-23,2023-02-21,760,761,1,0.13,0,1
57578,2021-01-24,2023-02-22,760,761,1,0.13,1,0
65491,2021-01-24,2023-02-22,760,761,1,0.13,1,0
289316,2021-01-23,2023-02-21,760,761,1,0.13,0,1
236907,2021-01-24,2023-02-22,760,761,1,0.13,1,0
289459,2021-01-23,2023-02-21,760,761,1,0.13,0,1
65342,2021-01-24,2023-02-22,760,761,1,0.13,1,0
907196,2021-01-23,2023-02-21,760,761,1,0.13,0,1
297737,2021-01-24,2023-02-22,760,761,1,0.13,1,0
3745,2021-01-23,2023-02-21,760,761,1,0.13,0,1
3750,2021-01-23,2023-02-21,760,761,1,0.13,0,1
297742,2021-01-24,2023-02-22,760,761,1,0.13,1,0
61364,2021-01-24,2023-02-22,760,761,1,0.13,1,0
297747,2021-01-23,2023-02-21,760,761,1,0.13,0,1
60016,2021-01-24,2023-02-22,760,761,1,0.13,1,0
297748,2021-01-23,2023-02-21,760,761,1,0.13,0,1
59992,2021-01-23,2023-02-21,760,761,1,0.13,0,1
59990,2021-01-24,2023-02-22,760,761,1,0.13,1,0
59230,2021-01-24,2023-02-22,760,761,1,0.13,1,0
59227,2021-01-23,2023-02-21,760,761,1,0.13,0,1
4853,2021-01-23,2023-02-21,760,761,1,0.13,0,1
1445,2021-01-23,2023-02-21,760,761,1,0.13,0,1
89025,2021-01-23,2023-02-21,760,761,1,0.13,0,1
1444,2021-01-23,2023-02-21,760,761,1,0.13,0,1
612,2021-01-23,2023-02-21,760,761,1,0.13,0,1
205258,2021-01-24,2023-02-22,760,761,1,0.13,1,0
144762,2021-01-23,2023-02-21,760,761,1,0.13,0,1
950488,2021-01-23,2023-02-21,760,761,1,0.13,0,1
205271,2021-01-23,2023-02-21,760,761,1,0.13,0,1
135047,2021-01-23,2023-02-21,760,761,1,0.13,0,1
135029,2021-01-23,2023-02-21,760,761,1,0.13,0,1
205272,2021-01-23,2023-02-21,760,761,1,0.13,0,1
950330,2021-01-23,2023-02-21,760,761,1,0.13,0,1
132687,2021-01-24,2023-02-22,760,761,1,0.13,1,0
205281,2021-01-24,2023-02-22,760,761,1,0.13,1,0
1429,2021-01-24,2023-02-22,760,761,1,0.13,1,0
207854,2021-01-23,2023-02-21,760,761,1,0.13,0,1
209364,2021-01-23,2023-02-21,760,761,1,0.13,0,1
132352,2021-01-23,2023-02-21,760,761,1,0.13,0,1
213315,2021-01-23,2023-02-21,760,761,1,0.13,0,1
213447,2021-01-23,2023-02-21,760,761,1,0.13,0,1
129793,2021-01-23,2023-02-21,760,761,1,0.13,0,1
676,2021-01-23,2023-02-21,760,761,1,0.13,0,1
128894,2021-01-23,2023-02-21,760,761,1,0.13,0,1
128890,2021-01-23,2023-02-21,760,761,1,0.13,0,1
144855,2021-01-24,2023-02-22,760,761,1,0.13,1,0
200182,2021-01-23,2023-02-21,760,761,1,0.13,0,1
187837,2021-01-23,2023-02-21,760,761,1,0.13,0,1
164411,2021-01-23,2023-02-21,760,761,1,0.13,0,1
155519,2021-01-23,2023-02-21,760,761,1,0.13,0,1
991924,2021-01-23,2023-02-21,760,761,1,0.13,0,1
154811,2021-01-23,2023-02-21,760,761,1,0.13,0,1
157923,2021-01-23,2023-02-21,760,761,1,0.13,0,1
153674,2021-01-23,2023-02-21,760,761,1,0.13,0,1
157942,2021-01-23,2023-02-21,760,761,1,0.13,0,1
176,2021-01-23,2023-02-21,760,761,1,0.13,0,1
151999,2021-01-23,2023-02-21,760,761,1,0.13,0,1
967330,2021-01-23,2023-02-21,760,761,1,0.13,0,1
965440,2021-01-23,2023-02-21,760,761,1,0.13,0,1
159534,2021-01-23,2023-02-21,760,761,1,0.13,0,1
962717,2021-01-24,2023-02-22,760,761,1,0.13,1,0
160063,2021-01-24,2023-02-22,760,761,1,0.13,1,0
162819,2021-01-24,2023-02-22,760,761,1,0.13,1,0
162855,2021-01-23,2023-02-21,760,761,1,0.13,0,1
162857,2021-01-24,2023-02-22,760,761,1,0.13,1,0
162919,2021-01-23,2023-02-21,760,761,1,0.13,0,1
162920,2021-01-23,2023-02-21,760,761,1,0.13,0,1
163802,2021-01-24,2023-02-22,760,761,1,0.13,1,0
124637,2021-01-23,2023-02-21,760,761,1,0.13,0,1
945954,2021-01-24,2023-02-22,760,761,1,0.13,1,0
213568,2021-01-23,2023-02-21,760,761,1,0.13,0,1
107217,2021-01-23,2023-02-21,760,761,1,0.13,0,1
106109,2021-01-23,2023-02-21,760,761,1,0.13,0,1
104373,2021-01-23,2023-02-21,760,761,1,0.13,0,1
224457,2021-01-24,2023-02-22,760,761,1,0.13,1,0
226596,2021-01-23,2023-02-21,760,761,1,0.13,0,1
103776,2021-01-23,2023-02-21,760,761,1,0.13,0,1
228260,2021-01-23,2023-02-21,760,761,1,0.13,0,1
103675,2021-01-23,2023-02-21,760,761,1,0.13,0,1
101126,2021-01-23,2023-02-21,760,761,1,0.13,0,1
929306,2021-01-23,2023-02-21,760,761,1,0.13,0,1
100514,2021-01-23,2023-02-21,760,761,1,0.13,0,1
100437,2021-01-23,2023-02-21,760,761,1,0.13,0,1
236612,2021-01-23,2023-02-21,760,761,1,0.13,0,1
97417,2021-01-23,2023-02-21,760,761,1,0.13,0,1
97119,2021-01-23,2023-02-21,760,761,1,0.13,0,1
97113,2021-01-23,2023-02-21,760,761,1,0.13,0,1
95952,2021-01-24,2023-02-22,760,761,1,0.13,1,0
7799,2021-01-23,2023-02-21,760,761,1,0.13,0,1
236803,2021-01-23,2023-02-21,760,761,1,0.13,0,1
236812,2021-01-23,2023-02-21,760,761,1,0.13,0,1
107215,2021-01-23,2023-02-21,760,761,1,0.13,0,1
936054,2021-01-23,2023-02-21,760,761,1,0.13,0,1
118003,2021-01-23,2023-02-21,760,761,1,0.13,0,1
224454,2021-01-23,2023-02-21,760,761,1,0.13,0,1
117986,2021-01-23,2023-02-21,760,761,1,0.13,0,1
117941,2021-01-23,2023-02-21,760,761,1,0.13,0,1
117940,2021-01-23,2023-02-21,760,761,1,0.13,0,1
217176,2021-01-23,2023-02-21,760,761,1,0.13,0,1
217537,2021-01-24,2023-02-22,760,761,1,0.13,1,0
217600,2021-01-23,2023-02-21,760,761,1,0.13,0,1
217614,2021-01-24,2023-02-22,760,761,1,0.13,1,0
217649,2021-01-23,2023-02-21,760,761,1,0.13,0,1
217704,2021-01-24,2023-02-22,760,761,1,0.13,1,0
944463,2021-01-23,2023-02-21,760,761,1,0.13,0,1
113871,2021-01-24,2023-02-22,760,761,1,0.13,1,0
113868,2021-01-23,2023-02-21,760,761,1,0.13,0,1
942272,2021-01-24,2023-02-22,760,761,1,0.13,1,0
939338,2021-01-23,2023-02-21,760,761,1,0.13,0,1
218057,2021-01-24,2023-02-22,760,761,1,0.13,1,0
808,2021-01-24,2023-02-22,760,761,1,0.13,1,0
113628,2021-01-23,2023-02-21,760,761,1,0.13,0,1
113461,2021-01-23,2023-02-21,760,761,1,0.13,0,1
113222,2021-01-23,2023-02-21,760,761,1,0.13,0,1
46670,2021-01-23,2023-02-21,760,761,1,0.13,0,1
65988,2021-01-23,2023-02-21,760,761,1,0.13,0,1
7832,2021-01-23,2023-02-21,760,761,1,0.13,0,1
11012,2021-01-24,2023-02-22,760,761,1,0.13,1,0
606348,2021-01-23,2023-02-21,760,761,1,0.13,0,1
21311,2021-01-23,2023-02-21,760,761,1,0.13,0,1
21369,2021-01-24,2023-02-22,760,761,1,0.13,1,0
11184,2021-01-24,2023-02-22,760,761,1,0.13,1,0
588881,2021-01-24,2023-02-22,760,761,1,0.13,1,0
24957,2021-01-24,2023-02-22,760,761,1,0.13,1,0
25542,2021-01-24,2023-02-22,760,761,1,0.13,1,0
576430,2021-01-23,2023-02-21,760,761,1,0.13,0,1
571747,2021-01-23,2023-02-21,760,761,1,0.13,0,1
26146,2021-01-23,2023-02-21,760,761,1,0.13,0,1
568465,2021-01-23,2023-02-21,760,761,1,0.13,0,1
11052,2021-01-23,2023-02-21,760,761,1,0.13,0,1
11018,2021-01-24,2023-02-22,760,761,1,0.13,1,0
26424,2021-01-24,2023-02-22,760,761,1,0.13,1,0
10657,2021-01-23,2023-02-21,760,761,1,0.13,0,1
31243,2021-01-24,2023-02-22,760,761,1,0.13,1,0
565299,2021-01-23,2023-02-21,760,761,1,0.13,0,1
564557,2021-01-23,2023-02-21,760,761,1,0.13,0,1
10640,2021-01-23,2023-02-21,760,761,1,0.13,0,1
557697,2021-01-23,2023-02-21,760,761,1,0.13,0,1
557694,2021-01-24,2023-02-22,760,761,1,0.13,1,0
557693,2021-01-24,2023-02-22,760,761,1,0.13,1,0
557688,2021-01-23,2023-02-21,760,761,1,0.13,0,1
557686,2021-01-23,2023-02-21,760,761,1,0.13,0,1
901228,2021-01-23,2023-02-21,760,761,1,0.13,0,1
27822,2021-01-23,2023-02-21,760,761,1,0.13,0,1
551735,2021-01-24,2023-02-22,760,761,1,0.13,1,0
28511,2021-01-23,2023-02-21,760,761,1,0.13,0,1
30018,2021-01-23,2023-02-21,760,761,1,0.13,0,1
8635,2021-01-23,2023-02-21,760,761,1,0.13,0,1
21167,2021-01-23,2023-02-21,760,761,1,0.13,0,1
21160,2021-01-23,2023-02-21,760,761,1,0.13,0,1
21159,2021-01-24,2023-02-22,760,761,1,0.13,1,0
21157,2021-01-23,2023-02-21,760,761,1,0.13,0,1
662690,2021-01-23,2023-02-21,760,761,1,0.13,0,1
13108,2021-01-23,2023-02-21,760,761,1,0.13,0,1
13191,2021-01-23,2023-02-21,760,761,1,0.13,0,1
13192,2021-01-23,2023-02-21,760,761,1,0.13,0,1
652014,2021-01-23,2023-02-21,760,761,1,0.13,0,1
651820,2021-01-24,2023-02-22,760,761,1,0.13,1,0
13424,2021-01-23,2023-02-21,760,761,1,0.13,0,1
640028,2021-01-23,2023-02-21,760,761,1,0.13,0,1
640026,2021-01-23,2023-02-21,760,761,1,0.13,0,1
15405,2021-01-23,2023-02-21,760,761,1,0.13,0,1
18537,2021-01-23,2023-02-21,760,761,1,0.13,0,1
18539,2021-01-23,2023-02-21,760,761,1,0.13,0,1
12085,2021-01-23,2023-02-21,760,761,1,0.13,0,1
627738,2021-01-23,2023-02-21,760,761,1,0.13,0,1
19467,2021-01-23,2023-02-21,760,761,1,0.13,0,1
748692,2021-01-23,2023-02-21,760,761,1,0.13,0,1
19563,2021-01-24,2023-02-22,760,761,1,0.13,1,0
625889,2021-01-23,2023-02-21,760,761,1,0.13,0,1
615862,2021-01-23,2023-02-21,760,761,1,0.13,0,1
613935,2021-01-23,2023-02-21,760,761,1,0.13,0,1
20248,2021-01-24,2023-02-22,760,761,1,0.13,1,0
20253,2021-01-23,2023-02-21,760,761,1,0.13,0,1
20405,2021-01-23,2023-02-21,760,761,1,0.13,0,1
610564,2021-01-23,2023-02-21,760,761,1,0.13,0,1
20605,2021-01-23,2023-02-21,760,761,1,0.13,0,1
825179,2021-01-23,2023-02-21,760,761,1,0.13,0,1
21088,2021-01-23,2023-02-21,760,761,1,0.13,0,1
608215,2021-01-23,2023-02-21,760,761,1,0.13,0,1
828159,2021-01-23,2023-02-21,760,761,1,0.13,0,1
536431,2021-01-24,2023-02-22,760,761,1,0.13,1,0
118228,2021-01-24,2023-02-22,760,761,1,0.13,1,0
7983,2021-01-23,2023-02-21,760,761,1,0.13,0,1
32014,2021-01-24,2023-02-22,760,761,1,0.13,1,0
41718,2021-01-24,2023-02-22,760,761,1,0.13,1,0
41735,2021-01-23,2023-02-21,760,761,1,0.13,0,1
535948,2021-01-23,2023-02-21,760,761,1,0.13,0,1
44449,2021-01-24,2023-02-22,760,761,1,0.13,1,0
628129,2021-01-23,2023-02-22,761,761,0,0.0,0,0
213629,2021-01-23,2023-02-22,761,761,0,0.0,0,0
213503,2021-01-23,2023-02-22,761,761,0,0.0,0,0
803313,2021-01-23,2023-02-22,761,761,0,0.0,0,0
904116,2021-01-23,2023-02-22,761,761,0,0.0,0,0
213624,2021-01-23,2023-02-22,761,761,0,0.0,0,0
213625,2021-01-23,2023-02-22,761,761,0,0.0,0,0
213626,2021-01-23,2023-02-22,761,761,0,0.0,0,0
213627,2021-01-23,2023-02-22,761,761,0,0.0,0,0
213628,2021-01-23,2023-02-22,761,761,0,0.0,0,0
213630,2021-01-23,2023-02-22,761,761,0,0.0,0,0
205282,2021-01-23,2023-02-22,761,761,0,0.0,0,0
213631,2021-01-23,2023-02-22,761,761,0,0.0,0,0
624334,2021-01-23,2023-02-22,761,761,0,0.0,0,0
803314,2021-01-23,2023-02-22,761,761,0,0.0,0,0
213633,2021-01-23,2023-02-22,761,761,0,0.0,0,0
213635,2021-01-23,2023-02-22,761,761,0,0.0,0,0
213636,2021-01-23,2023-02-22,761,761,0,0.0,0,0
718609,2021-01-23,2023-02-22,761,761,0,0.0,0,0
213642,2021-01-23,2023-02-22,761,761,0,0.0,0,0
615863,2021-01-23,2023-02-22,761,761,0,0.0,0,0
803282,2021-01-23,2023-02-22,761,761,0,0.0,0,0
791806,2021-01-23,2023-02-22,761,761,0,0.0,0,0
213502,2021-01-23,2023-02-22,761,761,0,0.0,0,0
213501,2021-01-23,2023-02-22,761,761,0,0.0,0,0
627741,2021-01-23,2023-02-22,761,761,0,0.0,0,0
720252,2021-01-23,2023-02-22,761,761,0,0.0,0,0
210036,2021-01-23,2023-02-22,761,761,0,0.0,0,0
947833,2021-01-23,2023-02-22,761,761,0,0.0,0,0
213305,2021-01-23,2023-02-22,761,761,0,0.0,0,0
506815,2021-01-23,2023-02-22,761,761,0,0.0,0,0
945964,2021-01-23,2023-02-22,761,761,0,0.0,0,0
213314,2021-01-23,2023-02-22,761,761,0,0.0,0,0
501469,2021-01-23,2023-02-22,761,761,0,0.0,0,0
213442,2021-01-23,2023-02-22,761,761,0,0.0,0,0
213444,2021-01-23,2023-02-22,761,761,0,0.0,0,0
213445,2021-01-23,2023-02-22,761,761,0,0.0,0,0
501467,2021-01-23,2023-02-22,761,761,0,0.0,0,0
732218,2021-01-23,2023-02-22,761,761,0,0.0,0,0
213448,2021-01-23,2023-02-22,761,761,0,0.0,0,0
945957,2021-01-23,2023-02-22,761,761,0,0.0,0,0
213450,2021-01-23,2023-02-22,761,761,0,0.0,0,0
205280,2021-01-23,2023-02-22,761,761,0,0.0,0,0
813655,2021-01-23,2023-02-22,761,761,0,0.0,0,0
514228,2021-01-23,2023-02-22,761,761,0,0.0,0,0
298216,2021-01-23,2023-02-22,761,761,0,0.0,0,0
213675,2021-01-23,2023-02-22,761,761,0,0.0,0,0
222614,2021-01-23,2023-02-22,761,761,0,0.0,0,0
218174,2021-01-23,2023-02-22,761,761,0,0.0,0,0
218179,2021-01-23,2023-02-22,761,761,0,0.0,0,0
219721,2021-01-23,2023-02-22,761,761,0,0.0,0,0
610561,2021-01-23,2023-02-22,761,761,0,0.0,0,0
219724,2021-01-23,2023-02-22,761,761,0,0.0,0,0
219733,2021-01-23,2023-02-22,761,761,0,0.0,0,0
608699,2021-01-23,2023-02-22,761,761,0,0.0,0,0
219741,2021-01-23,2023-02-22,761,761,0,0.0,0,0
219742,2021-01-23,2023-02-22,761,761,0,0.0,0,0
223902,2021-01-23,2023-02-22,761,761,0,0.0,0,0
218128,2021-01-23,2023-02-22,761,761,0,0.0,0,0
608397,2021-01-23,2023-02-22,761,761,0,0.0,0,0
500819,2021-01-23,2023-02-22,761,761,0,0.0,0,0
155524,2021-01-23,2023-02-22,761,761,0,0.0,0,0
526761,2021-01-23,2023-02-22,761,761,0,0.0,0,0
606415,2021-01-23,2023-02-22,761,761,0,0.0,0,0
224455,2021-01-23,2023-02-22,761,761,0,0.0,0,0
934761,2021-01-23,2023-02-22,761,761,0,0.0,0,0
933459,2021-01-23,2023-02-22,761,761,0,0.0,0,0
606402,2021-01-23,2023-02-22,761,761,0,0.0,0,0
936601,2021-01-23,2023-02-22,761,761,0,0.0,0,0
936693,2021-01-23,2023-02-22,761,761,0,0.0,0,0
904112,2021-01-23,2023-02-22,761,761,0,0.0,0,0
217816,2021-01-23,2023-02-22,761,761,0,0.0,0,0
213676,2021-01-23,2023-02-22,761,761,0,0.0,0,0
501451,2021-01-23,2023-02-22,761,761,0,0.0,0,0
613934,2021-01-23,2023-02-22,761,761,0,0.0,0,0
613906,2021-01-23,2023-02-22,761,761,0,0.0,0,0
217622,2021-01-23,2023-02-22,761,761,0,0.0,0,0
945892,2021-01-23,2023-02-22,761,761,0,0.0,0,0
904144,2021-01-23,2023-02-22,761,761,0,0.0,0,0
501208,2021-01-23,2023-02-22,761,761,0,0.0,0,0
824141,2021-01-23,2023-02-22,761,761,0,0.0,0,0
501132,2021-01-23,2023-02-22,761,761,0,0.0,0,0
937490,2021-01-23,2023-02-22,761,761,0,0.0,0,0
514230,2021-01-23,2023-02-22,761,761,0,0.0,0,0
501049,2021-01-23,2023-02-22,761,761,0,0.0,0,0
500829,2021-01-23,2023-02-22,761,761,0,0.0,0,0
217968,2021-01-23,2023-02-22,761,761,0,0.0,0,0
218017,2021-01-23,2023-02-22,761,761,0,0.0,0,0
825181,2021-01-23,2023-02-22,761,761,0,0.0,0,0
218076,2021-01-23,2023-02-22,761,761,0,0.0,0,0
610563,2021-01-23,2023-02-22,761,761,0,0.0,0,0
610562,2021-01-23,2023-02-22,761,761,0,0.0,0,0
205279,2021-01-23,2023-02-22,761,761,0,0.0,0,0
205276,2021-01-23,2023-02-22,761,761,0,0.0,0,0
501471,2021-01-23,2023-02-22,761,761,0,0.0,0,0
680152,2021-01-23,2023-02-22,761,761,0,0.0,0,0
965699,2021-01-23,2023-02-22,761,761,0,0.0,0,0
159258,2021-01-23,2023-02-22,761,761,0,0.0,0,0
502499,2021-01-23,2023-02-22,761,761,0,0.0,0,0
654369,2021-01-23,2023-02-22,761,761,0,0.0,0,0
159537,2021-01-23,2023-02-22,761,761,0,0.0,0,0
159544,2021-01-23,2023-02-22,761,761,0,0.0,0,0
962797,2021-01-23,2023-02-22,761,761,0,0.0,0,0
671826,2021-01-23,2023-02-22,761,761,0,0.0,0,0
672408,2021-01-23,2023-02-22,761,761,0,0.0,0,0
159545,2021-01-23,2023-02-22,761,761,0,0.0,0,0
158884,2021-01-23,2023-02-22,761,761,0,0.0,0,0
159547,2021-01-23,2023-02-22,761,761,0,0.0,0,0
159548,2021-01-23,2023-02-22,761,761,0,0.0,0,0
159549,2021-01-23,2023-02-22,761,761,0,0.0,0,0
689147,2021-01-23,2023-02-22,761,761,0,0.0,0,0
503071,2021-01-23,2023-02-22,761,761,0,0.0,0,0
161356,2021-01-23,2023-02-22,761,761,0,0.0,0,0
962454,2021-01-23,2023-02-22,761,761,0,0.0,0,0
161359,2021-01-23,2023-02-22,761,761,0,0.0,0,0
161368,2021-01-23,2023-02-22,761,761,0,0.0,0,0
501711,2021-01-23,2023-02-22,761,761,0,0.0,0,0
158883,2021-01-23,2023-02-22,761,761,0,0.0,0,0
933458,2021-01-23,2023-02-22,761,761,0,0.0,0,0
656409,2021-01-23,2023-02-22,761,761,0,0.0,0,0
661641,2021-01-23,2023-02-22,761,761,0,0.0,0,0
155622,2021-01-23,2023-02-22,761,761,0,0.0,0,0
155623,2021-01-23,2023-02-22,761,761,0,0.0,0,0
662692,2021-01-23,2023-02-22,761,761,0,0.0,0,0
156751,2021-01-23,2023-02-22,761,761,0,0.0,0,0
991921,2021-01-23,2023-02-22,761,761,0,0.0,0,0
156753,2021-01-23,2023-02-22,761,761,0,0.0,0,0
988016,2021-01-23,2023-02-22,761,761,0,0.0,0,0
983754,2021-01-23,2023-02-22,761,761,0,0.0,0,0
656368,2021-01-23,2023-02-22,761,761,0,0.0,0,0
158797,2021-01-23,2023-02-22,761,761,0,0.0,0,0
157927,2021-01-23,2023-02-22,761,761,0,0.0,0,0
501762,2021-01-23,2023-02-22,761,761,0,0.0,0,0
656348,2021-01-23,2023-02-22,761,761,0,0.0,0,0
157972,2021-01-23,2023-02-22,761,761,0,0.0,0,0
983332,2021-01-23,2023-02-22,761,761,0,0.0,0,0
157974,2021-01-23,2023-02-22,761,761,0,0.0,0,0
157976,2021-01-23,2023-02-22,761,761,0,0.0,0,0
971261,2021-01-23,2023-02-22,761,761,0,0.0,0,0
654370,2021-01-23,2023-02-22,761,761,0,0.0,0,0
161374,2021-01-23,2023-02-22,761,761,0,0.0,0,0
696594,2021-01-23,2023-02-22,761,761,0,0.0,0,0
162856,2021-01-23,2023-02-22,761,761,0,0.0,0,0
205263,2021-01-23,2023-02-22,761,761,0,0.0,0,0
716575,2021-01-23,2023-02-22,761,761,0,0.0,0,0
204474,2021-01-23,2023-02-22,761,761,0,0.0,0,0
204525,2021-01-23,2023-02-22,761,761,0,0.0,0,0
959943,2021-01-23,2023-02-22,761,761,0,0.0,0,0
205213,2021-01-23,2023-02-22,761,761,0,0.0,0,0
640017,2021-01-23,2023-02-22,761,761,0,0.0,0,0
640015,2021-01-23,2023-02-22,761,761,0,0.0,0,0
205259,2021-01-23,2023-02-22,761,761,0,0.0,0,0
205262,2021-01-23,2023-02-22,761,761,0,0.0,0,0
952568,2021-01-23,2023-02-22,761,761,0,0.0,0,0
640741,2021-01-23,2023-02-22,761,761,0,0.0,0,0
501490,2021-01-23,2023-02-22,761,761,0,0.0,0,0
205270,2021-01-23,2023-02-22,761,761,0,0.0,0,0
636602,2021-01-23,2023-02-22,761,761,0,0.0,0,0
636597,2021-01-23,2023-02-22,761,761,0,0.0,0,0
950332,2021-01-23,2023-02-22,761,761,0,0.0,0,0
634849,2021-01-23,2023-02-22,761,761,0,0.0,0,0
630721,2021-01-23,2023-02-22,761,761,0,0.0,0,0
630720,2021-01-23,2023-02-22,761,761,0,0.0,0,0
205275,2021-01-23,2023-02-22,761,761,0,0.0,0,0
961844,2021-01-23,2023-02-22,761,761,0,0.0,0,0
962210,2021-01-23,2023-02-22,761,761,0,0.0,0,0
201262,2021-01-23,2023-02-22,761,761,0,0.0,0,0
201260,2021-01-23,2023-02-22,761,761,0,0.0,0,0
162918,2021-01-23,2023-02-22,761,761,0,0.0,0,0
501538,2021-01-23,2023-02-22,761,761,0,0.0,0,0
640740,2021-01-23,2023-02-22,761,761,0,0.0,0,0
163121,2021-01-23,2023-02-22,761,761,0,0.0,0,0
904102,2021-01-23,2023-02-22,761,761,0,0.0,0,0
505414,2021-01-23,2023-02-22,761,761,0,0.0,0,0
168042,2021-01-23,2023-02-22,761,761,0,0.0,0,0
168045,2021-01-23,2023-02-22,761,761,0,0.0,0,0
962453,2021-01-23,2023-02-22,761,761,0,0.0,0,0
962448,2021-01-23,2023-02-22,761,761,0,0.0,0,0
187736,2021-01-23,2023-02-22,761,761,0,0.0,0,0
962445,2021-01-23,2023-02-22,761,761,0,0.0,0,0
962444,2021-01-23,2023-02-22,761,761,0,0.0,0,0
640025,2021-01-23,2023-02-22,761,761,0,0.0,0,0
198401,2021-01-23,2023-02-22,761,761,0,0.0,0,0
640023,2021-01-23,2023-02-22,761,761,0,0.0,0,0
200183,2021-01-23,2023-02-22,761,761,0,0.0,0,0
200184,2021-01-23,2023-02-22,761,761,0,0.0,0,0
200202,2021-01-23,2023-02-22,761,761,0,0.0,0,0
606396,2021-01-23,2023-02-22,761,761,0,0.0,0,0
933457,2021-01-23,2023-02-22,761,761,0,0.0,0,0
298017,2021-01-23,2023-02-22,761,761,0,0.0,0,0
660996,2021-01-23,2023-02-22,761,761,0,0.0,0,0
270075,2021-01-23,2023-02-22,761,761,0,0.0,0,0
901555,2021-01-23,2023-02-22,761,761,0,0.0,0,0
270076,2021-01-23,2023-02-22,761,761,0,0.0,0,0
279095,2021-01-23,2023-02-22,761,761,0,0.0,0,0
298496,2021-01-23,2023-02-22,761,761,0,0.0,0,0
281044,2021-01-23,2023-02-22,761,761,0,0.0,0,0
281727,2021-01-23,2023-02-22,761,761,0,0.0,0,0
565060,2021-01-23,2023-02-22,761,761,0,0.0,0,0
913583,2021-01-23,2023-02-22,761,761,0,0.0,0,0
904556,2021-01-23,2023-02-22,761,761,0,0.0,0,0
530684,2021-01-23,2023-02-22,761,761,0,0.0,0,0
285972,2021-01-23,2023-02-22,761,761,0,0.0,0,0
285974,2021-01-23,2023-02-22,761,761,0,0.0,0,0
285975,2021-01-23,2023-02-22,761,761,0,0.0,0,0
287101,2021-01-23,2023-02-22,761,761,0,0.0,0,0
912559,2021-01-23,2023-02-22,761,761,0,0.0,0,0
912509,2021-01-23,2023-02-22,761,761,0,0.0,0,0
288716,2021-01-23,2023-02-22,761,761,0,0.0,0,0
288729,2021-01-23,2023-02-22,761,761,0,0.0,0,0
289006,2021-01-23,2023-02-22,761,761,0,0.0,0,0
901225,2021-01-23,2023-02-22,761,761,0,0.0,0,0
268649,2021-01-23,2023-02-22,761,761,0,0.0,0,0
911753,2021-01-23,2023-02-22,761,761,0,0.0,0,0
566960,2021-01-23,2023-02-22,761,761,0,0.0,0,0
570495,2021-01-23,2023-02-22,761,761,0,0.0,0,0
569572,2021-01-23,2023-02-22,761,761,0,0.0,0,0
256207,2021-01-23,2023-02-22,761,761,0,0.0,0,0
568916,2021-01-23,2023-02-22,761,761,0,0.0,0,0
568886,2021-01-23,2023-02-22,761,761,0,0.0,0,0
904263,2021-01-23,2023-02-22,761,761,0,0.0,0,0
257227,2021-01-23,2023-02-22,761,761,0,0.0,0,0
298955,2021-01-23,2023-02-22,761,761,0,0.0,0,0
568447,2021-01-23,2023-02-22,761,761,0,0.0,0,0
298946,2021-01-23,2023-02-22,761,761,0,0.0,0,0
913929,2021-01-23,2023-02-22,761,761,0,0.0,0,0
266553,2021-01-23,2023-02-22,761,761,0,0.0,0,0
914744,2021-01-23,2023-02-22,761,761,0,0.0,0,0
901575,2021-01-23,2023-02-22,761,761,0,0.0,0,0
298944,2021-01-23,2023-02-22,761,761,0,0.0,0,0
266558,2021-01-23,2023-02-22,761,761,0,0.0,0,0
565853,2021-01-23,2023-02-22,761,761,0,0.0,0,0
267869,2021-01-23,2023-02-22,761,761,0,0.0,0,0
268150,2021-01-23,2023-02-22,761,761,0,0.0,0,0
268177,2021-01-23,2023-02-22,761,761,0,0.0,0,0
289055,2021-01-23,2023-02-22,761,761,0,0.0,0,0
909293,2021-01-23,2023-02-22,761,761,0,0.0,0,0
255369,2021-01-23,2023-02-22,761,761,0,0.0,0,0
901487,2021-01-23,2023-02-22,761,761,0,0.0,0,0
545621,2021-01-23,2023-02-22,761,761,0,0.0,0,0
545604,2021-01-23,2023-02-22,761,761,0,0.0,0,0
545602,2021-01-23,2023-02-22,761,761,0,0.0,0,0
297738,2021-01-23,2023-02-22,761,761,0,0.0,0,0
545599,2021-01-23,2023-02-22,761,761,0,0.0,0,0
545598,2021-01-23,2023-02-22,761,761,0,0.0,0,0
297740,2021-01-23,2023-02-22,761,761,0,0.0,0,0
545597,2021-01-23,2023-02-22,761,761,0,0.0,0,0
297746,2021-01-23,2023-02-22,761,761,0,0.0,0,0
298221,2021-01-23,2023-02-22,761,761,0,0.0,0,0
907292,2021-01-23,2023-02-22,761,761,0,0.0,0,0
538923,2021-01-23,2023-02-22,761,761,0,0.0,0,0
538078,2021-01-23,2023-02-22,761,761,0,0.0,0,0
298008,2021-01-23,2023-02-22,761,761,0,0.0,0,0
536433,2021-01-23,2023-02-22,761,761,0,0.0,0,0
535959,2021-01-23,2023-02-22,761,761,0,0.0,0,0
901498,2021-01-23,2023-02-22,761,761,0,0.0,0,0
906233,2021-01-23,2023-02-22,761,761,0,0.0,0,0
536313,2021-01-23,2023-02-22,761,761,0,0.0,0,0
536321,2021-01-23,2023-02-22,761,761,0,0.0,0,0
297735,2021-01-23,2023-02-22,761,761,0,0.0,0,0
901242,2021-01-23,2023-02-22,761,761,0,0.0,0,0
558127,2021-01-23,2023-02-22,761,761,0,0.0,0,0
907969,2021-01-23,2023-02-22,761,761,0,0.0,0,0
904598,2021-01-23,2023-02-22,761,761,0,0.0,0,0
908786,2021-01-23,2023-02-22,761,761,0,0.0,0,0
905921,2021-01-23,2023-02-22,761,761,0,0.0,0,0
289073,2021-01-23,2023-02-22,761,761,0,0.0,0,0
907970,2021-01-23,2023-02-22,761,761,0,0.0,0,0
298442,2021-01-23,2023-02-22,761,761,0,0.0,0,0
289112,2021-01-23,2023-02-22,761,761,0,0.0,0,0
289117,2021-01-23,2023-02-22,761,761,0,0.0,0,0
298441,2021-01-23,2023-02-22,761,761,0,0.0,0,0
298329,2021-01-23,2023-02-22,761,761,0,0.0,0,0
297733,2021-01-23,2023-02-22,761,761,0,0.0,0,0
901226,2021-01-23,2023-02-22,761,761,0,0.0,0,0
289177,2021-01-23,2023-02-22,761,761,0,0.0,0,0
298328,2021-01-23,2023-02-22,761,761,0,0.0,0,0
907967,2021-01-23,2023-02-22,761,761,0,0.0,0,0
289395,2021-01-23,2023-02-22,761,761,0,0.0,0,0
298327,2021-01-23,2023-02-22,761,761,0,0.0,0,0
298325,2021-01-23,2023-02-22,761,761,0,0.0,0,0
295256,2021-01-23,2023-02-22,761,761,0,0.0,0,0
297732,2021-01-23,2023-02-22,761,761,0,0.0,0,0
255373,2021-01-23,2023-02-22,761,761,0,0.0,0,0
255365,2021-01-23,2023-02-22,761,761,0,0.0,0,0
224460,2021-01-23,2023-02-22,761,761,0,0.0,0,0
606279,2021-01-23,2023-02-22,761,761,0,0.0,0,0
606327,2021-01-23,2023-02-22,761,761,0,0.0,0,0
236689,2021-01-23,2023-02-22,761,761,0,0.0,0,0
606321,2021-01-23,2023-02-22,761,761,0,0.0,0,0
236717,2021-01-23,2023-02-22,761,761,0,0.0,0,0
606300,2021-01-23,2023-02-22,761,761,0,0.0,0,0
606290,2021-01-23,2023-02-22,761,761,0,0.0,0,0
925849,2021-01-23,2023-02-22,761,761,0,0.0,0,0
922307,2021-01-23,2023-02-22,761,761,0,0.0,0,0
502330,2021-01-23,2023-02-22,761,761,0,0.0,0,0
236781,2021-01-23,2023-02-22,761,761,0,0.0,0,0
235439,2021-01-23,2023-02-22,761,761,0,0.0,0,0
921857,2021-01-23,2023-02-22,761,761,0,0.0,0,0
236783,2021-01-23,2023-02-22,761,761,0,0.0,0,0
606268,2021-01-23,2023-02-22,761,761,0,0.0,0,0
606257,2021-01-23,2023-02-22,761,761,0,0.0,0,0
500057,2021-01-23,2023-02-22,761,761,0,0.0,0,0
236819,2021-01-23,2023-02-22,761,761,0,0.0,0,0
921564,2021-01-23,2023-02-22,761,761,0,0.0,0,0
921558,2021-01-23,2023-02-22,761,761,0,0.0,0,0
606230,2021-01-23,2023-02-22,761,761,0,0.0,0,0
236593,2021-01-23,2023-02-22,761,761,0,0.0,0,0
926145,2021-01-23,2023-02-22,761,761,0,0.0,0,0
921516,2021-01-23,2023-02-22,761,761,0,0.0,0,0
228262,2021-01-23,2023-02-22,761,761,0,0.0,0,0
224539,2021-01-23,2023-02-22,761,761,0,0.0,0,0
224540,2021-01-23,2023-02-22,761,761,0,0.0,0,0
904147,2021-01-23,2023-02-22,761,761,0,0.0,0,0
933442,2021-01-23,2023-02-22,761,761,0,0.0,0,0
606389,2021-01-23,2023-02-22,761,761,0,0.0,0,0
932812,2021-01-23,2023-02-22,761,761,0,0.0,0,0
500648,2021-01-23,2023-02-22,761,761,0,0.0,0,0
228261,2021-01-23,2023-02-22,761,761,0,0.0,0,0
526765,2021-01-23,2023-02-22,761,761,0,0.0,0,0
228264,2021-01-23,2023-02-22,761,761,0,0.0,0,0
927113,2021-01-23,2023-02-22,761,761,0,0.0,0,0
228266,2021-01-23,2023-02-22,761,761,0,0.0,0,0
606383,2021-01-23,2023-02-22,761,761,0,0.0,0,0
228267,2021-01-23,2023-02-22,761,761,0,0.0,0,0
606365,2021-01-23,2023-02-22,761,761,0,0.0,0,0
927114,2021-01-23,2023-02-22,761,761,0,0.0,0,0
606357,2021-01-23,2023-02-22,761,761,0,0.0,0,0
500562,2021-01-23,2023-02-22,761,761,0,0.0,0,0
233391,2021-01-23,2023-02-22,761,761,0,0.0,0,0
500058,2021-01-23,2023-02-22,761,761,0,0.0,0,0
921520,2021-01-23,2023-02-22,761,761,0,0.0,0,0
236821,2021-01-23,2023-02-22,761,761,0,0.0,0,0
251742,2021-01-23,2023-02-22,761,761,0,0.0,0,0
526767,2021-01-23,2023-02-22,761,761,0,0.0,0,0
237558,2021-01-23,2023-02-22,761,761,0,0.0,0,0
582895,2021-01-23,2023-02-22,761,761,0,0.0,0,0
237588,2021-01-23,2023-02-22,761,761,0,0.0,0,0
917326,2021-01-23,2023-02-22,761,761,0,0.0,0,0
582893,2021-01-23,2023-02-22,761,761,0,0.0,0,0
581888,2021-01-23,2023-02-22,761,761,0,0.0,0,0
916110,2021-01-23,2023-02-22,761,761,0,0.0,0,0
241837,2021-01-23,2023-02-22,761,761,0,0.0,0,0
580254,2021-01-23,2023-02-22,761,761,0,0.0,0,0
915697,2021-01-23,2023-02-22,761,761,0,0.0,0,0
587317,2021-01-23,2023-02-22,761,761,0,0.0,0,0
241839,2021-01-23,2023-02-22,761,761,0,0.0,0,0
901029,2021-01-23,2023-02-22,761,761,0,0.0,0,0
251734,2021-01-23,2023-02-22,761,761,0,0.0,0,0
251737,2021-01-23,2023-02-22,761,761,0,0.0,0,0
915640,2021-01-23,2023-02-22,761,761,0,0.0,0,0
901187,2021-01-23,2023-02-22,761,761,0,0.0,0,0
901581,2021-01-23,2023-02-22,761,761,0,0.0,0,0
298982,2021-01-23,2023-02-22,761,761,0,0.0,0,0
251739,2021-01-23,2023-02-22,761,761,0,0.0,0,0
237557,2021-01-23,2023-02-22,761,761,0,0.0,0,0
299446,2021-01-23,2023-02-22,761,761,0,0.0,0,0
236825,2021-01-23,2023-02-22,761,761,0,0.0,0,0
919447,2021-01-23,2023-02-22,761,761,0,0.0,0,0
606214,2021-01-23,2023-02-22,761,761,0,0.0,0,0
605573,2021-01-23,2023-02-22,761,761,0,0.0,0,0
604225,2021-01-23,2023-02-22,761,761,0,0.0,0,0
236972,2021-01-23,2023-02-22,761,761,0,0.0,0,0
604198,2021-01-23,2023-02-22,761,761,0,0.0,0,0
237156,2021-01-23,2023-02-22,761,761,0,0.0,0,0
500056,2021-01-23,2023-02-22,761,761,0,0.0,0,0
237188,2021-01-23,2023-02-22,761,761,0,0.0,0,0
237190,2021-01-23,2023-02-22,761,761,0,0.0,0,0
237238,2021-01-23,2023-02-22,761,761,0,0.0,0,0
237527,2021-01-23,2023-02-22,761,761,0,0.0,0,0
604197,2021-01-23,2023-02-22,761,761,0,0.0,0,0
500024,2021-01-23,2023-02-22,761,761,0,0.0,0,0
237377,2021-01-23,2023-02-22,761,761,0,0.0,0,0
919137,2021-01-23,2023-02-22,761,761,0,0.0,0,0
835557,2021-01-23,2023-02-22,761,761,0,0.0,0,0
903764,2021-01-23,2023-02-22,761,761,0,0.0,0,0
587686,2021-01-23,2023-02-22,761,761,0,0.0,0,0
237382,2021-01-23,2023-02-22,761,761,0,0.0,0,0
918537,2021-01-23,2023-02-22,761,761,0,0.0,0,0
236770,2021-01-23,2023-02-22,761,761,0,0.0,0,0
27,2021-01-23,2023-02-22,761,761,0,0.0,0,0
154814,2021-01-23,2023-02-22,761,761,0,0.0,0,0
12643,2021-01-23,2023-02-22,761,761,0,0.0,0,0
21158,2021-01-23,2023-02-22,761,761,0,0.0,0,0
21155,2021-01-23,2023-02-22,761,761,0,0.0,0,0
21154,2021-01-23,2023-02-22,761,761,0,0.0,0,0
21153,2021-01-23,2023-02-22,761,761,0,0.0,0,0
21149,2021-01-23,2023-02-22,761,761,0,0.0,0,0
21096,2021-01-23,2023-02-22,761,761,0,0.0,0,0
20965,2021-01-23,2023-02-22,761,761,0,0.0,0,0
20783,2021-01-23,2023-02-22,761,761,0,0.0,0,0
20738,2021-01-23,2023-02-22,761,761,0,0.0,0,0
20731,2021-01-23,2023-02-22,761,761,0,0.0,0,0
20730,2021-01-23,2023-02-22,761,761,0,0.0,0,0
20602,2021-01-23,2023-02-22,761,761,0,0.0,0,0
20230,2021-01-23,2023-02-22,761,761,0,0.0,0,0
20226,2021-01-23,2023-02-22,761,761,0,0.0,0,0
20225,2021-01-23,2023-02-22,761,761,0,0.0,0,0
21161,2021-01-23,2023-02-22,761,761,0,0.0,0,0
21164,2021-01-23,2023-02-22,761,761,0,0.0,0,0
21166,2021-01-23,2023-02-22,761,761,0,0.0,0,0
21314,2021-01-23,2023-02-22,761,761,0,0.0,0,0
21690,2021-01-23,2023-02-22,761,761,0,0.0,0,0
21370,2021-01-23,2023-02-22,761,761,0,0.0,0,0
21365,2021-01-23,2023-02-22,761,761,0,0.0,0,0
21351,2021-01-23,2023-02-22,761,761,0,0.0,0,0
21322,2021-01-23,2023-02-22,761,761,0,0.0,0,0
21320,2021-01-23,2023-02-22,761,761,0,0.0,0,0
21184,2021-01-23,2023-02-22,761,761,0,0.0,0,0
21168,2021-01-23,2023-02-22,761,761,0,0.0,0,0
21182,2021-01-23,2023-02-22,761,761,0,0.0,0,0
21181,2021-01-23,2023-02-22,761,761,0,0.0,0,0
21178,2021-01-23,2023-02-22,761,761,0,0.0,0,0
21177,2021-01-23,2023-02-22,761,761,0,0.0,0,0
21176,2021-01-23,2023-02-22,761,761,0,0.0,0,0
21175,2021-01-23,2023-02-22,761,761,0,0.0,0,0
20207,2021-01-23,2023-02-22,761,761,0,0.0,0,0
20043,2021-01-23,2023-02-22,761,761,0,0.0,0,0
20039,2021-01-23,2023-02-22,761,761,0,0.0,0,0
13184,2021-01-23,2023-02-22,761,761,0,0.0,0,0
13400,2021-01-23,2023-02-22,761,761,0,0.0,0,0
13348,2021-01-23,2023-02-22,761,761,0,0.0,0,0
13339,2021-01-23,2023-02-22,761,761,0,0.0,0,0
13287,2021-01-23,2023-02-22,761,761,0,0.0,0,0
13245,2021-01-23,2023-02-22,761,761,0,0.0,0,0
13217,2021-01-23,2023-02-22,761,761,0,0.0,0,0
13163,2021-01-23,2023-02-22,761,761,0,0.0,0,0
14087,2021-01-23,2023-02-22,761,761,0,0.0,0,0
13049,2021-01-23,2023-02-22,761,761,0,0.0,0,0
13046,2021-01-23,2023-02-22,761,761,0,0.0,0,0
12880,2021-01-23,2023-02-22,761,761,0,0.0,0,0
12868,2021-01-23,2023-02-22,761,761,0,0.0,0,0
12732,2021-01-23,2023-02-22,761,761,0,0.0,0,0
12710,2021-01-23,2023-02-22,761,761,0,0.0,0,0
13544,2021-01-23,2023-02-22,761,761,0,0.0,0,0
14092,2021-01-23,2023-02-22,761,761,0,0.0,0,0
19626,2021-01-23,2023-02-22,761,761,0,0.0,0,0
16961,2021-01-23,2023-02-22,761,761,0,0.0,0,0
19615,2021-01-23,2023-02-22,761,761,0,0.0,0,0
19501,2021-01-23,2023-02-22,761,761,0,0.0,0,0
18611,2021-01-23,2023-02-22,761,761,0,0.0,0,0
18594,2021-01-23,2023-02-22,761,761,0,0.0,0,0
18568,2021-01-23,2023-02-22,761,761,0,0.0,0,0
17978,2021-01-23,2023-02-22,761,761,0,0.0,0,0
16920,2021-01-23,2023-02-22,761,761,0,0.0,0,0
14596,2021-01-23,2023-02-22,761,761,0,0.0,0,0
16758,2021-01-23,2023-02-22,761,761,0,0.0,0,0
16371,2021-01-23,2023-02-22,761,761,0,0.0,0,0
15149,2021-01-23,2023-02-22,761,761,0,0.0,0,0
14895,2021-01-23,2023-02-22,761,761,0,0.0,0,0
14872,2021-01-23,2023-02-22,761,761,0,0.0,0,0
14667,2021-01-23,2023-02-22,761,761,0,0.0,0,0
22038,2021-01-23,2023-02-22,761,761,0,0.0,0,0
25032,2021-01-23,2023-02-22,761,761,0,0.0,0,0
25034,2021-01-23,2023-02-22,761,761,0,0.0,0,0
31733,2021-01-23,2023-02-22,761,761,0,0.0,0,0
34496,2021-01-23,2023-02-22,761,761,0,0.0,0,0
32666,2021-01-23,2023-02-22,761,761,0,0.0,0,0
32239,2021-01-23,2023-02-22,761,761,0,0.0,0,0
32180,2021-01-23,2023-02-22,761,761,0,0.0,0,0
32016,2021-01-23,2023-02-22,761,761,0,0.0,0,0
32013,2021-01-23,2023-02-22,761,761,0,0.0,0,0
31215,2021-01-23,2023-02-22,761,761,0,0.0,0,0
34749,2021-01-23,2023-02-22,761,761,0,0.0,0,0
30753,2021-01-23,2023-02-22,761,761,0,0.0,0,0
30665,2021-01-23,2023-02-22,761,761,0,0.0,0,0
30534,2021-01-23,2023-02-22,761,761,0,0.0,0,0
30144,2021-01-23,2023-02-22,761,761,0,0.0,0,0
30143,2021-01-23,2023-02-22,761,761,0,0.0,0,0
29925,2021-01-23,2023-02-22,761,761,0,0.0,0,0
34747,2021-01-23,2023-02-22,761,761,0,0.0,0,0
34752,2021-01-23,2023-02-22,761,761,0,0.0,0,0
29351,2021-01-23,2023-02-22,761,761,0,0.0,0,0
46888,2021-01-23,2023-02-22,761,761,0,0.0,0,0
47199,2021-01-23,2023-02-22,761,761,0,0.0,0,0
47185,2021-01-23,2023-02-22,761,761,0,0.0,0,0
47177,2021-01-23,2023-02-22,761,761,0,0.0,0,0
47157,2021-01-23,2023-02-22,761,761,0,0.0,0,0
46973,2021-01-23,2023-02-22,761,761,0,0.0,0,0
46889,2021-01-23,2023-02-22,761,761,0,0.0,0,0
46682,2021-01-23,2023-02-22,761,761,0,0.0,0,0
41748,2021-01-23,2023-02-22,761,761,0,0.0,0,0
44470,2021-01-23,2023-02-22,761,761,0,0.0,0,0
44453,2021-01-23,2023-02-22,761,761,0,0.0,0,0
44428,2021-01-23,2023-02-22,761,761,0,0.0,0,0
44038,2021-01-23,2023-02-22,761,761,0,0.0,0,0
43249,2021-01-23,2023-02-22,761,761,0,0.0,0,0
42170,2021-01-23,2023-02-22,761,761,0,0.0,0,0
29629,2021-01-23,2023-02-22,761,761,0,0.0,0,0
29254,2021-01-23,2023-02-22,761,761,0,0.0,0,0
25036,2021-01-23,2023-02-22,761,761,0,0.0,0,0
26076,2021-01-23,2023-02-22,761,761,0,0.0,0,0
26304,2021-01-23,2023-02-22,761,761,0,0.0,0,0
26254,2021-01-23,2023-02-22,761,761,0,0.0,0,0
26220,2021-01-23,2023-02-22,761,761,0,0.0,0,0
26164,2021-01-23,2023-02-22,761,761,0,0.0,0,0
26144,2021-01-23,2023-02-22,761,761,0,0.0,0,0
26104,2021-01-23,2023-02-22,761,761,0,0.0,0,0
26012,2021-01-23,2023-02-22,761,761,0,0.0,0,0
26512,2021-01-23,2023-02-22,761,761,0,0.0,0,0
26008,2021-01-23,2023-02-22,761,761,0,0.0,0,0
26002,2021-01-23,2023-02-22,761,761,0,0.0,0,0
25915,2021-01-23,2023-02-22,761,761,0,0.0,0,0
25815,2021-01-23,2023-02-22,761,761,0,0.0,0,0
25192,2021-01-23,2023-02-22,761,761,0,0.0,0,0
25038,2021-01-23,2023-02-22,761,761,0,0.0,0,0
26510,2021-01-23,2023-02-22,761,761,0,0.0,0,0
26636,2021-01-23,2023-02-22,761,761,0,0.0,0,0
29109,2021-01-23,2023-02-22,761,761,0,0.0,0,0
26968,2021-01-23,2023-02-22,761,761,0,0.0,0,0
29108,2021-01-23,2023-02-22,761,761,0,0.0,0,0
28512,2021-01-23,2023-02-22,761,761,0,0.0,0,0
28386,2021-01-23,2023-02-22,761,761,0,0.0,0,0
27971,2021-01-23,2023-02-22,761,761,0,0.0,0,0
27473,2021-01-23,2023-02-22,761,761,0,0.0,0,0
26970,2021-01-23,2023-02-22,761,761,0,0.0,0,0
26966,2021-01-23,2023-02-22,761,761,0,0.0,0,0
26702,2021-01-23,2023-02-22,761,761,0,0.0,0,0
26924,2021-01-23,2023-02-22,761,761,0,0.0,0,0
26920,2021-01-23,2023-02-22,761,761,0,0.0,0,0
26918,2021-01-23,2023-02-22,761,761,0,0.0,0,0
26910,2021-01-23,2023-02-22,761,761,0,0.0,0,0
26792,2021-01-23,2023-02-22,761,761,0,0.0,0,0
26768,2021-01-23,2023-02-22,761,761,0,0.0,0,0
12709,2021-01-23,2023-02-22,761,761,0,0.0,0,0
12638,2021-01-23,2023-02-22,761,761,0,0.0,0,0
47364,2021-01-23,2023-02-22,761,761,0,0.0,0,0
12626,2021-01-23,2023-02-22,761,761,0,0.0,0,0
1165,2021-01-23,2023-02-22,761,761,0,0.0,0,0
1051,2021-01-23,2023-02-22,761,761,0,0.0,0,0
1042,2021-01-23,2023-02-22,761,761,0,0.0,0,0
980,2021-01-23,2023-02-22,761,761,0,0.0,0,0
942,2021-01-23,2023-02-22,761,761,0,0.0,0,0
940,2021-01-23,2023-02-22,761,761,0,0.0,0,0
920,2021-01-23,2023-02-22,761,761,0,0.0,0,0
905,2021-01-23,2023-02-22,761,761,0,0.0,0,0
904,2021-01-23,2023-02-22,761,761,0,0.0,0,0
903,2021-01-23,2023-02-22,761,761,0,0.0,0,0
809,2021-01-23,2023-02-22,761,761,0,0.0,0,0
786,2021-01-23,2023-02-22,761,761,0,0.0,0,0
742,2021-01-23,2023-02-22,761,761,0,0.0,0,0
706,2021-01-23,2023-02-22,761,761,0,0.0,0,0
703,2021-01-23,2023-02-22,761,761,0,0.0,0,0
1176,2021-01-23,2023-02-22,761,761,0,0.0,0,0
1181,2021-01-23,2023-02-22,761,761,0,0.0,0,0
1182,2021-01-23,2023-02-22,761,761,0,0.0,0,0
1438,2021-01-23,2023-02-22,761,761,0,0.0,0,0
1775,2021-01-23,2023-02-22,761,761,0,0.0,0,0
1765,2021-01-23,2023-02-22,761,761,0,0.0,0,0
1739,2021-01-23,2023-02-22,761,761,0,0.0,0,0
1718,2021-01-23,2023-02-22,761,761,0,0.0,0,0
1462,2021-01-23,2023-02-22,761,761,0,0.0,0,0
1451,2021-01-23,2023-02-22,761,761,0,0.0,0,0
1433,2021-01-23,2023-02-22,761,761,0,0.0,0,0
1260,2021-01-23,2023-02-22,761,761,0,0.0,0,0
1427,2021-01-23,2023-02-22,761,761,0,0.0,0,0
1425,2021-01-23,2023-02-22,761,761,0,0.0,0,0
1419,2021-01-23,2023-02-22,761,761,0,0.0,0,0
1327,2021-01-23,2023-02-22,761,761,0,0.0,0,0
1325,2021-01-23,2023-02-22,761,761,0,0.0,0,0
1267,2021-01-23,2023-02-22,761,761,0,0.0,0,0
692,2021-01-23,2023-02-22,761,761,0,0.0,0,0
691,2021-01-23,2023-02-22,761,761,0,0.0,0,0
688,2021-01-23,2023-02-22,761,761,0,0.0,0,0
221,2021-01-23,2023-02-22,761,761,0,0.0,0,0
304,2021-01-23,2023-02-22,761,761,0,0.0,0,0
278,2021-01-23,2023-02-22,761,761,0,0.0,0,0
271,2021-01-23,2023-02-22,761,761,0,0.0,0,0
255,2021-01-23,2023-02-22,761,761,0,0.0,0,0
242,2021-01-23,2023-02-22,761,761,0,0.0,0,0
230,2021-01-23,2023-02-22,761,761,0,0.0,0,0
219,2021-01-23,2023-02-22,761,761,0,0.0,0,0
324,2021-01-23,2023-02-22,761,761,0,0.0,0,0
215,2021-01-23,2023-02-22,761,761,0,0.0,0,0
195,2021-01-23,2023-02-22,761,761,0,0.0,0,0
156,2021-01-23,2023-02-22,761,761,0,0.0,0,0
128,2021-01-23,2023-02-22,761,761,0,0.0,0,0
116,2021-01-23,2023-02-22,761,761,0,0.0,0,0
71,2021-01-23,2023-02-22,761,761,0,0.0,0,0
314,2021-01-23,2023-02-22,761,761,0,0.0,0,0
342,2021-01-23,2023-02-22,761,761,0,0.0,0,0
640,2021-01-23,2023-02-22,761,761,0,0.0,0,0
487,2021-01-23,2023-02-22,761,761,0,0.0,0,0
625,2021-01-23,2023-02-22,761,761,0,0.0,0,0
624,2021-01-23,2023-02-22,761,761,0,0.0,0,0
611,2021-01-23,2023-02-22,761,761,0,0.0,0,0
596,2021-01-23,2023-02-22,761,761,0,0.0,0,0
513,2021-01-23,2023-02-22,761,761,0,0.0,0,0
498,2021-01-23,2023-02-22,761,761,0,0.0,0,0
485,2021-01-23,2023-02-22,761,761,0,0.0,0,0
345,2021-01-23,2023-02-22,761,761,0,0.0,0,0
457,2021-01-23,2023-02-22,761,761,0,0.0,0,0
453,2021-01-23,2023-02-22,761,761,0,0.0,0,0
371,2021-01-23,2023-02-22,761,761,0,0.0,0,0
360,2021-01-23,2023-02-22,761,761,0,0.0,0,0
348,2021-01-23,2023-02-22,761,761,0,0.0,0,0
347,2021-01-23,2023-02-22,761,761,0,0.0,0,0
1776,2021-01-23,2023-02-22,761,761,0,0.0,0,0
1802,2021-01-23,2023-02-22,761,761,0,0.0,0,0
1803,2021-01-23,2023-02-22,761,761,0,0.0,0,0
11183,2021-01-23,2023-02-22,761,761,0,0.0,0,0
11360,2021-01-23,2023-02-22,761,761,0,0.0,0,0
11358,2021-01-23,2023-02-22,761,761,0,0.0,0,0
11355,2021-01-23,2023-02-22,761,761,0,0.0,0,0
11346,2021-01-23,2023-02-22,761,761,0,0.0,0,0
11342,2021-01-23,2023-02-22,761,761,0,0.0,0,0
11208,2021-01-23,2023-02-22,761,761,0,0.0,0,0
11163,2021-01-23,2023-02-22,761,761,0,0.0,0,0
11587,2021-01-23,2023-02-22,761,761,0,0.0,0,0
11130,2021-01-23,2023-02-22,761,761,0,0.0,0,0
11118,2021-01-23,2023-02-22,761,761,0,0.0,0,0
10929,2021-01-23,2023-02-22,761,761,0,0.0,0,0
10009,2021-01-23,2023-02-22,761,761,0,0.0,0,0
9464,2021-01-23,2023-02-22,761,761,0,0.0,0,0
9284,2021-01-23,2023-02-22,761,761,0,0.0,0,0
11492,2021-01-23,2023-02-22,761,761,0,0.0,0,0
11592,2021-01-23,2023-02-22,761,761,0,0.0,0,0
8610,2021-01-23,2023-02-22,761,761,0,0.0,0,0
12218,2021-01-23,2023-02-22,761,761,0,0.0,0,0
12621,2021-01-23,2023-02-22,761,761,0,0.0,0,0
12541,2021-01-23,2023-02-22,761,761,0,0.0,0,0
12503,2021-01-23,2023-02-22,761,761,0,0.0,0,0
12502,2021-01-23,2023-02-22,761,761,0,0.0,0,0
12500,2021-01-23,2023-02-22,761,761,0,0.0,0,0
12331,2021-01-23,2023-02-22,761,761,0,0.0,0,0
12046,2021-01-23,2023-02-22,761,761,0,0.0,0,0
11748,2021-01-23,2023-02-22,761,761,0,0.0,0,0
12042,2021-01-23,2023-02-22,761,761,0,0.0,0,0
11820,2021-01-23,2023-02-22,761,761,0,0.0,0,0
11817,2021-01-23,2023-02-22,761,761,0,0.0,0,0
11793,2021-01-23,2023-02-22,761,761,0,0.0,0,0
11791,2021-01-23,2023-02-22,761,761,0,0.0,0,0
11782,2021-01-23,2023-02-22,761,761,0,0.0,0,0
9145,2021-01-23,2023-02-22,761,761,0,0.0,0,0
8514,2021-01-23,2023-02-22,761,761,0,0.0,0,0
2085,2021-01-23,2023-02-22,761,761,0,0.0,0,0
3532,2021-01-23,2023-02-22,761,761,0,0.0,0,0
3730,2021-01-23,2023-02-22,761,761,0,0.0,0,0
3729,2021-01-23,2023-02-22,761,761,0,0.0,0,0
3720,2021-01-23,2023-02-22,761,761,0,0.0,0,0
3715,2021-01-23,2023-02-22,761,761,0,0.0,0,0
3703,2021-01-23,2023-02-22,761,761,0,0.0,0,0
3559,2021-01-23,2023-02-22,761,761,0,0.0,0,0
3520,2021-01-23,2023-02-22,761,761,0,0.0,0,0
3734,2021-01-23,2023-02-22,761,761,0,0.0,0,0
3500,2021-01-23,2023-02-22,761,761,0,0.0,0,0
2962,2021-01-23,2023-02-22,761,761,0,0.0,0,0
2403,2021-01-23,2023-02-22,761,761,0,0.0,0,0
2305,2021-01-23,2023-02-22,761,761,0,0.0,0,0
2291,2021-01-23,2023-02-22,761,761,0,0.0,0,0
2285,2021-01-23,2023-02-22,761,761,0,0.0,0,0
3731,2021-01-23,2023-02-22,761,761,0,0.0,0,0
3737,2021-01-23,2023-02-22,761,761,0,0.0,0,0
8513,2021-01-23,2023-02-22,761,761,0,0.0,0,0
6032,2021-01-23,2023-02-22,761,761,0,0.0,0,0
8426,2021-01-23,2023-02-22,761,761,0,0.0,0,0
8424,2021-01-23,2023-02-22,761,761,0,0.0,0,0
6567,2021-01-23,2023-02-22,761,761,0,0.0,0,0
6558,2021-01-23,2023-02-22,761,761,0,0.0,0,0
6481,2021-01-23,2023-02-22,761,761,0,0.0,0,0
6035,2021-01-23,2023-02-22,761,761,0,0.0,0,0
5908,2021-01-23,2023-02-22,761,761,0,0.0,0,0
4852,2021-01-23,2023-02-22,761,761,0,0.0,0,0
5862,2021-01-23,2023-02-22,761,761,0,0.0,0,0
4990,2021-01-23,2023-02-22,761,761,0,0.0,0,0
4978,2021-01-23,2023-02-22,761,761,0,0.0,0,0
4862,2021-01-23,2023-02-22,761,761,0,0.0,0,0
4858,2021-01-23,2023-02-22,761,761,0,0.0,0,0
4857,2021-01-23,2023-02-22,761,761,0,0.0,0,0
47313,2021-01-23,2023-02-22,761,761,0,0.0,0,0
48358,2021-01-23,2023-02-22,761,761,0,0.0,0,0
154813,2021-01-23,2023-02-22,761,761,0,0.0,0,0
103737,2021-01-23,2023-02-22,761,761,0,0.0,0,0
124667,2021-01-23,2023-02-22,761,761,0,0.0,0,0
124609,2021-01-23,2023-02-22,761,761,0,0.0,0,0
124581,2021-01-23,2023-02-22,761,761,0,0.0,0,0
121853,2021-01-23,2023-02-22,761,761,0,0.0,0,0
119461,2021-01-23,2023-02-22,761,761,0,0.0,0,0
119460,2021-01-23,2023-02-22,761,761,0,0.0,0,0
119454,2021-01-23,2023-02-22,761,761,0,0.0,0,0
55,2021-01-23,2023-02-22,761,761,0,0.0,0,0
118007,2021-01-23,2023-02-22,761,761,0,0.0,0,0
118005,2021-01-23,2023-02-22,761,761,0,0.0,0,0
117984,2021-01-23,2023-02-22,761,761,0,0.0,0,0
117955,2021-01-23,2023-02-22,761,761,0,0.0,0,0
117953,2021-01-23,2023-02-22,761,761,0,0.0,0,0
117950,2021-01-23,2023-02-22,761,761,0,0.0,0,0
117932,2021-01-23,2023-02-22,761,761,0,0.0,0,0
128895,2021-01-23,2023-02-22,761,761,0,0.0,0,0
129063,2021-01-23,2023-02-22,761,761,0,0.0,0,0
129570,2021-01-23,2023-02-22,761,761,0,0.0,0,0
132356,2021-01-23,2023-02-22,761,761,0,0.0,0,0
132409,2021-01-23,2023-02-22,761,761,0,0.0,0,0
132366,2021-01-23,2023-02-22,761,761,0,0.0,0,0
132363,2021-01-23,2023-02-22,761,761,0,0.0,0,0
132359,2021-01-23,2023-02-22,761,761,0,0.0,0,0
132358,2021-01-23,2023-02-22,761,761,0,0.0,0,0
132357,2021-01-23,2023-02-22,761,761,0,0.0,0,0
132342,2021-01-23,2023-02-22,761,761,0,0.0,0,0
129748,2021-01-23,2023-02-22,761,761,0,0.0,0,0
132045,2021-01-23,2023-02-22,761,761,0,0.0,0,0
131831,2021-01-23,2023-02-22,761,761,0,0.0,0,0
130511,2021-01-23,2023-02-22,761,761,0,0.0,0,0
129841,2021-01-23,2023-02-22,761,761,0,0.0,0,0
129834,2021-01-23,2023-02-22,761,761,0,0.0,0,0
129833,2021-01-23,2023-02-22,761,761,0,0.0,0,0
117919,2021-01-23,2023-02-22,761,761,0,0.0,0,0
117890,2021-01-23,2023-02-22,761,761,0,0.0,0,0
117620,2021-01-23,2023-02-22,761,761,0,0.0,0,0
110187,2021-01-23,2023-02-22,761,761,0,0.0,0,0
113460,2021-01-23,2023-02-22,761,761,0,0.0,0,0
113308,2021-01-23,2023-02-22,761,761,0,0.0,0,0
112754,2021-01-23,2023-02-22,761,761,0,0.0,0,0
110361,2021-01-23,2023-02-22,761,761,0,0.0,0,0
110358,2021-01-23,2023-02-22,761,761,0,0.0,0,0
110355,2021-01-23,2023-02-22,761,761,0,0.0,0,0
106096,2021-01-23,2023-02-22,761,761,0,0.0,0,0
113464,2021-01-23,2023-02-22,761,761,0,0.0,0,0
103905,2021-01-23,2023-02-22,761,761,0,0.0,0,0
103793,2021-01-23,2023-02-22,761,761,0,0.0,0,0
103792,2021-01-23,2023-02-22,761,761,0,0.0,0,0
103789,2021-01-23,2023-02-22,761,761,0,0.0,0,0
103785,2021-01-23,2023-02-22,761,761,0,0.0,0,0
103782,2021-01-23,2023-02-22,761,761,0,0.0,0,0
113463,2021-01-23,2023-02-22,761,761,0,0.0,0,0
113613,2021-01-23,2023-02-22,761,761,0,0.0,0,0
117619,2021-01-23,2023-02-22,761,761,0,0.0,0,0
113775,2021-01-23,2023-02-22,761,761,0,0.0,0,0
117616,2021-01-23,2023-02-22,761,761,0,0.0,0,0
117256,2021-01-23,2023-02-22,761,761,0,0.0,0,0
117251,2021-01-23,2023-02-22,761,761,0,0.0,0,0
113943,2021-01-23,2023-02-22,761,761,0,0.0,0,0
113887,2021-01-23,2023-02-22,761,761,0,0.0,0,0
113885,2021-01-23,2023-02-22,761,761,0,0.0,0,0
113705,2021-01-23,2023-02-22,761,761,0,0.0,0,0
113616,2021-01-23,2023-02-22,761,761,0,0.0,0,0
113640,2021-01-23,2023-02-22,761,761,0,0.0,0,0
113639,2021-01-23,2023-02-22,761,761,0,0.0,0,0
113635,2021-01-23,2023-02-22,761,761,0,0.0,0,0
113632,2021-01-23,2023-02-22,761,761,0,0.0,0,0
113623,2021-01-23,2023-02-22,761,761,0,0.0,0,0
113619,2021-01-23,2023-02-22,761,761,0,0.0,0,0
132423,2021-01-23,2023-02-22,761,761,0,0.0,0,0
132487,2021-01-23,2023-02-22,761,761,0,0.0,0,0
132696,2021-01-23,2023-02-22,761,761,0,0.0,0,0
151820,2021-01-23,2023-02-22,761,761,0,0.0,0,0
151830,2021-01-23,2023-02-22,761,761,0,0.0,0,0
151829,2021-01-23,2023-02-22,761,761,0,0.0,0,0
151828,2021-01-23,2023-02-22,761,761,0,0.0,0,0
151823,2021-01-23,2023-02-22,761,761,0,0.0,0,0
151822,2021-01-23,2023-02-22,761,761,0,0.0,0,0
151821,2021-01-23,2023-02-22,761,761,0,0.0,0,0
151819,2021-01-23,2023-02-22,761,761,0,0.0,0,0
151832,2021-01-23,2023-02-22,761,761,0,0.0,0,0
151818,2021-01-23,2023-02-22,761,761,0,0.0,0,0
151817,2021-01-23,2023-02-22,761,761,0,0.0,0,0
151816,2021-01-23,2023-02-22,761,761,0,0.0,0,0
151815,2021-01-23,2023-02-22,761,761,0,0.0,0,0
151814,2021-01-23,2023-02-22,761,761,0,0.0,0,0
151808,2021-01-23,2023-02-22,761,761,0,0.0,0,0
151831,2021-01-23,2023-02-22,761,761,0,0.0,0,0
151833,2021-01-23,2023-02-22,761,761,0,0.0,0,0
151442,2021-01-23,2023-02-22,761,761,0,0.0,0,0
153656,2021-01-23,2023-02-22,761,761,0,0.0,0,0
154812,2021-01-23,2023-02-22,761,761,0,0.0,0,0
154810,2021-01-23,2023-02-22,761,761,0,0.0,0,0
154740,2021-01-23,2023-02-22,761,761,0,0.0,0,0
154547,2021-01-23,2023-02-22,761,761,0,0.0,0,0
153675,2021-01-23,2023-02-22,761,761,0,0.0,0,0
153665,2021-01-23,2023-02-22,761,761,0,0.0,0,0
153650,2021-01-23,2023-02-22,761,761,0,0.0,0,0
151834,2021-01-23,2023-02-22,761,761,0,0.0,0,0
153642,2021-01-23,2023-02-22,761,761,0,0.0,0,0
153319,2021-01-23,2023-02-22,761,761,0,0.0,0,0
153318,2021-01-23,2023-02-22,761,761,0,0.0,0,0
151837,2021-01-23,2023-02-22,761,761,0,0.0,0,0
151836,2021-01-23,2023-02-22,761,761,0,0.0,0,0
151835,2021-01-23,2023-02-22,761,761,0,0.0,0,0
151805,2021-01-23,2023-02-22,761,761,0,0.0,0,0
151441,2021-01-23,2023-02-22,761,761,0,0.0,0,0
132702,2021-01-23,2023-02-22,761,761,0,0.0,0,0
144695,2021-01-23,2023-02-22,761,761,0,0.0,0,0
146765,2021-01-23,2023-02-22,761,761,0,0.0,0,0
146764,2021-01-23,2023-02-22,761,761,0,0.0,0,0
144854,2021-01-23,2023-02-22,761,761,0,0.0,0,0
144847,2021-01-23,2023-02-22,761,761,0,0.0,0,0
144814,2021-01-23,2023-02-22,761,761,0,0.0,0,0
144813,2021-01-23,2023-02-22,761,761,0,0.0,0,0
143139,2021-01-23,2023-02-22,761,761,0,0.0,0,0
146834,2021-01-23,2023-02-22,761,761,0,0.0,0,0
141725,2021-01-23,2023-02-22,761,761,0,0.0,0,0
138345,2021-01-23,2023-02-22,761,761,0,0.0,0,0
137202,2021-01-23,2023-02-22,761,761,0,0.0,0,0
137025,2021-01-23,2023-02-22,761,761,0,0.0,0,0
136900,2021-01-23,2023-02-22,761,761,0,0.0,0,0
134449,2021-01-23,2023-02-22,761,761,0,0.0,0,0
146809,2021-01-23,2023-02-22,761,761,0,0.0,0,0
146836,2021-01-23,2023-02-22,761,761,0,0.0,0,0
151440,2021-01-23,2023-02-22,761,761,0,0.0,0,0
150166,2021-01-23,2023-02-22,761,761,0,0.0,0,0
151439,2021-01-23,2023-02-22,761,761,0,0.0,0,0
150854,2021-01-23,2023-02-22,761,761,0,0.0,0,0
150853,2021-01-23,2023-02-22,761,761,0,0.0,0,0
150779,2021-01-23,2023-02-22,761,761,0,0.0,0,0
150244,2021-01-23,2023-02-22,761,761,0,0.0,0,0
150199,2021-01-23,2023-02-22,761,761,0,0.0,0,0
150165,2021-01-23,2023-02-22,761,761,0,0.0,0,0
146837,2021-01-23,2023-02-22,761,761,0,0.0,0,0
150164,2021-01-23,2023-02-22,761,761,0,0.0,0,0
147851,2021-01-23,2023-02-22,761,761,0,0.0,0,0
146846,2021-01-23,2023-02-22,761,761,0,0.0,0,0
146840,2021-01-23,2023-02-22,761,761,0,0.0,0,0
146839,2021-01-23,2023-02-22,761,761,0,0.0,0,0
146838,2021-01-23,2023-02-22,761,761,0,0.0,0,0
103752,2021-01-23,2023-02-22,761,761,0,0.0,0,0
103672,2021-01-23,2023-02-22,761,761,0,0.0,0,0
48359,2021-01-23,2023-02-22,761,761,0,0.0,0,0
103633,2021-01-23,2023-02-22,761,761,0,0.0,0,0
65495,2021-01-23,2023-02-22,761,761,0,0.0,0,0
65485,2021-01-23,2023-02-22,761,761,0,0.0,0,0
65484,2021-01-23,2023-02-22,761,761,0,0.0,0,0
65447,2021-01-23,2023-02-22,761,761,0,0.0,0,0
65421,2021-01-23,2023-02-22,761,761,0,0.0,0,0
65397,2021-01-23,2023-02-22,761,761,0,0.0,0,0
65396,2021-01-23,2023-02-22,761,761,0,0.0,0,0
65389,2021-01-23,2023-02-22,761,761,0,0.0,0,0
65274,2021-01-23,2023-02-22,761,761,0,0.0,0,0
65143,2021-01-23,2023-02-22,761,761,0,0.0,0,0
65136,2021-01-23,2023-02-22,761,761,0,0.0,0,0
63502,2021-01-23,2023-02-22,761,761,0,0.0,0,0
62933,2021-01-23,2023-02-22,761,761,0,0.0,0,0
62862,2021-01-23,2023-02-22,761,761,0,0.0,0,0
61370,2021-01-23,2023-02-22,761,761,0,0.0,0,0
65497,2021-01-23,2023-02-22,761,761,0,0.0,0,0
65519,2021-01-23,2023-02-22,761,761,0,0.0,0,0
65553,2021-01-23,2023-02-22,761,761,0,0.0,0,0
65956,2021-01-23,2023-02-22,761,761,0,0.0,0,0
65986,2021-01-23,2023-02-22,761,761,0,0.0,0,0
65984,2021-01-23,2023-02-22,761,761,0,0.0,0,0
65983,2021-01-23,2023-02-22,761,761,0,0.0,0,0
65982,2021-01-23,2023-02-22,761,761,0,0.0,0,0
65981,2021-01-23,2023-02-22,761,761,0,0.0,0,0
65957,2021-01-23,2023-02-22,761,761,0,0.0,0,0
65955,2021-01-23,2023-02-22,761,761,0,0.0,0,0
65571,2021-01-23,2023-02-22,761,761,0,0.0,0,0
65948,2021-01-23,2023-02-22,761,761,0,0.0,0,0
65946,2021-01-23,2023-02-22,761,761,0,0.0,0,0
65943,2021-01-23,2023-02-22,761,761,0,0.0,0,0
65942,2021-01-23,2023-02-22,761,761,0,0.0,0,0
65653,2021-01-23,2023-02-22,761,761,0,0.0,0,0
65646,2021-01-23,2023-02-22,761,761,0,0.0,0,0
60130,2021-01-23,2023-02-22,761,761,0,0.0,0,0
60012,2021-01-23,2023-02-22,761,761,0,0.0,0,0
59997,2021-01-23,2023-02-22,761,761,0,0.0,0,0
51886,2021-01-23,2023-02-22,761,761,0,0.0,0,0
53667,2021-01-23,2023-02-22,761,761,0,0.0,0,0
53666,2021-01-23,2023-02-22,761,761,0,0.0,0,0
53665,2021-01-23,2023-02-22,761,761,0,0.0,0,0
53664,2021-01-23,2023-02-22,761,761,0,0.0,0,0
53499,2021-01-23,2023-02-22,761,761,0,0.0,0,0
51892,2021-01-23,2023-02-22,761,761,0,0.0,0,0
51320,2021-01-23,2023-02-22,761,761,0,0.0,0,0
53681,2021-01-23,2023-02-22,761,761,0,0.0,0,0
48378,2021-01-23,2023-02-22,761,761,0,0.0,0,0
48375,2021-01-23,2023-02-22,761,761,0,0.0,0,0
48373,2021-01-23,2023-02-22,761,761,0,0.0,0,0
48372,2021-01-23,2023-02-22,761,761,0,0.0,0,0
48371,2021-01-23,2023-02-22,761,761,0,0.0,0,0
48369,2021-01-23,2023-02-22,761,761,0,0.0,0,0
53668,2021-01-23,2023-02-22,761,761,0,0.0,0,0
53682,2021-01-23,2023-02-22,761,761,0,0.0,0,0
59045,2021-01-23,2023-02-22,761,761,0,0.0,0,0
57364,2021-01-23,2023-02-22,761,761,0,0.0,0,0
59038,2021-01-23,2023-02-22,761,761,0,0.0,0,0
57457,2021-01-23,2023-02-22,761,761,0,0.0,0,0
57401,2021-01-23,2023-02-22,761,761,0,0.0,0,0
57397,2021-01-23,2023-02-22,761,761,0,0.0,0,0
57390,2021-01-23,2023-02-22,761,761,0,0.0,0,0
57386,2021-01-23,2023-02-22,761,761,0,0.0,0,0
56915,2021-01-23,2023-02-22,761,761,0,0.0,0,0
53704,2021-01-23,2023-02-22,761,761,0,0.0,0,0
55312,2021-01-23,2023-02-22,761,761,0,0.0,0,0
55284,2021-01-23,2023-02-22,761,761,0,0.0,0,0
54960,2021-01-23,2023-02-22,761,761,0,0.0,0,0
54908,2021-01-23,2023-02-22,761,761,0,0.0,0,0
54671,2021-01-23,2023-02-22,761,761,0,0.0,0,0
53705,2021-01-23,2023-02-22,761,761,0,0.0,0,0
65989,2021-01-23,2023-02-22,761,761,0,0.0,0,0
65990,2021-01-23,2023-02-22,761,761,0,0.0,0,0
65991,2021-01-23,2023-02-22,761,761,0,0.0,0,0
86820,2021-01-23,2023-02-22,761,761,0,0.0,0,0
87559,2021-01-23,2023-02-22,761,761,0,0.0,0,0
87022,2021-01-23,2023-02-22,761,761,0,0.0,0,0
86939,2021-01-23,2023-02-22,761,761,0,0.0,0,0
86838,2021-01-23,2023-02-22,761,761,0,0.0,0,0
86824,2021-01-23,2023-02-22,761,761,0,0.0,0,0
86822,2021-01-23,2023-02-22,761,761,0,0.0,0,0
86818,2021-01-23,2023-02-22,761,761,0,0.0,0,0
87897,2021-01-23,2023-02-22,761,761,0,0.0,0,0
86742,2021-01-23,2023-02-22,761,761,0,0.0,0,0
86734,2021-01-23,2023-02-22,761,761,0,0.0,0,0
86716,2021-01-23,2023-02-22,761,761,0,0.0,0,0
86682,2021-01-23,2023-02-22,761,761,0,0.0,0,0
86667,2021-01-23,2023-02-22,761,761,0,0.0,0,0
86663,2021-01-23,2023-02-22,761,761,0,0.0,0,0
87561,2021-01-23,2023-02-22,761,761,0,0.0,0,0
88916,2021-01-23,2023-02-22,761,761,0,0.0,0,0
84053,2021-01-23,2023-02-22,761,761,0,0.0,0,0
97739,2021-01-23,2023-02-22,761,761,0,0.0,0,0
102689,2021-01-23,2023-02-22,761,761,0,0.0,0,0
101125,2021-01-23,2023-02-22,761,761,0,0.0,0,0
101054,2021-01-23,2023-02-22,761,761,0,0.0,0,0
101048,2021-01-23,2023-02-22,761,761,0,0.0,0,0
100472,2021-01-23,2023-02-22,761,761,0,0.0,0,0
100383,2021-01-23,2023-02-22,761,761,0,0.0,0,0
97617,2021-01-23,2023-02-22,761,761,0,0.0,0,0
88917,2021-01-23,2023-02-22,761,761,0,0.0,0,0
97423,2021-01-23,2023-02-22,761,761,0,0.0,0,0
97419,2021-01-23,2023-02-22,761,761,0,0.0,0,0
97142,2021-01-23,2023-02-22,761,761,0,0.0,0,0
95969,2021-01-23,2023-02-22,761,761,0,0.0,0,0
95240,2021-01-23,2023-02-22,761,761,0,0.0,0,0
89026,2021-01-23,2023-02-22,761,761,0,0.0,0,0
84054,2021-01-23,2023-02-22,761,761,0,0.0,0,0
84052,2021-01-23,2023-02-22,761,761,0,0.0,0,0
65992,2021-01-23,2023-02-22,761,761,0,0.0,0,0
66407,2021-01-23,2023-02-22,761,761,0,0.0,0,0
66570,2021-01-23,2023-02-22,761,761,0,0.0,0,0
66416,2021-01-23,2023-02-22,761,761,0,0.0,0,0
66414,2021-01-23,2023-02-22,761,761,0,0.0,0,0
66410,2021-01-23,2023-02-22,761,761,0,0.0,0,0
66409,2021-01-23,2023-02-22,761,761,0,0.0,0,0
66408,2021-01-23,2023-02-22,761,761,0,0.0,0,0
66405,2021-01-23,2023-02-22,761,761,0,0.0,0,0
70070,2021-01-23,2023-02-22,761,761,0,0.0,0,0
66404,2021-01-23,2023-02-22,761,761,0,0.0,0,0
66402,2021-01-23,2023-02-22,761,761,0,0.0,0,0
66294,2021-01-23,2023-02-22,761,761,0,0.0,0,0
66293,2021-01-23,2023-02-22,761,761,0,0.0,0,0
66259,2021-01-23,2023-02-22,761,761,0,0.0,0,0
66218,2021-01-23,2023-02-22,761,761,0,0.0,0,0
70067,2021-01-23,2023-02-22,761,761,0,0.0,0,0
70071,2021-01-23,2023-02-22,761,761,0,0.0,0,0
82128,2021-01-23,2023-02-22,761,761,0,0.0,0,0
70089,2021-01-23,2023-02-22,761,761,0,0.0,0,0
79877,2021-01-23,2023-02-22,761,761,0,0.0,0,0
79874,2021-01-23,2023-02-22,761,761,0,0.0,0,0
70107,2021-01-23,2023-02-22,761,761,0,0.0,0,0
70093,2021-01-23,2023-02-22,761,761,0,0.0,0,0
70091,2021-01-23,2023-02-22,761,761,0,0.0,0,0
70090,2021-01-23,2023-02-22,761,761,0,0.0,0,0
70083,2021-01-23,2023-02-22,761,761,0,0.0,0,0
70072,2021-01-23,2023-02-22,761,761,0,0.0,0,0
70082,2021-01-23,2023-02-22,761,761,0,0.0,0,0
70081,2021-01-23,2023-02-22,761,761,0,0.0,0,0
70080,2021-01-23,2023-02-22,761,761,0,0.0,0,0
70079,2021-01-23,2023-02-22,761,761,0,0.0,0,0
70077,2021-01-23,2023-02-22,761,761,0,0.0,0,0
70076,2021-01-23,2023-02-22,761,761,0,0.0,0,0
900087600,2021-01-23,2023-02-22,761,761,0,0.0,0,0
