product_id,store_id,seed,metric,window_size,step_size,threshold,percentile,enable_edges,enable_second_degree,ablate_z,rmse,mae,bias,r2_score,pocid,train_time,inference_time
911753,6269,42,spearman,15,1,0.82,,True,False,True,30.95605658366249,22.808281392053843,-18.26484694979549,25.746310377293582,0.7302631578947368,56.27,0.1320
911753,6269,42,spearman,15,1,0.82,,True,False,False,34.43900089669323,25.47251069312002,-2.42581650478388,24.194082247822593,0.5921052631578947,149.72,0.2980
911753,6269,42,spearman,15,1,0.85,,True,False,False,34.05245166304729,25.590140934863122,-5.427793328278984,24.78070939730917,0.6907894736842105,95.96,0.2600
911753,6269,42,spearman,15,1,0.88,,True,False,False,34.59301689243387,25.833369809817643,-4.802686379625906,24.955522493577824,0.631578947368421,73.69,0.2770
911753,6269,1000,spearman,15,1,0.82,,True,False,True,28.294584990911602,22.219133913127425,11.939549365074805,22.68696331500636,0.7105263157894737,75.76,0.1430
911753,6269,1000,spearman,15,1,0.82,,True,False,False,37.65817776555819,28.52550561443653,-2.5435610503153083,26.596355548967054,0.5460526315789473,94.25,0.2870
911753,6269,1000,spearman,15,1,0.85,,True,False,False,34.75254226794449,26.172095080606297,-0.8515384399812985,24.132179514119144,0.618421052631579,85.80,0.2680
911753,6269,1000,spearman,15,1,0.88,,True,False,False,34.67853384986197,26.488942563923356,0.38246045081444036,24.057117678615434,0.6118421052631579,74.31,0.2698
911753,6269,26008,spearman,15,1,0.82,,True,False,True,38.94160144028706,28.9201889567905,-26.125712522494247,33.232276089964714,0.7105263157894737,75.22,0.1300
