window_idx,worst_similarity
0,0.6107143759727478
1,0.6107143759727478
2,0.6107143759727478
3,0.6107143759727478
4,0.6107143759727478
5,0.6107143759727478
6,0.6107143759727478
7,0.6107143759727478
8,0.6107143759727478
9,0.6107143759727478
10,0.6107143759727478
11,0.6107143759727478
12,0.6107143759727478
13,0.6107143759727478
14,0.6107143759727478
15,0.6107143759727478
16,0.6107143759727478
17,0.6107143759727478
18,0.6107143759727478
19,0.6107143759727478
20,0.6107143759727478
21,0.6107143759727478
22,0.6107143759727478
23,0.6107143759727478
24,0.6107143759727478
25,0.6107143759727478
26,0.6107143759727478
27,0.6107143759727478
28,0.6107143759727478
29,0.6107143759727478
30,0.6107143759727478
31,0.6107143759727478
32,0.6107143759727478
33,0.6107143759727478
34,0.6107143759727478
35,0.6107143759727478
36,0.6107143759727478
37,0.6107143759727478
38,0.6107143759727478
39,0.6107143759727478
40,0.6107143759727478
41,0.6107143759727478
42,0.6107143759727478
43,0.6107143759727478
44,0.6107143759727478
45,0.6107143759727478
46,0.6107143759727478
47,0.6107143759727478
48,0.6107143759727478
49,0.6107143759727478
50,0.6107143759727478
51,0.6107143759727478
52,0.6107143759727478
53,0.6107143759727478
54,0.6107143759727478
55,0.6107143759727478
56,0.6107143759727478
57,0.6107143759727478
58,0.6107143759727478
59,0.6107143759727478
60,0.6107143759727478
61,0.6107143759727478
62,0.6107143759727478
63,0.6107143759727478
64,0.6107143759727478
65,0.6107143759727478
66,0.6107143759727478
67,0.6107143759727478
68,0.6107143759727478
69,0.6107143759727478
70,0.6107143759727478
71,0.6107143759727478
72,0.6107143759727478
73,0.6107143759727478
74,0.6107143759727478
75,0.6107143759727478
76,0.6107143759727478
77,0.6107143759727478
78,0.6107143759727478
79,0.6107143759727478
80,0.6107143759727478
81,0.6107143759727478
82,0.6107143759727478
83,0.6107143759727478
84,0.6107143759727478
85,0.6107143759727478
86,0.6107143759727478
87,0.6107143759727478
88,0.6107143759727478
89,0.6107143759727478
90,0.6107143759727478
91,0.6107143759727478
92,0.6107143759727478
93,0.6107143759727478
94,0.6107143759727478
95,0.6107143759727478
96,0.6107143759727478
97,0.6107143759727478
98,0.6107143759727478
99,0.6107143759727478
100,0.6107143759727478
101,0.6107143759727478
102,0.6107143759727478
103,0.6107143759727478
104,0.6107143759727478
105,0.6107143759727478
106,0.6107143759727478
107,0.6107143759727478
108,0.6107143759727478
109,0.6107143759727478
110,0.6107143759727478
111,0.6107143759727478
112,0.6107143759727478
113,0.6107143759727478
114,0.6107143759727478
115,0.6107143759727478
116,0.6107143759727478
117,0.6107143759727478
118,0.6107143759727478
119,0.6107143759727478
120,0.6107143759727478
121,0.6107143759727478
122,0.6107143759727478
123,0.6107143759727478
124,0.6107143759727478
125,0.6107143759727478
126,0.6107143759727478
127,0.6107143759727478
128,0.6107143759727478
129,0.6107143759727478
130,0.6107143759727478
131,0.6107143759727478
132,0.6107143759727478
133,0.6107143759727478
134,0.6107143759727478
135,0.6107143759727478
136,0.6107143759727478
137,0.6107143759727478
138,0.6107143759727478
139,0.6107143759727478
140,0.6107143759727478
141,0.6107143759727478
142,0.6107143759727478
143,0.6107143759727478
144,0.6107143759727478
145,0.6107143759727478
146,0.6107143759727478
147,0.6107143759727478
148,0.6107143759727478
149,0.6107143759727478
150,0.6107143759727478
151,0.6107143759727478
152,0.6107143759727478
153,0.6107143759727478
154,0.6107143759727478
155,0.6107143759727478
156,0.6107143759727478
157,0.6107143759727478
158,0.6107143759727478
159,0.6107143759727478
160,0.6107143759727478
161,0.6107143759727478
162,0.6107143759727478
163,0.6107143759727478
164,0.6107143759727478
165,0.6107143759727478
166,0.6107143759727478
167,0.6107143759727478
168,0.6107143759727478
169,0.6107143759727478
170,0.6107143759727478
171,0.6107143759727478
172,0.6107143759727478
173,0.6107143759727478
174,0.6107143759727478
175,0.6107143759727478
176,0.6107143759727478
177,0.6107143759727478
178,0.6107143759727478
179,0.6107143759727478
180,0.6107143759727478
181,0.6107143759727478
182,0.6107143759727478
183,0.6107143759727478
184,0.6107143759727478
185,0.6107143759727478
186,0.6107143759727478
187,0.6107143759727478
188,0.6107143759727478
189,0.6107143759727478
190,0.6107143759727478
191,0.6107143759727478
192,0.6107143759727478
193,0.6107143759727478
194,0.6107143759727478
195,0.6107143759727478
196,0.6107143759727478
197,0.6107143759727478
198,0.6107143759727478
199,0.6107143759727478
200,0.6107143759727478
201,0.6107143759727478
202,0.6142857670783997
203,0.6107143759727478
204,0.6107143759727478
205,0.6107143759727478
206,0.6107143759727478
207,0.6107143759727478
208,0.6107143759727478
209,0.6107143759727478
210,0.6107143759727478
211,0.6107143759727478
212,0.6107143759727478
213,0.6107143759727478
214,0.6107143759727478
215,0.6107143759727478
216,0.6107143759727478
217,0.6107143759727478
218,0.6107143759727478
219,0.6107143759727478
220,0.6107143759727478
221,0.6107143759727478
222,0.6107143759727478
223,0.6107143759727478
224,0.6107143759727478
225,0.6107143759727478
226,0.6107143759727478
227,0.6107143759727478
228,0.6107143759727478
229,0.6107143759727478
230,0.6107143759727478
231,0.6107143759727478
232,0.6107143759727478
233,0.6107143759727478
234,0.6107143759727478
235,0.6107143759727478
236,0.6107143759727478
237,0.6107143759727478
238,0.6107143759727478
239,0.6107143759727478
240,0.6107143759727478
241,0.6107143759727478
242,0.6107143759727478
243,0.6107143759727478
244,0.6107143759727478
245,0.6107143759727478
246,0.6107143759727478
247,0.6107143759727478
248,0.6107143759727478
249,0.6107143759727478
250,0.6107143759727478
251,0.6107143759727478
252,0.6107143759727478
253,0.6107143759727478
254,0.6107143759727478
255,0.6107143759727478
256,0.6107143759727478
257,0.6107143759727478
258,0.6107143759727478
259,0.6107143759727478
260,0.6107143759727478
261,0.6107143759727478
262,0.6107143759727478
263,0.6107143759727478
264,0.6107143759727478
265,0.6107143759727478
266,0.6107143759727478
267,0.6107143759727478
268,0.6107143759727478
269,0.6107143759727478
270,0.6107143759727478
271,0.6107143759727478
272,0.6107143759727478
273,0.6107143759727478
274,0.6107143759727478
275,0.6107143759727478
276,0.6107143759727478
277,0.6107143759727478
278,0.6107143759727478
279,0.6107143759727478
280,0.6107143759727478
281,0.6107143759727478
282,0.6107143759727478
283,0.6107143759727478
284,0.6107143759727478
285,0.6107143759727478
286,0.6107143759727478
287,0.6107143759727478
288,0.6107143759727478
289,0.6107143759727478
290,0.6107143759727478
291,0.6107143759727478
292,0.6107143759727478
293,0.6107143759727478
294,0.6107143759727478
295,0.6107143759727478
296,0.6107143759727478
297,0.6107143759727478
298,0.6107143759727478
299,0.6107143759727478
300,0.6107143759727478
301,0.6107143759727478
302,0.6107143759727478
303,0.6107143759727478
304,0.6107143759727478
305,0.6107143759727478
306,0.6107143759727478
307,0.6107143759727478
308,0.6107143759727478
309,0.6107143759727478
310,0.6107143759727478
311,0.6107143759727478
312,0.6107143759727478
313,0.6107143759727478
314,0.6107143759727478
315,0.6107143759727478
316,0.6107143759727478
317,0.6107143759727478
318,0.6107143759727478
319,0.6107143759727478
320,0.6107143759727478
321,0.6107143759727478
322,0.6107143759727478
323,0.6107143759727478
324,0.6107143759727478
325,0.6107143759727478
326,0.6107143759727478
327,0.6107143759727478
328,0.6107143759727478
329,0.6107143759727478
330,0.6107143759727478
331,0.6107143759727478
332,0.6107143759727478
333,0.6107143759727478
334,0.6107143759727478
335,0.6107143759727478
336,0.6107143759727478
337,0.6107143759727478
338,0.6107143759727478
339,0.6107143759727478
340,0.6107143759727478
341,0.6107143759727478
342,0.6107143759727478
343,0.6107143759727478
344,0.6107143759727478
345,0.6107143759727478
346,0.6107143759727478
347,0.6107143759727478
348,0.6107143759727478
349,0.6107143759727478
350,0.6107143759727478
351,0.6107143759727478
352,0.6107143759727478
353,0.6107143759727478
354,0.6107143759727478
355,0.6107143759727478
356,0.6107143759727478
357,0.6107143759727478
358,0.6107143759727478
359,0.6107143759727478
360,0.6107143759727478
361,0.6107143759727478
362,0.6107143759727478
363,0.6107143759727478
364,0.6107143759727478
365,0.6107143759727478
366,0.6107143759727478
367,0.6107143759727478
368,0.6107143759727478
369,0.6107143759727478
370,0.6107143759727478
371,0.6107143759727478
372,0.6107143759727478
373,0.6107143759727478
374,0.6107143759727478
375,0.6107143759727478
376,0.6107143759727478
377,0.6107143759727478
378,0.6107143759727478
379,0.6107143759727478
380,0.6107143759727478
381,0.6107143759727478
382,0.6107143759727478
383,0.6107143759727478
384,0.6107143759727478
385,0.6107143759727478
386,0.6107143759727478
387,0.6107143759727478
388,0.6107143759727478
389,0.6107143759727478
390,0.6107143759727478
391,0.6107143759727478
392,0.6107143759727478
393,0.6107143759727478
394,0.6107143759727478
395,0.6214286684989929
396,0.6107143759727478
397,0.6107143759727478
398,0.6107143759727478
399,0.6107143759727478
400,0.6107143759727478
401,0.6107143759727478
402,0.6107143759727478
403,0.6107143759727478
404,0.6107143759727478
405,0.6107143759727478
406,0.6107143759727478
407,0.6107143759727478
408,0.6107143759727478
409,0.6107143759727478
410,0.6107143759727478
411,0.6107143759727478
412,0.6107143759727478
413,0.6107143759727478
414,0.6107143759727478
415,0.6107143759727478
416,0.6107143759727478
417,0.6107143759727478
418,0.6107143759727478
419,0.6107143759727478
420,0.6107143759727478
421,0.6107143759727478
422,0.6107143759727478
423,0.6107143759727478
424,0.6107143759727478
425,0.6107143759727478
426,0.6107143759727478
427,0.6107143759727478
428,0.6107143759727478
429,0.6107143759727478
430,0.6107143759727478
431,0.6107143759727478
432,0.6107143759727478
433,0.6107143759727478
434,0.6107143759727478
435,0.6107143759727478
436,0.6107143759727478
437,0.6107143759727478
438,0.6107143759727478
439,0.6107143759727478
440,0.6107143759727478
441,0.6107143759727478
442,0.6107143759727478
443,0.6107143759727478
444,0.6107143759727478
445,0.6107143759727478
446,0.6107143759727478
447,0.6107143759727478
448,0.6107143759727478
449,0.6107143759727478
450,0.6107143759727478
451,0.6107143759727478
452,0.6107143759727478
453,0.6107143759727478
454,0.6107143759727478
455,0.6107143759727478
456,0.6107143759727478
457,0.6107143759727478
458,0.6107143759727478
459,0.6107143759727478
460,0.6107143759727478
461,0.6107143759727478
462,0.6107143759727478
463,0.6107143759727478
464,0.6107143759727478
465,0.6107143759727478
466,0.6107143759727478
467,0.6107143759727478
468,0.6107143759727478
469,0.6107143759727478
470,0.6107143759727478
471,0.6107143759727478
472,0.6107143759727478
473,0.6107143759727478
474,0.6107143759727478
475,0.6107143759727478
476,0.6107143759727478
477,0.6107143759727478
478,0.6107143759727478
479,0.6107143759727478
480,0.6107143759727478
481,0.6107143759727478
482,0.6107143759727478
483,0.6107143759727478
484,0.6107143759727478
485,0.6107143759727478
486,0.6107143759727478
487,0.6107143759727478
488,0.6107143759727478
489,0.6107143759727478
490,0.6107143759727478
491,0.6107143759727478
492,0.6107143759727478
493,0.6107143759727478
494,0.6107143759727478
495,0.6107143759727478
496,0.6107143759727478
497,0.6107143759727478
498,0.6107143759727478
499,0.6107143759727478
500,0.6107143759727478
501,0.6107143759727478
502,0.6107143759727478
503,0.6107143759727478
504,0.6107143759727478
505,0.6107143759727478
506,0.6107143759727478
507,0.6107143759727478
508,0.6107143759727478
509,0.6107143759727478
510,0.6107143759727478
511,0.6107143759727478
512,0.6107143759727478
513,0.6107143759727478
514,0.6107143759727478
515,0.6107143759727478
516,0.6107143759727478
517,0.6107143759727478
518,0.6107143759727478
519,0.6107143759727478
520,0.6107143759727478
521,0.6107143759727478
522,0.6107143759727478
523,0.6107143759727478
524,0.6107143759727478
525,0.6107143759727478
526,0.6107143759727478
527,0.6107143759727478
528,0.6107143759727478
529,0.6107143759727478
530,0.6107143759727478
531,0.6107143759727478
532,0.6107143759727478
533,0.6107143759727478
534,0.6107143759727478
535,0.6107143759727478
536,0.6107143759727478
537,0.6107143759727478
538,0.6107143759727478
539,0.6107143759727478
540,0.6107143759727478
541,0.6107143759727478
542,0.6107143759727478
543,0.6107143759727478
544,0.6107143759727478
545,0.6107143759727478
546,0.6107143759727478
547,0.6142857670783997
548,0.6107143759727478
549,0.6107143759727478
550,0.6107143759727478
551,0.6178572177886963
552,0.6178572177886963
553,0.6107143759727478
554,0.6107143759727478
555,0.6107143759727478
556,0.6107143759727478
557,0.6107143759727478
558,0.6107143759727478
559,0.6107143759727478
560,0.6107143759727478
561,0.6107143759727478
562,0.6107143759727478
563,0.6107143759727478
564,0.6107143759727478
565,0.6107143759727478
566,0.6107143759727478
567,0.6107143759727478
568,0.6107143759727478
569,0.6107143759727478
570,0.6107143759727478
571,0.6107143759727478
572,0.6107143759727478
573,0.6107143759727478
574,0.6107143759727478
575,0.6107143759727478
576,0.6107143759727478
577,0.6107143759727478
578,0.6107143759727478
579,0.6107143759727478
580,0.6107143759727478
581,0.6107143759727478
582,0.6107143759727478
583,0.6107143759727478
584,0.6107143759727478
585,0.6107143759727478
586,0.6107143759727478
587,0.6107143759727478
588,0.6107143759727478
589,0.6107143759727478
590,0.6107143759727478
591,0.6107143759727478
592,0.6107143759727478
593,0.6107143759727478
594,0.6107143759727478
