product_id,store_id,seed,metric,window_size,step_size,threshold,percentile,enable_edges,enable_second_degree,rmse,mae,bias,r2_score,pocid
26008,6269,42,lstm_baseline,15,1,,,,,48.11382784280939,25.58485984802246,-2.461237405475817,0.2805650234222412,0.6887417218543046
26008,6269,42,lstm_baseline,15,1,,,,,46.139532348220655,24.932308197021484,-0.054973828165154705,0.33839595317840576,0.6887417218543046
26008,6269,42,lstm_baseline,15,1,,,,,46.139532348220655,24.932308197021484,-0.054973828165154705,0.33839595317840576,0.6887417218543046
26008,6269,42,lstm_baseline,15,1,,,,,46.139532348220655,24.932308197021484,-0.054973828165154705,0.33839595317840576,0.6887417218543046
907969,6269,42,lstm_baseline,15,1,,,,,51.01299045647589,34.73520278930664,-8.287862125195955,0.15860527753829956,0.7086092715231788
907967,6269,42,lstm_baseline,15,1,,,,,21.16981078498046,15.407742500305176,7.69003627174779,0.07730203866958618,0.609271523178808
213626,6269,42,lstm_baseline,15,1,,,,,23.12551334945413,16.41693687438965,7.724915404068796,0.044128596782684326,0.6291390728476821
911753,6269,42,lstm_baseline,15,1,,,,,30.278564082054714,20.646656036376953,2.2709617112812244,0.3357318639755249,0.695364238410596
26008,6269,42,lstm_baseline,15,1,,,,,48.373942676591135,26.920862197875977,1.8230086878726357,0.2727651000022888,0.6887417218543046
26008,6269,42,lstm_baseline,15,1,,,,,48.373942676591135,26.920862197875977,1.8230086878726357,0.2727651000022888,0.6887417218543046
907969,6269,42,lstm_baseline,15,1,,,,,50.72040104367522,34.029476165771484,-7.827415516501979,0.16822940111160278,0.7019867549668874
907967,6269,42,lstm_baseline,15,1,,,,,21.01551173296614,15.261549949645996,7.366918814809699,0.09070342779159546,0.609271523178808
213626,6269,42,lstm_baseline,15,1,,,,,22.95771817342631,16.185590744018555,7.240105980320981,0.05794966220855713,0.6291390728476821
26008,6269,42,lstm_baseline,15,1,,,,,47.530415323867885,25.634246826171875,-0.6479384020755166,0.29790645837783813,0.695364238410596
26008,6269,42,lstm_baseline,15,1,,,,,47.530415323867885,25.634246826171875,-0.6479384020755166,0.29790645837783813,0.695364238410596
26008,6269,42,lstm_baseline,15,1,,,,,47.530415323867885,25.634246826171875,-0.6479384020755166,0.29790645837783813,0.695364238410596
907969,6269,42,lstm_baseline,15,1,,,,,50.829767687872874,34.13561248779297,-8.632593656841077,0.16463851928710938,0.7086092715231788
26008,6269,42,lstm_baseline,15,1,,,,,47.530415323867885,25.634246826171875,-0.6479384020755166,0.29790645837783813,0.695364238410596
