product_id,store_id,seed,metric,window_size,step_size,threshold,percentile,ablate_z,step,n_nodes,src_node,tgt_node,edge_weight
278,6269,42,spearman,15,1,0.75,,True,0,1,0,0,0.0
278,6269,42,spearman,15,1,0.75,,True,1,1,0,0,0.0
278,6269,42,spearman,15,1,0.75,,True,2,1,0,0,0.0
278,6269,42,spearman,15,1,0.75,,True,3,1,0,0,0.0
278,6269,42,spearman,15,1,0.75,,True,4,1,0,0,0.0
278,6269,42,spearman,15,1,0.75,,True,5,1,0,0,0.0
278,6269,42,spearman,15,1,0.75,,True,6,1,0,0,0.0
278,6269,42,spearman,15,1,0.75,,True,7,1,0,0,0.0
278,6269,42,spearman,15,1,0.75,,True,8,1,0,0,0.0
278,6269,42,spearman,15,1,0.75,,True,9,1,0,0,0.0
278,6269,42,spearman,15,1,0.75,,True,10,1,0,0,0.0
278,6269,42,spearman,15,1,0.75,,True,11,1,0,0,0.0
278,6269,42,spearman,15,1,0.75,,True,12,1,0,0,0.0
278,6269,42,spearman,15,1,0.75,,True,13,1,0,0,0.0
278,6269,42,spearman,15,1,0.75,,True,14,1,0,0,0.0
278,6269,42,spearman,15,1,0.75,,True,15,1,0,0,0.0
278,6269,42,spearman,15,1,0.75,,True,16,1,0,0,0.0
278,6269,42,spearman,15,1,0.75,,True,17,1,0,0,0.0
278,6269,42,spearman,15,1,0.75,,True,18,1,0,0,0.0
278,6269,42,spearman,15,1,0.75,,True,19,1,0,0,0.0
278,6269,42,spearman,15,1,0.75,,True,20,1,0,0,0.0
278,6269,42,spearman,15,1,0.75,,True,21,1,0,0,0.0
278,6269,42,spearman,15,1,0.75,,True,22,1,0,0,0.0
278,6269,42,spearman,15,1,0.75,,True,23,1,0,0,0.0
278,6269,42,spearman,15,1,0.75,,True,24,1,0,0,0.0
278,6269,42,spearman,15,1,0.75,,True,25,1,0,0,0.0
278,6269,42,spearman,15,1,0.75,,True,26,1,0,0,0.0
278,6269,42,spearman,15,1,0.75,,True,27,1,0,0,0.0
278,6269,42,spearman,15,1,0.75,,True,28,1,0,0,0.0
278,6269,42,spearman,15,1,0.75,,True,29,1,0,0,0.0
278,6269,42,spearman,15,1,0.75,,True,30,1,0,0,0.0
278,6269,42,spearman,15,1,0.75,,True,31,1,0,0,0.0
278,6269,42,spearman,15,1,0.75,,True,32,1,0,0,0.0
278,6269,42,spearman,15,1,0.75,,True,33,1,0,0,0.0
278,6269,42,spearman,15,1,0.75,,True,34,1,0,0,0.0
278,6269,42,spearman,15,1,0.75,,True,35,1,0,0,0.0
278,6269,42,spearman,15,1,0.75,,True,36,1,0,0,0.0
278,6269,42,spearman,15,1,0.75,,True,37,1,0,0,0.0
278,6269,42,spearman,15,1,0.75,,True,38,1,0,0,0.0
278,6269,42,spearman,15,1,0.75,,True,39,1,0,0,0.0
278,6269,42,spearman,15,1,0.75,,True,40,1,0,0,0.0
278,6269,42,spearman,15,1,0.75,,True,41,1,0,0,0.0
278,6269,42,spearman,15,1,0.75,,True,42,1,0,0,0.0
278,6269,42,spearman,15,1,0.75,,True,43,1,0,0,0.0
278,6269,42,spearman,15,1,0.75,,True,44,1,0,0,0.0
278,6269,42,spearman,15,1,0.75,,True,45,1,0,0,0.0
278,6269,42,spearman,15,1,0.75,,True,46,1,0,0,0.0
278,6269,42,spearman,15,1,0.75,,True,47,1,0,0,0.0
278,6269,42,spearman,15,1,0.75,,True,48,1,0,0,0.0
278,6269,42,spearman,15,1,0.75,,True,49,1,0,0,0.0
278,6269,42,spearman,15,1,0.75,,True,50,1,0,0,0.0
278,6269,42,spearman,15,1,0.75,,True,51,1,0,0,0.0
278,6269,42,spearman,15,1,0.75,,True,52,1,0,0,0.0
278,6269,42,spearman,15,1,0.75,,True,53,1,0,0,0.0
278,6269,42,spearman,15,1,0.75,,True,54,1,0,0,0.0
278,6269,42,spearman,15,1,0.75,,True,55,1,0,0,0.0
278,6269,42,spearman,15,1,0.75,,True,56,1,0,0,0.0
278,6269,42,spearman,15,1,0.75,,True,57,1,0,0,0.0
278,6269,42,spearman,15,1,0.75,,True,58,1,0,0,0.0
278,6269,42,spearman,15,1,0.75,,True,59,1,0,0,0.0
278,6269,42,spearman,15,1,0.75,,True,60,1,0,0,0.0
278,6269,42,spearman,15,1,0.75,,True,61,1,0,0,0.0
278,6269,42,spearman,15,1,0.75,,True,62,1,0,0,0.0
278,6269,42,spearman,15,1,0.75,,True,63,1,0,0,0.0
278,6269,42,spearman,15,1,0.75,,True,64,1,0,0,0.0
278,6269,42,spearman,15,1,0.75,,True,65,1,0,0,0.0
278,6269,42,spearman,15,1,0.75,,True,66,1,0,0,0.0
278,6269,42,spearman,15,1,0.75,,True,67,1,0,0,0.0
278,6269,42,spearman,15,1,0.75,,True,68,1,0,0,0.0
278,6269,42,spearman,15,1,0.75,,True,69,1,0,0,0.0
278,6269,42,spearman,15,1,0.75,,True,70,1,0,0,0.0
278,6269,42,spearman,15,1,0.75,,True,71,1,0,0,0.0
278,6269,42,spearman,15,1,0.75,,True,72,1,0,0,0.0
278,6269,42,spearman,15,1,0.75,,True,73,1,0,0,0.0
278,6269,42,spearman,15,1,0.75,,True,74,1,0,0,0.0
278,6269,42,spearman,15,1,0.75,,True,75,1,0,0,0.0
278,6269,42,spearman,15,1,0.75,,True,76,1,0,0,0.0
278,6269,42,spearman,15,1,0.75,,True,77,1,0,0,0.0
278,6269,42,spearman,15,1,0.75,,True,78,1,0,0,0.0
278,6269,42,spearman,15,1,0.75,,True,79,1,0,0,0.0
278,6269,42,spearman,15,1,0.75,,True,80,1,0,0,0.0
278,6269,42,spearman,15,1,0.75,,True,81,1,0,0,0.0
278,6269,42,spearman,15,1,0.75,,True,82,1,0,0,0.0
278,6269,42,spearman,15,1,0.75,,True,83,1,0,0,0.0
278,6269,42,spearman,15,1,0.75,,True,84,1,0,0,0.0
278,6269,42,spearman,15,1,0.75,,True,85,1,0,0,0.0
278,6269,42,spearman,15,1,0.75,,True,86,1,0,0,0.0
278,6269,42,spearman,15,1,0.75,,True,87,1,0,0,0.0
278,6269,42,spearman,15,1,0.75,,True,88,1,0,0,0.0
278,6269,42,spearman,15,1,0.75,,True,89,1,0,0,0.0
278,6269,42,spearman,15,1,0.75,,True,90,1,0,0,0.0
278,6269,42,spearman,15,1,0.75,,True,91,1,0,0,0.0
278,6269,42,spearman,15,1,0.75,,True,92,1,0,0,0.0
278,6269,42,spearman,15,1,0.75,,True,93,1,0,0,0.0
278,6269,42,spearman,15,1,0.75,,True,94,1,0,0,0.0
278,6269,42,spearman,15,1,0.75,,True,95,1,0,0,0.0
278,6269,42,spearman,15,1,0.75,,True,96,1,0,0,0.0
278,6269,42,spearman,15,1,0.75,,True,97,1,0,0,0.0
278,6269,42,spearman,15,1,0.75,,True,98,1,0,0,0.0
278,6269,42,spearman,15,1,0.75,,True,99,1,0,0,0.0
278,6269,42,spearman,15,1,0.75,,True,100,1,0,0,0.0
278,6269,42,spearman,15,1,0.75,,True,101,1,0,0,0.0
278,6269,42,spearman,15,1,0.75,,True,102,1,0,0,0.0
278,6269,42,spearman,15,1,0.75,,True,103,1,0,0,0.0
278,6269,42,spearman,15,1,0.75,,True,104,1,0,0,0.0
278,6269,42,spearman,15,1,0.75,,True,105,1,0,0,0.0
278,6269,42,spearman,15,1,0.75,,True,106,1,0,0,0.0
278,6269,42,spearman,15,1,0.75,,True,107,1,0,0,0.0
278,6269,42,spearman,15,1,0.75,,True,108,1,0,0,0.0
278,6269,42,spearman,15,1,0.75,,True,109,1,0,0,0.0
278,6269,42,spearman,15,1,0.75,,True,110,1,0,0,0.0
278,6269,42,spearman,15,1,0.75,,True,111,1,0,0,0.0
278,6269,42,spearman,15,1,0.75,,True,112,1,0,0,0.0
278,6269,42,spearman,15,1,0.75,,True,113,1,0,0,0.0
278,6269,42,spearman,15,1,0.75,,True,114,1,0,0,0.0
278,6269,42,spearman,15,1,0.75,,True,115,1,0,0,0.0
278,6269,42,spearman,15,1,0.75,,True,116,1,0,0,0.0
278,6269,42,spearman,15,1,0.75,,True,117,1,0,0,0.0
278,6269,42,spearman,15,1,0.75,,True,118,1,0,0,0.0
278,6269,42,spearman,15,1,0.75,,True,119,1,0,0,0.0
278,6269,42,spearman,15,1,0.75,,True,120,1,0,0,0.0
278,6269,42,spearman,15,1,0.75,,True,121,1,0,0,0.0
278,6269,42,spearman,15,1,0.75,,True,122,1,0,0,0.0
278,6269,42,spearman,15,1,0.75,,True,123,1,0,0,0.0
278,6269,42,spearman,15,1,0.75,,True,124,1,0,0,0.0
278,6269,42,spearman,15,1,0.75,,True,125,1,0,0,0.0
278,6269,42,spearman,15,1,0.75,,True,126,1,0,0,0.0
278,6269,42,spearman,15,1,0.75,,True,127,1,0,0,0.0
278,6269,42,spearman,15,1,0.75,,True,128,1,0,0,0.0
278,6269,42,spearman,15,1,0.75,,True,129,1,0,0,0.0
278,6269,42,spearman,15,1,0.75,,True,130,1,0,0,0.0
278,6269,42,spearman,15,1,0.75,,True,131,1,0,0,0.0
278,6269,42,spearman,15,1,0.75,,True,132,1,0,0,0.0
278,6269,42,spearman,15,1,0.75,,True,133,1,0,0,0.0
278,6269,42,spearman,15,1,0.75,,True,134,1,0,0,0.0
278,6269,42,spearman,15,1,0.75,,True,135,1,0,0,0.0
278,6269,42,spearman,15,1,0.75,,True,136,1,0,0,0.0
278,6269,42,spearman,15,1,0.75,,True,137,1,0,0,0.0
278,6269,42,spearman,15,1,0.75,,True,138,1,0,0,0.0
278,6269,42,spearman,15,1,0.75,,True,139,1,0,0,0.0
278,6269,42,spearman,15,1,0.75,,True,140,1,0,0,0.0
278,6269,42,spearman,15,1,0.75,,True,141,1,0,0,0.0
278,6269,42,spearman,15,1,0.75,,True,142,1,0,0,0.0
278,6269,42,spearman,15,1,0.75,,True,143,1,0,0,0.0
278,6269,42,spearman,15,1,0.75,,True,144,1,0,0,0.0
278,6269,42,spearman,15,1,0.75,,True,145,1,0,0,0.0
278,6269,42,spearman,15,1,0.75,,True,146,1,0,0,0.0
278,6269,42,spearman,15,1,0.75,,True,147,1,0,0,0.0
278,6269,42,spearman,15,1,0.75,,True,148,1,0,0,0.0
278,6269,42,spearman,15,1,0.75,,True,149,1,0,0,0.0
278,6269,42,spearman,15,1,0.75,,True,150,1,0,0,0.0
278,6269,42,spearman,15,1,0.75,,True,151,1,0,0,0.0
278,6269,42,spearman,15,1,0.75,,True,152,1,0,0,0.0
