product_id,store_id,seed,metric,threshold,window_size,enable_edges,enable_second_degree,rmse,mae,bias,r2_score,pocid,best_epoch,train_time_s
26008,6269,42,spearman,0.82,15,True,False,44.26218837477573,21.682727123904776,-11.029851590087148,0.39113994232043314,0.6887417218543046,40,11.51
26008,6269,42,spearman,0.85,15,True,False,46.54944519025417,24.78518873374713,-14.108701331835045,0.3265881747672451,0.5960264900662252,22,9.89
26008,6269,42,spearman,0.88,15,True,False,40.976877899759636,20.363464372526657,-5.9449578912830665,0.47816950922681156,0.6556291390728477,49,11.39
907969,6269,42,spearman,0.82,15,True,False,50.52110413655161,32.8853662500256,-16.577445402349298,0.17475318294320163,0.695364238410596,21,11.26
907969,6269,42,spearman,0.85,15,True,False,50.73947045904536,33.91327865343345,-19.17757281347325,0.16760387113572017,0.7152317880794702,17,11.62
907969,6269,42,spearman,0.88,15,True,False,43.498568610202355,28.723357246208348,-12.26718100523086,0.3882300748653166,0.7350993377483444,58,13.57
907967,6269,42,spearman,0.82,15,True,False,19.607976800351274,13.859853955475907,-0.32197635346337367,0.2084266069219226,0.6357615894039735,35,11.14
907967,6269,42,spearman,0.85,15,True,False,20.107912668329238,14.154493391513824,0.8085948056296298,0.16754723553361217,0.6291390728476821,10,9.86
907967,6269,42,spearman,0.88,15,True,False,20.391386838412735,14.316930923806993,1.5209910720586777,0.14391054750203292,0.6225165562913907,5,9.59
213626,6269,42,spearman,0.82,15,True,False,21.472210823208602,14.856100675306822,4.871889369268167,0.17591837030766844,0.6622516556291391,117,18.17
213626,6269,42,spearman,0.85,15,True,False,22.156615004658185,15.66897622476283,7.199040602892637,0.12254767175851533,0.6622516556291391,146,19.45
213626,6269,42,spearman,0.88,15,True,False,20.46088674229449,14.39119137882402,2.304118846788218,0.25171746189702016,0.6423841059602649,128,17.86
911753,6269,42,spearman,0.82,15,True,False,28.711224455512617,19.422696863497166,-5.3537219099602416,0.40272229653271396,0.7086092715231788,165,20.91
911753,6269,42,spearman,0.85,15,True,False,28.49322148703735,19.752997729192046,-1.5888469825547777,0.41175806439306817,0.7284768211920529,145,19.63
911753,6269,42,spearman,0.88,15,True,False,27.496188084373077,18.572325441251067,-5.175298106170406,0.45220526509426007,0.7284768211920529,83,15.0
26008,6269,42,spearman,0.75,15,True,False,45.413921634345336,22.67023861790566,-12.652645498220073,0.35904176368053997,0.6821192052980133,32,14.81
26008,6269,42,spearman,0.82,15,True,False,43.02655318459265,21.049682586796973,-6.41560039414387,0.42465964986159954,0.6887417218543046,25,10.53
26008,6269,42,spearman,0.85,15,True,False,48.34820403926094,24.948945278105768,-12.06898947226766,0.2735388185319477,0.6556291390728477,14,9.96
26008,6269,42,spearman,0.88,15,True,False,47.97315021011539,24.876178949090995,-13.989219816107498,0.2847659266245449,0.6291390728476821,12,10.0
26008,6269,42,spearman,0.91,15,True,False,50.30088709927497,27.243835361674428,-17.322029574431088,0.21367332498825586,0.6688741721854304,12,9.39
907969,6269,42,spearman,0.75,15,True,False,48.601372552961195,32.367761241076025,-14.86453805834447,0.23627807293595382,0.7284768211920529,25,14.31
907969,6269,42,spearman,0.82,15,True,False,52.10397010709826,34.46417183958386,-21.443050351778144,0.122231840540165,0.7284768211920529,15,10.83
907969,6269,42,spearman,0.85,15,True,False,50.3862285983584,33.51992335072473,-19.76399810278886,0.17915360272502567,0.7483443708609272,24,11.55
907969,6269,42,spearman,0.88,15,True,False,44.77216130941819,30.16950542940513,-14.64734732487092,0.35188166055201064,0.7483443708609272,63,12.68
907969,6269,42,spearman,0.91,15,True,False,53.00249914703137,35.50837867589373,-19.128755720038164,0.09169671173593397,0.7152317880794702,8,9.92
907967,6269,42,spearman,0.75,15,True,False,20.511009346569182,14.554797458021264,-0.26764666563586187,0.13383688783590142,0.6423841059602649,7,12.15
907967,6269,42,spearman,0.82,15,True,False,20.426152450913715,14.342469304800034,1.7845405073542344,0.14098893695392578,0.6423841059602649,5,11.42
907967,6269,42,spearman,0.85,15,True,False,20.112120265355028,14.143630528136304,1.1786859113919108,0.16719881625237698,0.6291390728476821,7,10.78
907967,6269,42,spearman,0.88,15,True,False,20.074245033437393,14.110458054040608,0.38345978605119807,0.17033253234376267,0.6357615894039735,9,10.5
907967,6269,42,spearman,0.91,15,True,False,20.295498180554052,14.306949188834743,-0.4542659128967084,0.15194298399733097,0.6357615894039735,8,10.42
213626,6269,42,spearman,0.75,15,True,False,24.069406054854444,16.38318703833379,6.13877352170254,-0.03549368585574886,0.6423841059602649,110,18.88
213626,6269,42,spearman,0.82,15,True,False,22.003974312016208,14.458900541165157,3.780133981159643,0.13459586421430103,0.6291390728476821,114,16.71
213626,6269,42,spearman,0.85,15,True,False,22.77710932765478,15.046859453579312,2.5094066711240695,0.07271353532686708,0.6357615894039735,135,21.46
213626,6269,42,spearman,0.88,15,True,False,20.749553745899014,13.846428548034869,-0.0720553825560369,0.23045462985460963,0.6225165562913907,86,15.44
213626,6269,42,spearman,0.91,15,True,False,20.50184434158701,13.58676896754064,2.304985076189041,0.2487187129740378,0.6423841059602649,94,17.12
911753,6269,42,spearman,0.75,15,True,False,27.797773225925745,19.703771829899203,0.021966963712322086,0.44012266172602477,0.7152317880794702,65,18.21
911753,6269,42,spearman,0.82,15,True,False,27.8289134211752,18.391232460639195,-5.466771907418182,0.43886756441936314,0.6887417218543046,26,12.49
911753,6269,42,spearman,0.85,15,True,False,28.596332047791424,18.377462471982366,-4.930941350758076,0.4074929304993784,0.7019867549668874,24,11.67
911753,6269,42,spearman,0.88,15,True,False,27.22579784341736,18.279149218315357,-1.5045094626318467,0.4629260291196491,0.6887417218543046,37,11.5
911753,6269,42,spearman,0.91,15,True,False,30.393918756049302,20.419147087163047,-6.896359874229682,0.33066078430032053,0.7086092715231788,31,9.99
26008,6269,42,spearman,0.75,15,True,False,45.413921634345336,22.67023861790566,-12.652645498220073,0.35904176368053997,0.6821192052980133,32,15.59
26008,6269,42,spearman,0.82,15,True,False,43.02655318459265,21.049682586796973,-6.41560039414387,0.42465964986159954,0.6887417218543046,25,12.26
26008,6269,42,spearman,0.85,15,True,False,48.34820403926094,24.948945278105768,-12.06898947226766,0.2735388185319477,0.6556291390728477,14,10.8
26008,6269,42,spearman,0.88,15,True,False,47.97315021011539,24.876178949090995,-13.989219816107498,0.2847659266245449,0.6291390728476821,12,10.28
26008,6269,42,spearman,0.91,15,True,False,50.30088709927497,27.243835361674428,-17.322029574431088,0.21367332498825586,0.6688741721854304,12,9.77
907969,6269,42,spearman,0.75,15,True,False,48.601372552961195,32.367761241076025,-14.86453805834447,0.23627807293595382,0.7284768211920529,25,15.31
907969,6269,42,spearman,0.82,15,True,False,52.10397010709826,34.46417183958386,-21.443050351778144,0.122231840540165,0.7284768211920529,15,11.54
907969,6269,42,spearman,0.85,15,True,False,50.3862285983584,33.51992335072473,-19.76399810278886,0.17915360272502567,0.7483443708609272,24,11.67
907969,6269,42,spearman,0.88,15,True,False,44.77216130941819,30.16950542940513,-14.64734732487092,0.35188166055201064,0.7483443708609272,63,13.94
907969,6269,42,spearman,0.91,15,True,False,53.00249914703137,35.50837867589373,-19.128755720038164,0.09169671173593397,0.7152317880794702,8,11.95
907967,6269,42,spearman,0.75,15,True,False,20.511009346569182,14.554797458021264,-0.26764666563586187,0.13383688783590142,0.6423841059602649,7,13.42
907967,6269,42,spearman,0.82,15,True,False,20.426152450913715,14.342469304800034,1.7845405073542344,0.14098893695392578,0.6423841059602649,5,11.04
907967,6269,42,spearman,0.85,15,True,False,20.112120265355028,14.143630528136304,1.1786859113919108,0.16719881625237698,0.6291390728476821,7,10.37
907967,6269,42,spearman,0.88,15,True,False,20.074245033437393,14.110458054040608,0.38345978605119807,0.17033253234376267,0.6357615894039735,9,10.93
907967,6269,42,spearman,0.91,15,True,False,20.295498180554052,14.306949188834743,-0.4542659128967084,0.15194298399733097,0.6357615894039735,8,9.44
213626,6269,42,spearman,0.75,15,True,False,24.069406054854444,16.38318703833379,6.13877352170254,-0.03549368585574886,0.6423841059602649,110,20.43
213626,6269,42,spearman,0.82,15,True,False,22.003974312016208,14.458900541165157,3.780133981159643,0.13459586421430103,0.6291390728476821,114,17.38
213626,6269,42,spearman,0.85,15,True,False,22.77710932765478,15.046859453579312,2.5094066711240695,0.07271353532686708,0.6357615894039735,135,18.1
213626,6269,42,spearman,0.88,15,True,False,20.749553745899014,13.846428548034869,-0.0720553825560369,0.23045462985460963,0.6225165562913907,86,14.3
213626,6269,42,spearman,0.91,15,True,False,20.50184434158701,13.58676896754064,2.304985076189041,0.2487187129740378,0.6423841059602649,94,16.08
911753,6269,42,spearman,0.75,15,True,False,27.797773225925745,19.703771829899203,0.021966963712322086,0.44012266172602477,0.7152317880794702,65,19.74
911753,6269,42,spearman,0.82,15,True,False,27.8289134211752,18.391232460639195,-5.466771907418182,0.43886756441936314,0.6887417218543046,26,12.73
911753,6269,42,spearman,0.85,15,True,False,28.596332047791424,18.377462471982366,-4.930941350758076,0.4074929304993784,0.7019867549668874,24,11.61
911753,6269,42,spearman,0.88,15,True,False,27.22579784341736,18.279149218315357,-1.5045094626318467,0.4629260291196491,0.6887417218543046,37,12.53
911753,6269,42,spearman,0.91,15,True,False,30.393918756049302,20.419147087163047,-6.896359874229682,0.33066078430032053,0.7086092715231788,31,10.96
26008,6269,42,spearman,0.75,15,True,False,46.49255536748747,23.66140255596685,-12.92847034050838,0.3282331726405985,0.6688741721854304,32,16.14
26008,6269,42,spearman,0.82,15,True,False,44.037284158736526,21.840600346950325,-8.912788634531593,0.3973116795378191,0.6622516556291391,26,11.11
26008,6269,42,spearman,0.85,15,True,False,47.963892784465244,25.173579237766955,-15.03880845912193,0.2850419388261819,0.6556291390728477,19,10.0
26008,6269,42,spearman,0.88,15,True,False,47.105355134906056,24.39652063481902,-13.246448359991374,0.3104078883285607,0.6490066225165563,19,10.06
26008,6269,42,spearman,0.91,15,True,False,49.194216431049846,25.53874003181332,-15.774410978743905,0.24789268065804582,0.6490066225165563,15,9.79
907969,6269,42,spearman,0.75,15,True,False,51.234302996726875,33.93089455777877,-19.83501249845875,0.15128895182537028,0.7284768211920529,25,14.16
907969,6269,42,spearman,0.82,15,True,False,53.97571613804324,36.02429114909548,-21.93091522549328,0.058034455477120495,0.7284768211920529,8,10.92
907969,6269,42,spearman,0.85,15,True,False,54.36495358822475,36.2855861890865,-22.967878426964347,0.04439979506299052,0.7284768211920529,10,11.43
907969,6269,42,spearman,0.88,15,True,False,52.69881196676395,35.01556776326738,-20.717929062678625,0.1020754611037038,0.695364238410596,17,11.6
907969,6269,42,spearman,0.91,15,True,False,54.49427997082731,36.285107948278124,-23.615276914678123,0.03984791727464443,0.7284768211920529,12,10.94
907967,6269,42,spearman,0.75,15,True,False,19.51450283393884,13.788963916270356,0.30370999402121496,0.2159556999625667,0.6357615894039735,35,14.62
907967,6269,42,spearman,0.82,15,True,False,19.858498814798487,13.891796962211007,0.341065471109591,0.1880702592506477,0.6158940397350994,10,10.69
907967,6269,42,spearman,0.85,15,True,False,19.849015642310995,14.010925385512804,0.43963429802342463,0.18884552745309946,0.6158940397350994,23,10.27
