product_id,store_id,seed,metric,threshold,n_nodes,n_edges,rmse,mae,bias,r2_score,pocid,best_epoch,train_time_s
26008,6269,42,spearman,0.79,1427,0,46.65494440989749,23.671836853027344,-11.592314293510036,0.32353222370147705,0.6688741721854304,19,9.25
26008,6269,42,spearman,0.82,1427,0,46.65494440989749,23.671836853027344,-11.592314293510036,0.32353222370147705,0.6688741721854304,19,9.06
26008,6269,42,spearman,0.85,1427,0,46.65494440989749,23.671836853027344,-11.592314293510036,0.32353222370147705,0.6688741721854304,19,9.53
26008,6269,42,spearman,0.88,1427,0,46.65494440989749,23.671836853027344,-11.592314293510036,0.32353222370147705,0.6688741721854304,19,9.37
26008,6269,42,spearman,0.91,1427,0,46.65494440989749,23.671836853027344,-11.592314293510036,0.32353222370147705,0.6688741721854304,19,9.28
907969,6269,42,spearman,0.79,1427,0,43.8682442270317,30.162578582763672,-8.547105036283794,0.3777875304222107,0.7483443708609272,34,9.98
907969,6269,42,spearman,0.82,1427,0,43.8682442270317,30.162578582763672,-8.547105036283794,0.3777875304222107,0.7483443708609272,34,10.35
907969,6269,42,spearman,0.85,1427,0,43.8682442270317,30.162578582763672,-8.547105036283794,0.3777875304222107,0.7483443708609272,34,10.21
907969,6269,42,spearman,0.88,1427,0,43.8682442270317,30.162578582763672,-8.547105036283794,0.3777875304222107,0.7483443708609272,34,11.16
907969,6269,42,spearman,0.91,1427,0,43.8682442270317,30.162578582763672,-8.547105036283794,0.3777875304222107,0.7483443708609272,34,10.12
907967,6269,42,spearman,0.79,1427,0,20.2945232952452,14.320915222167969,0.7142976710670873,0.15202444791793823,0.6357615894039735,7,9.1
907967,6269,42,spearman,0.82,1427,0,20.2945232952452,14.320915222167969,0.7142976710670873,0.15202444791793823,0.6357615894039735,7,9.06
907967,6269,42,spearman,0.85,1427,0,20.2945232952452,14.320915222167969,0.7142976710670873,0.15202444791793823,0.6357615894039735,7,8.63
907967,6269,42,spearman,0.88,1427,0,20.2945232952452,14.320915222167969,0.7142976710670873,0.15202444791793823,0.6357615894039735,7,8.65
907967,6269,42,spearman,0.91,1427,0,20.2945232952452,14.320915222167969,0.7142976710670873,0.15202444791793823,0.6357615894039735,7,8.52
213626,6269,42,spearman,0.79,1427,0,21.76169876648248,14.878002166748047,3.1499219944602563,0.15354806184768677,0.6423841059602649,95,13.55
213626,6269,42,spearman,0.82,1427,0,21.76169876648248,14.878002166748047,3.1499219944602563,0.15354806184768677,0.6423841059602649,95,14.83
213626,6269,42,spearman,0.85,1427,0,21.76169876648248,14.878002166748047,3.1499219944602563,0.15354806184768677,0.6423841059602649,95,13.98
213626,6269,42,spearman,0.88,1427,0,21.76169876648248,14.878002166748047,3.1499219944602563,0.15354806184768677,0.6423841059602649,95,14.33
213626,6269,42,spearman,0.91,1427,0,21.76169876648248,14.878002166748047,3.1499219944602563,0.15354806184768677,0.6423841059602649,95,13.57
911753,6269,42,spearman,0.79,1427,0,26.315732200158685,18.118305206298828,-1.8782556574595601,0.4982309937477112,0.7086092715231788,63,11.96
911753,6269,42,spearman,0.82,1427,0,26.315732200158685,18.118305206298828,-1.8782556574595601,0.4982309937477112,0.7086092715231788,63,11.92
911753,6269,42,spearman,0.85,1427,0,26.315732200158685,18.118305206298828,-1.8782556574595601,0.4982309937477112,0.7086092715231788,63,12.45
911753,6269,42,spearman,0.88,1427,0,26.315732200158685,18.118305206298828,-1.8782556574595601,0.4982309937477112,0.7086092715231788,63,12.94
911753,6269,42,spearman,0.91,1427,0,26.315732200158685,18.118305206298828,-1.8782556574595601,0.4982309937477112,0.7086092715231788,63,12.62
26008,6269,42,spearman,0.7,1,0,46.509050698493084,24.337060928344727,-10.185999669526753,0.327756404876709,0.6622516556291391,18,7.26
26008,6269,42,spearman,0.5,10,26,42.4812214372973,21.043725967407227,-3.5416192255522074,0.4391512870788574,0.6688741721854304,26,7.64
26008,6269,42,spearman,0.55,6,10,49.797708457097954,26.388362884521484,-16.099401699869258,0.22932642698287964,0.6490066225165563,16,7.09
26008,6269,42,spearman,0.6,4,4,48.70592208041159,25.92932891845703,-14.73976755142212,0.2627491354942322,0.6622516556291391,16,6.98
907969,6269,42,spearman,0.5,19,63,55.2268758169426,36.99226379394531,-24.68562306855854,0.013858675956726074,0.7152317880794702,12,6.96
907969,6269,42,spearman,0.55,11,28,53.849340430907326,35.6395263671875,-22.824677166185882,0.06244021654129028,0.7152317880794702,14,7.01
907969,6269,42,spearman,0.6,6,9,54.58348814187652,36.4964714050293,-23.959823959752132,0.036701738834381104,0.7152317880794702,13,6.96
907967,6269,42,spearman,0.5,6,14,20.217594544119006,14.245711326599121,0.7207243066085013,0.15844100713729858,0.6423841059602649,7,6.66
907967,6269,42,spearman,0.55,3,3,20.192948967109317,14.249605178833008,-0.4628242442482396,0.1604914665222168,0.6490066225165563,8,6.81
907967,6269,42,spearman,0.6,1,0,20.190891984769394,14.23024845123291,0.8530416488647461,0.1606624722480774,0.6357615894039735,7,6.44
213626,6269,42,spearman,0.5,9,33,21.429730222341664,14.217966079711914,1.0563366350374723,0.17917585372924805,0.6291390728476821,86,10.18
213626,6269,42,spearman,0.55,6,13,22.076074330852578,15.254077911376953,5.195026447898464,0.12891525030136108,0.6291390728476821,90,10.38
213626,6269,42,spearman,0.6,1,0,21.613422094810378,14.991595268249512,4.191475077679283,0.1650436520576477,0.6423841059602649,103,11.22
911753,6269,42,spearman,0.5,16,56,26.304802355332857,18.424665451049805,-5.078134361066316,0.4986477494239807,0.7417218543046358,113,12.59
911753,6269,42,spearman,0.55,10,27,25.356603408693786,17.598079681396484,-3.4449742154071203,0.534140408039093,0.7549668874172185,113,12.08
911753,6269,42,spearman,0.6,6,9,26.35408933927226,18.284168243408203,-1.5539058384142423,0.49676722288131714,0.7086092715231788,53,10.03
26008,6269,42,spearman,0.6,7,7,50.64051652641884,27.27181053161621,-17.77875184701159,0.19777590036392212,0.6842105263157895,14,7.04
26008,6269,42,spearman,0.62,5,5,44.0251545528058,21.68186378479004,-8.220464768752553,0.3936808705329895,0.6776315789473685,23,7.23
26008,6269,42,spearman,0.65,3,2,50.618964242817384,27.724437713623047,-19.82246488683364,0.1984584927558899,0.6578947368421053,17,6.99
907969,6269,42,spearman,0.6,7,7,56.19279860653298,38.00102615356445,-27.97488612754672,-0.026767611503601074,0.7171052631578947,14,6.94
907969,6269,42,spearman,0.62,5,5,53.70392056437198,35.46396255493164,-22.5978737126768,0.062172770500183105,0.7171052631578947,14,6.94
907969,6269,42,spearman,0.65,3,2,55.61600392493266,37.23101043701172,-25.133404301662072,-0.005797266960144043,0.7105263157894737,11,6.8
907967,6269,42,spearman,0.6,1,0,20.108324807464694,14.179325103759766,0.029388452667036866,0.17501407861709595,0.6447368421052632,9,6.4
907967,6269,42,spearman,0.62,1,0,20.108324807464694,14.179325103759766,0.029388452667036866,0.17501407861709595,0.6447368421052632,9,6.44
907967,6269,42,spearman,0.65,1,0,20.108324807464694,14.179325103759766,0.029388452667036866,0.17501407861709595,0.6447368421052632,9,6.49
213626,6269,42,spearman,0.6,1,0,21.6304198071872,14.73399829864502,3.283154126086266,0.16026455163955688,0.631578947368421,92,9.9
213626,6269,42,spearman,0.62,1,0,21.6304198071872,14.73399829864502,3.283154126086266,0.16026455163955688,0.631578947368421,92,9.88
213626,6269,42,spearman,0.65,1,0,21.6304198071872,14.73399829864502,3.283154126086266,0.16026455163955688,0.631578947368421,92,11.09
911753,6269,42,spearman,0.6,7,7,25.471806517129753,17.905149459838867,-1.3294272329293044,0.528627336025238,0.743421052631579,103,12.92
911753,6269,42,spearman,0.62,5,5,24.590558282410445,17.1053524017334,1.4876562006333296,0.5606792569160461,0.75,99,12.09
911753,6269,42,spearman,0.65,3,2,25.928217465485357,18.094728469848633,-3.4373508683996263,0.5115835666656494,0.743421052631579,112,12.85
26008,6269,42,spearman,0.6,7,7,49.28377648882034,26.498563766479492,-17.629181431789025,0.24018573760986328,0.6513157894736842,10,5.98
26008,6269,42,spearman,0.62,5,5,49.28409848299196,26.49886131286621,-17.629806518554688,0.2401757836341858,0.6513157894736842,10,5.94
26008,6269,42,spearman,0.65,3,2,49.28382602652213,26.498863220214844,-17.629515030804804,0.2401842474937439,0.6513157894736842,10,6.38
907969,6269,42,spearman,0.6,7,7,37.80144950872833,27.601383209228516,-7.938185922460618,0.5353480577468872,0.743421052631579,186,13.3
907969,6269,42,spearman,0.62,5,5,39.28613950028607,28.577043533325195,-9.36317907595167,0.4981319308280945,0.7302631578947368,195,13.88
907969,6269,42,spearman,0.65,3,2,38.39248666375444,28.2946720123291,-8.655818315892438,0.5207045078277588,0.7171052631578947,186,13.46
907967,6269,42,spearman,0.6,7,6,20.45267811892438,14.338769912719727,-0.05354406319412531,0.14651650190353394,0.6118421052631579,4,6.05
907967,6269,42,spearman,0.62,5,4,20.452675880764204,14.338769912719727,-0.05354047289081648,0.1465166211128235,0.6118421052631579,4,6.42
907967,6269,42,spearman,0.65,4,3,20.452675880764204,14.338769912719727,-0.05353905172909007,0.14651668071746826,0.6118421052631579,4,6.09
213626,6269,42,spearman,0.6,7,6,22.394811628826552,14.861495971679688,3.729119980257321,0.09986549615859985,0.631578947368421,67,8.69
213626,6269,42,spearman,0.62,5,4,22.402301179667486,14.987143516540527,3.8779153262867645,0.0992632508277893,0.625,67,8.71
213626,6269,42,spearman,0.65,4,3,22.204759874495025,15.121039390563965,4.751985998714671,0.11507844924926758,0.6513157894736842,62,9.03
911753,6269,42,spearman,0.6,7,7,28.54290326263529,19.498441696166992,-4.450643293218675,0.40810972452163696,0.7039473684210527,95,9.99
911753,6269,42,spearman,0.62,5,5,28.441107686679725,19.406526565551758,-4.39963891147788,0.4123240113258362,0.7039473684210527,95,11.04
911753,6269,42,spearman,0.65,3,2,28.604005802495895,19.596940994262695,-4.704603299595951,0.4055728316307068,0.7039473684210527,95,9.34
26008,6269,42,spearman,0.6,7,7,50.651083172647944,27.279041290283203,-17.796414319206686,0.1974409818649292,0.6842105263157895,14,7.33
26008,6269,42,spearman,0.6,7,7,50.651083172647944,27.279041290283203,-17.796414319206686,0.1974409818649292,0.6842105263157895,14,7.07
26008,6269,42,spearman,0.62,5,5,44.210217540303255,21.794605255126953,-8.47339921839097,0.3885727524757385,0.6776315789473685,23,7.26
26008,6269,42,spearman,0.65,3,2,50.6253231085368,27.729389190673828,-19.833347819209877,0.19825714826583862,0.6578947368421053,17,6.93
907969,6269,42,spearman,0.6,7,7,56.19328086571494,38.001808166503906,-27.976960425283394,-0.02678525447845459,0.7171052631578947,14,6.97
907969,6269,42,spearman,0.62,5,5,53.70517525908816,35.4652214050293,-22.601109473533878,0.06212890148162842,0.7171052631578947,14,6.94
907969,6269,42,spearman,0.65,3,2,55.614357742487464,37.2296028137207,-25.13078896516289,-0.005737662315368652,0.7105263157894737,11,6.74
907967,6269,42,spearman,0.6,7,6,20.29330072214027,14.312287330627441,-0.6308951035044552,0.15976619720458984,0.6381578947368421,7,6.56
907967,6269,42,spearman,0.62,5,4,20.120211392879067,14.212116241455078,-0.22430357590220332,0.17403841018676758,0.6381578947368421,9,6.64
907967,6269,42,spearman,0.65,4,3,20.16925149961415,14.229233741760254,0.9013207878162658,0.17000716924667358,0.6447368421052632,8,6.55
213626,6269,42,spearman,0.6,7,6,23.62870315512404,16.012651443481445,6.269049382677265,-0.0020568370819091797,0.625,112,11.15
213626,6269,42,spearman,0.62,5,4,22.53060594714894,15.380359649658203,2.7021411820953967,0.0889161229133606,0.6447368421052632,108,11.3
213626,6269,42,spearman,0.65,4,3,24.05115651861283,16.8861141204834,8.21596376257005,-0.03820836544036865,0.625,103,10.8
911753,6269,42,spearman,0.6,7,7,25.53208430781871,17.845489501953125,-1.8096763261782578,0.5263937711715698,0.75,103,10.7
911753,6269,42,spearman,0.62,5,5,25.160195973517006,17.57085418701172,3.1539787654004066,0.5400899052619934,0.75,99,11.04
911753,6269,42,spearman,0.65,3,2,26.24901411839119,18.160749435424805,-3.956600927839092,0.49942296743392944,0.75,112,12.61
