product_id,store_id,seed,metric,window_size,step_size,threshold,percentile,enable_edges,enable_second_degree,ablate_z,num_edges_mean,epoch,train_loss,val_loss,z_norm_mean,z_var_mean,grad_norm_gcn,grad_norm_mlp,grad_ratio_gcn_mlp
26008,6269,42,spearman,15,1,0.5,,True,False,True,0.0,1,0.014251919313600021,0.0028229872696101665,nan,nan,0.0,0.2850320735166753,0.0
26008,6269,42,spearman,15,1,0.5,,True,False,True,0.0,2,0.01109078326927764,0.0033711306750774384,nan,nan,0.0,0.24440701554453165,0.0
26008,6269,42,spearman,15,1,0.5,,True,False,True,0.0,3,0.01153173208669094,0.023476552218198776,nan,nan,0.0,0.23966698041982118,0.0
26008,6269,42,spearman,15,1,0.5,,True,False,True,0.0,4,0.013177319163722652,0.009863068349659443,nan,nan,0.0,0.29162163015493453,0.0
26008,6269,42,spearman,15,1,0.5,,True,False,True,0.0,5,0.014868781003834946,0.0027679463382810354,nan,nan,0.0,0.37116978096292247,0.0
26008,6269,42,spearman,15,1,0.5,,True,False,True,0.0,6,0.010261952602637134,0.0018193288706243038,nan,nan,0.0,0.17783951944255313,0.0
26008,6269,42,spearman,15,1,0.5,,True,False,True,0.0,7,0.010145329753868282,0.002860285108909011,nan,nan,0.0,0.15374780171895913,0.0
26008,6269,42,spearman,15,1,0.5,,True,False,True,0.0,8,0.009927685572100537,0.0023489887826144695,nan,nan,0.0,0.16916172734445786,0.0
26008,6269,42,spearman,15,1,0.5,,True,False,True,0.0,9,0.008772974459653986,0.002775504719465971,nan,nan,0.0,0.13915175414679495,0.0
26008,6269,42,spearman,15,1,0.5,,True,False,True,0.0,10,0.008171112492813595,0.0019153683679178357,nan,nan,0.0,0.12216544044644205,0.0
26008,6269,42,spearman,15,1,0.5,,True,False,True,0.0,11,0.007585809008950102,0.0016961297951638699,nan,nan,0.0,0.10079935376516867,0.0
26008,6269,42,spearman,15,1,0.5,,True,False,True,0.0,12,0.007671758357901126,0.0026069169398397207,nan,nan,0.0,0.09722407163579179,0.0
26008,6269,42,spearman,15,1,0.5,,True,False,True,0.0,13,0.007720613594366503,0.0018959889421239495,nan,nan,0.0,0.12139875373046524,0.0
26008,6269,42,spearman,15,1,0.5,,True,False,True,0.0,14,0.006951202405616641,0.0019878544844686985,nan,nan,0.0,0.09368548864494046,0.0
26008,6269,42,spearman,15,1,0.5,,True,False,True,0.0,15,0.0068207633199303275,0.0024480032734572887,nan,nan,0.0,0.09392372758230726,0.0
26008,6269,42,spearman,15,1,0.5,,True,False,True,0.0,16,0.007378414572615709,0.001996522769331932,nan,nan,0.0,0.11584828014296429,0.0
26008,6269,42,spearman,15,1,0.5,,True,False,True,0.0,17,0.007362112935100283,0.002950588706880808,nan,nan,0.0,0.12264404646785579,0.0
26008,6269,42,spearman,15,1,0.5,,True,False,True,0.0,18,0.007143364736943373,0.0020963067654520273,nan,nan,0.0,0.11976208477578601,0.0
26008,6269,42,spearman,15,1,0.5,,True,False,True,0.0,19,0.007315496805988785,0.0020057715009897947,nan,nan,0.0,0.13340429568544226,0.0
26008,6269,42,spearman,15,1,0.5,,True,False,True,0.0,20,0.009371110130034919,0.004491202533245087,nan,nan,0.0,0.16547674948549576,0.0
26008,6269,42,spearman,15,1,0.5,,True,False,True,0.0,21,0.007965211082981634,0.002602276625111699,nan,nan,0.0,0.15539339993549647,0.0
26008,6269,42,spearman,15,1,0.5,,True,False,True,0.0,22,0.007888436566905252,0.0022883994970470667,nan,nan,0.0,0.13849142996711883,0.0
26008,6269,42,spearman,15,1,0.5,,True,False,True,0.0,23,0.007041262608254328,0.003000033088028431,nan,nan,0.0,0.11379275511084888,0.0
26008,6269,42,spearman,15,1,0.5,,True,False,True,0.0,24,0.006257011455350688,0.0019445489160716534,nan,nan,0.0,0.10251018235339078,0.0
26008,6269,42,spearman,15,1,0.5,,True,False,True,0.0,25,0.006680059870372393,0.0020223401952534914,nan,nan,0.0,0.11357775277407593,0.0
26008,6269,42,spearman,15,1,0.5,,True,False,True,0.0,26,0.008039124892093241,0.004542351234704256,nan,nan,0.0,0.1353897831555928,0.0
26008,6269,42,spearman,15,1,0.5,,True,False,True,0.0,27,0.006560887559317052,0.0019568181596696377,nan,nan,0.0,0.11943477523435499,0.0
26008,6269,42,spearman,15,1,0.5,,True,False,True,0.0,28,0.006546588739313718,0.001973256468772888,nan,nan,0.0,0.10690234313710702,0.0
26008,6269,42,spearman,15,1,0.5,,True,False,True,0.0,29,0.006638433759300304,0.0042627607472240925,nan,nan,0.0,0.10444653414270323,0.0
26008,6269,42,spearman,15,1,0.5,,True,False,True,0.0,30,0.006000827490684709,0.00195345189422369,nan,nan,0.0,0.1132102040183012,0.0
26008,6269,42,spearman,15,1,0.5,,True,False,True,0.0,31,0.005946454059864793,0.0020061081741005182,nan,nan,0.0,0.100871500070802,0.0
26008,6269,42,spearman,15,1,0.5,,True,False,True,0.0,32,0.0065049050691803655,0.0037689825985580683,nan,nan,0.0,0.10618354630139437,0.0
26008,6269,42,spearman,15,1,0.5,,True,False,True,0.0,33,0.005533433885180524,0.001981002278625965,nan,nan,0.0,0.09980301991707462,0.0
26008,6269,42,spearman,15,1,0.5,,True,False,True,0.0,34,0.0059718919552064365,0.0020783247891813517,nan,nan,0.0,0.11126621626375509,0.0
26008,6269,42,spearman,15,1,0.5,,True,False,True,0.0,35,0.006965588320911463,0.005005226470530033,nan,nan,0.0,0.11320726431704434,0.0
26008,6269,42,spearman,15,1,0.5,,True,False,True,0.0,36,0.0058657009545381045,0.001972437370568514,nan,nan,0.0,0.12270367751783225,0.0
26008,6269,42,spearman,15,1,0.5,,True,False,True,0.0,37,0.006366576359141618,0.0023177156690508127,nan,nan,0.0,0.13054431700330105,0.0
26008,6269,42,spearman,15,1,0.5,,True,False,True,0.0,38,0.007156242391959365,0.004868576768785715,nan,nan,0.0,0.1238227379678556,0.0
26008,6269,42,spearman,15,1,0.5,,True,False,True,0.0,39,0.006076598606471505,0.0018911425722762942,nan,nan,0.0,0.12204892303598305,0.0
26008,6269,42,spearman,15,1,0.5,,True,False,True,0.0,40,0.005313215793908707,0.0019578849896788597,nan,nan,0.0,0.09768892957776522,0.0
26008,6269,42,spearman,15,1,0.5,,True,False,True,0.0,41,0.005096162020760987,0.0035143194254487753,nan,nan,0.0,0.08329580262095751,0.0
26008,6269,42,spearman,15,1,0.5,,True,False,True,0.0,42,0.004523313629241394,0.0018827697494998574,nan,nan,0.0,0.0896780625645768,0.0
26008,6269,42,spearman,15,1,0.5,,True,False,True,0.0,43,0.004416954221336969,0.0019235443323850632,nan,nan,0.0,0.07983989371496468,0.0
26008,6269,42,spearman,15,1,0.5,,True,False,True,0.0,44,0.004912160611378827,0.003669273341074586,nan,nan,0.0,0.08383863662910887,0.0
26008,6269,42,spearman,15,1,0.5,,True,False,True,0.0,45,0.004388500379198896,0.0018546860665082932,nan,nan,0.0,0.08929667202732686,0.0
26008,6269,42,spearman,15,1,0.5,,True,False,True,0.0,46,0.004130480370284724,0.0019118811469525099,nan,nan,0.0,0.0792229944476129,0.0
26008,6269,42,spearman,15,1,0.5,,True,False,True,0.0,47,0.0037317406760329114,0.002345866523683071,nan,nan,0.0,0.06057780609070805,0.0
26008,6269,42,spearman,15,1,0.5,,True,False,True,0.0,48,0.0035035133395077927,0.0021124910563230515,nan,nan,0.0,0.05946608711679972,0.0
26008,6269,42,spearman,15,1,0.5,,True,False,True,0.0,49,0.003329668451832341,0.0020509264431893826,nan,nan,0.0,0.05045319053876202,0.0
26008,6269,42,spearman,15,1,0.5,,True,False,True,0.0,50,0.0032665946055203676,0.0020837571937590837,nan,nan,0.0,0.04937167238594516,0.0
26008,6269,42,spearman,15,1,0.5,,True,False,True,0.0,51,0.0031773746928333174,0.002189142629504204,nan,nan,0.0,0.04840860925833302,0.0
26008,6269,42,spearman,15,1,0.5,,True,False,True,0.0,52,0.003132147082526769,0.0021060314029455185,nan,nan,0.0,0.04972505719532759,0.0
26008,6269,42,spearman,15,1,0.5,,True,False,True,0.0,53,0.0030309591425715814,0.0021713569294661283,nan,nan,0.0,0.04664971295024175,0.0
26008,6269,42,spearman,15,1,0.5,,True,False,True,0.0,54,0.0029971341885227177,0.0021205313969403505,nan,nan,0.0,0.048526039554150524,0.0
26008,6269,42,spearman,15,1,0.5,,True,False,True,0.0,55,0.0029028428086478797,0.002203450072556734,nan,nan,0.0,0.0459222564731042,0.0
26008,6269,42,spearman,15,1,0.5,,True,False,True,0.0,56,0.002885438044488962,0.002112853806465864,nan,nan,0.0,0.04895935074382603,0.0
26008,6269,42,spearman,15,1,0.5,,True,False,True,0.0,57,0.0027831214080963817,0.0022427821531891823,nan,nan,0.0,0.04493783195311714,0.0
26008,6269,42,spearman,15,1,0.5,,True,False,True,0.0,58,0.0027870581418808016,0.002107556676492095,nan,nan,0.0,0.049746769487453005,0.0
26008,6269,42,spearman,15,1,0.5,,True,False,True,0.0,59,0.00266598175845242,0.002232791855931282,nan,nan,0.0,0.04403857064618557,0.0
26008,6269,42,spearman,15,1,0.5,,True,False,True,0.0,60,0.002662119671835431,0.0021378681994974613,nan,nan,0.0,0.04804720558891424,0.0
26008,6269,42,spearman,15,1,0.5,,True,False,True,0.0,61,0.0025660687242634594,0.00220588524825871,nan,nan,0.0,0.04455817139093069,0.0
26008,6269,42,spearman,15,1,0.5,,True,False,True,0.0,62,0.0025374962632278247,0.002209846395999193,nan,nan,0.0,0.04574632578782823,0.0
26008,6269,42,spearman,15,1,0.5,,True,False,True,0.0,63,0.0025391208390439196,0.002112255897372961,nan,nan,0.0,0.04781837646701549,0.0
26008,6269,42,spearman,15,1,0.5,,True,False,True,0.0,64,0.0024497587998796788,0.0023956673685461283,nan,nan,0.0,0.04360533586469225,0.0
26008,6269,42,spearman,15,1,0.5,,True,False,True,0.0,65,0.002614494171991412,0.002022781176492572,nan,nan,0.0,0.05612168561430221,0.0
26008,6269,42,spearman,15,1,0.5,,True,False,True,0.0,66,0.0023701236683077048,0.0024764169938862324,nan,nan,0.0,0.04040977153732156,0.0
26008,6269,42,spearman,15,1,0.5,,True,False,True,0.0,67,0.0024791643539044473,0.00207005487754941,nan,nan,0.0,0.05447297729150091,0.0
26008,6269,42,spearman,15,1,0.5,,True,False,True,0.0,68,0.0023766510504564004,0.002132162218913436,nan,nan,0.0,0.04823885515820016,0.0
26008,6269,42,spearman,15,1,0.5,,True,False,True,0.0,69,0.002777952455549634,0.002945723943412304,nan,nan,0.0,0.06488396293048038,0.0
26008,6269,42,spearman,15,1,0.5,,True,False,True,0.0,70,0.0033759019154656145,0.0019236294319853187,nan,nan,0.0,0.10805000412811565,0.0
26008,6269,42,spearman,15,1,0.5,,True,False,True,0.0,71,0.0033795947092585266,0.0037411777302622795,nan,nan,0.0,0.08545250380850525,0.0
26008,6269,42,spearman,15,1,0.5,,True,False,True,0.0,72,0.003091569141750889,0.0018319275695830584,nan,nan,0.0,0.0837404254773841,0.0
26008,6269,42,spearman,15,1,0.5,,True,False,True,0.0,73,0.0025854752166196704,0.002048686845228076,nan,nan,0.0,0.06440918697448796,0.0
26008,6269,42,spearman,15,1,0.5,,True,False,True,0.0,74,0.0030870170116291513,0.0032666269689798355,nan,nan,0.0,0.06987268058931341,0.0
26008,6269,42,spearman,15,1,0.5,,True,False,True,0.0,75,0.002973061029998852,0.0018651577411219478,nan,nan,0.0,0.09400619053488753,0.0
26008,6269,42,spearman,15,1,0.5,,True,False,True,0.0,76,0.002452415318527658,0.0026942873373627663,nan,nan,0.0,0.05763646937757377,0.0
26008,6269,42,spearman,15,1,0.5,,True,False,True,0.0,77,0.002386175436965589,0.0019922193605452776,nan,nan,0.0,0.058867339533093546,0.0
26008,6269,42,spearman,15,1,0.5,,True,False,True,0.0,78,0.002330033898553146,0.0020269793458282948,nan,nan,0.0,0.06268067230210718,0.0
26008,6269,42,spearman,15,1,0.5,,True,False,True,0.0,79,0.0031679662684577386,0.0033240143675357103,nan,nan,0.0,0.08071015271178514,0.0
26008,6269,42,spearman,15,1,0.5,,True,False,True,0.0,80,0.002568130007213248,0.001990450546145439,nan,nan,0.0,0.07946703625832152,0.0
26008,6269,42,spearman,15,1,0.5,,True,False,True,0.0,81,0.0020753517081694944,0.002059806836768985,nan,nan,0.0,0.04607223743029222,0.0
26008,6269,42,spearman,15,1,0.5,,True,False,True,0.0,82,0.002010192647243717,0.0021563631016761065,nan,nan,0.0,0.04365390944384711,0.0
26008,6269,42,spearman,15,1,0.5,,True,False,True,0.0,83,0.001984949327639437,0.002185569843277335,nan,nan,0.0,0.04353697204729675,0.0
26008,6269,42,spearman,15,1,0.5,,True,False,True,0.0,84,0.0019083299973447407,0.002148132771253586,nan,nan,0.0,0.038442789058463274,0.0
26008,6269,42,spearman,15,1,0.5,,True,False,True,0.0,85,0.00187969663030734,0.002149741631001234,nan,nan,0.0,0.03736369759183857,0.0
26008,6269,42,spearman,15,1,0.5,,True,False,True,0.0,86,0.0018563778929611935,0.0021543120965361595,nan,nan,0.0,0.03667123049682465,0.0
26008,6269,42,spearman,15,1,0.5,,True,False,True,0.0,87,0.0018385466994784241,0.0021819211542606354,nan,nan,0.0,0.03636626805925728,0.0
26008,6269,42,spearman,15,1,0.5,,True,False,True,0.0,88,0.001827080048055255,0.002156041795387864,nan,nan,0.0,0.03676748831216324,0.0
26008,6269,42,spearman,15,1,0.5,,True,False,True,0.0,89,0.0018001366656140558,0.0021950174123048782,nan,nan,0.0,0.0353476021584428,0.0
26008,6269,42,spearman,15,1,0.5,,True,False,True,0.0,90,0.0017963923081489547,0.0021507879719138145,nan,nan,0.0,0.03678576129979536,0.0
26008,6269,42,spearman,15,1,0.5,,True,False,True,0.0,91,0.0017683214308427913,0.0022100491914898157,nan,nan,0.0,0.0349278959475708,0.0
26008,6269,42,spearman,15,1,0.5,,True,False,True,0.0,92,0.0017719974940908806,0.00214799540117383,nan,nan,0.0,0.037078442861512635,0.0
26008,6269,42,spearman,15,1,0.5,,True,False,True,0.0,93,0.0017364597297273576,0.0022219656966626644,nan,nan,0.0,0.03447013159901403,0.0
26008,6269,42,spearman,15,1,0.5,,True,False,True,0.0,94,0.0017477548099122941,0.002141466597095132,nan,nan,0.0,0.037371580283613585,0.0
26008,6269,42,spearman,15,1,0.5,,True,False,True,0.0,95,0.001708775172508987,0.002232109662145376,nan,nan,0.0,0.034531827737707126,0.0
26008,6269,42,spearman,15,1,0.5,,True,False,True,0.0,96,0.0017284223701738352,0.002136459108442068,nan,nan,0.0,0.03836703408143923,0.0
26008,6269,42,spearman,15,1,0.5,,True,False,True,0.0,97,0.0016909072583075613,0.00225409516133368,nan,nan,0.0,0.03549918079853693,0.0
26008,6269,42,spearman,15,1,0.5,,True,False,True,0.0,98,0.0017165353180774087,0.0021206384990364313,nan,nan,0.0,0.03998109068217152,0.0
26008,6269,42,spearman,15,1,0.5,,True,False,True,0.0,99,0.0016674378836926604,0.0022749099880456924,nan,nan,0.0,0.03578689862369906,0.0
26008,6269,42,spearman,15,1,0.5,,True,False,True,0.0,100,0.00170293974640247,0.0021033671218901873,nan,nan,0.0,0.041060416629765985,0.0
26008,6269,42,spearman,15,1,0.5,,True,False,True,0.0,101,0.0016561523287756635,0.0022763542365282774,nan,nan,0.0,0.037012583501705824,0.0
26008,6269,42,spearman,15,1,0.5,,True,False,True,0.0,102,0.0016934772429522127,0.0020950271282345057,nan,nan,0.0,0.04314778185516223,0.0
26008,6269,42,spearman,15,1,0.5,,True,False,True,0.0,103,0.0016575503395870328,0.0023085777647793293,nan,nan,0.0,0.039317137957100345,0.0
26008,6269,42,spearman,15,1,0.5,,True,False,True,0.0,104,0.001699535658449999,0.0020739601459354162,nan,nan,0.0,0.04609856772922043,0.0
26008,6269,42,spearman,15,1,0.5,,True,False,True,0.0,105,0.0016533466488389032,0.0023352198768407106,nan,nan,0.0,0.04119860635215454,0.0
26008,6269,42,spearman,15,1,0.5,,True,False,True,0.0,106,0.0017185539057079171,0.002037453930824995,nan,nan,0.0,0.05024647480870591,0.0
26008,6269,42,spearman,15,1,0.5,,True,False,True,0.0,107,0.0017102518135548703,0.002361765131354332,nan,nan,0.0,0.046209890661112515,0.0
26008,6269,42,spearman,15,1,0.5,,True,False,True,0.0,108,0.001746272065377395,0.0020386141259223223,nan,nan,0.0,0.053317989700814375,0.0
26008,6269,42,spearman,15,1,0.5,,True,False,True,0.0,109,0.0017218333876891328,0.0023816602770239115,nan,nan,0.0,0.04783540195090071,0.0
26008,6269,42,spearman,15,1,0.5,,True,False,True,0.0,110,0.001749059314274096,0.0020269863307476044,nan,nan,0.0,0.05554244614202888,0.0
26008,6269,42,spearman,15,1,0.5,,True,False,True,0.0,111,0.0017421287733928434,0.002387027721852064,nan,nan,0.0,0.05031128952390145,0.0
