item_id,store_id,seed,metric,window_size,step_size,threshold,percentile,enable_edges,enable_second_degree,ablate_z,node_feature_mode,rmse,mae,bias,r2_score,pocid,train_time_s,inference_time_s
545598,6269,42,N/A,N/A,N/A,,,N/A,N/A,baseline,N/A,8.715831821357948,6.776658363591611,1.0060826469870174,6.3036011633236315,0.631578947368421,9.62,0.1620
545598,6269,42,spearman,30,1,0.7,,True,False,True,catch24,8.716564249259578,6.912297491933785,2.4545157688115937,6.699985439816134,0.618421052631579,35.43,0.1501
545598,6269,42,spearman,30,1,0.7,,True,False,False,catch24,9.053734836770792,6.816396950117124,-2.39805993223502,6.830481638973431,0.5723684210526315,55.82,0.2920
545598,6269,42,spearman,30,1,0.7,,True,False,False,stats,8.763407421364827,6.751893118316052,1.5459653505312851,6.456168327894248,0.5921052631578947,58.26,0.2660
545598,6269,42,spearman,30,1,0.7,,True,False,False,raw,11.950956996663042,9.140701443541284,-7.745655193827511,10.197067657673719,0.4934210526315789,56.53,0.2765
545598,6269,1000,N/A,N/A,N/A,,,N/A,N/A,baseline,N/A,8.840558269386685,6.838716874714771,1.6307607476228203,6.53764854027774,0.5986842105263158,9.20,0.1400
545598,6269,1000,spearman,30,1,0.7,,True,False,True,catch24,9.012743698017825,7.216662226159588,2.776763866150301,7.004728372086385,0.6381578947368421,39.87,0.1500
545598,6269,1000,spearman,30,1,0.7,,True,False,False,catch24,9.826129567734847,7.348181920893052,-3.9538892079022974,7.738582566066261,0.5263157894736842,56.47,0.3050
545598,6269,1000,spearman,30,1,0.7,,True,False,False,stats,8.904157673073762,6.9619324067059685,2.085497681611504,6.713936358616249,0.5921052631578947,58.78,0.3151
545598,6269,1000,spearman,30,1,0.7,,True,False,False,raw,9.006556568010776,6.742207626891292,-1.7823966094870973,6.634429343099986,0.5328947368421053,56.36,0.3140
545598,6269,26008,N/A,N/A,N/A,,,N/A,N/A,baseline,N/A,8.95532971534934,6.9922286388920805,2.2773944131689134,6.795070620689918,0.5986842105263158,9.21,0.1440
545598,6269,26008,spearman,30,1,0.7,,True,False,True,catch24,8.780165061314152,6.803383895774293,1.4333774466919744,6.449272866273643,0.5855263157894737,36.35,0.1240
545598,6269,26008,spearman,30,1,0.7,,True,False,False,catch24,9.341990947278545,7.108169755125357,-1.3664156595865886,6.789641827317259,0.4473684210526316,55.14,0.3150
545598,6269,26008,spearman,30,1,0.7,,True,False,False,stats,9.962679791755312,7.4917482176637336,-3.763124933429793,7.7950581836510375,0.375,56.54,0.2620
545598,6269,26008,spearman,30,1,0.7,,True,False,False,raw,9.305318954266676,7.537684795903225,3.1546480016770704,7.325742676528412,0.5197368421052632,56.58,0.3110
545598,6269,555555,N/A,N/A,N/A,,,N/A,N/A,baseline,N/A,9.39051938473813,7.561683779448465,3.4330955704832387,7.443954529851991,0.5986842105263158,9.06,0.1520
545598,6269,555555,spearman,30,1,0.7,,True,False,True,catch24,9.225063248836516,7.337380297043744,2.6917588165382935,7.119816402813767,0.5986842105263158,36.52,0.1310
545598,6269,555555,spearman,30,1,0.7,,True,False,False,catch24,9.37767152733404,7.585552707996244,3.203034463271596,7.38598255648398,0.5723684210526315,55.66,0.3150
545598,6269,555555,spearman,30,1,0.7,,True,False,False,stats,8.69522923996942,6.502701609742408,-0.38853855382383257,6.070424660876269,0.618421052631579,56.41,0.2790
545598,6269,555555,spearman,30,1,0.7,,True,False,False,raw,9.265989526746111,7.558889756794849,3.4573989132650538,7.387066930888031,0.5263157894736842,55.61,0.2830
545598,6269,213626,N/A,N/A,N/A,,,N/A,N/A,baseline,N/A,8.927575324677573,6.90996019201341,1.8775609583636514,6.660667949933052,0.6052631578947368,9.17,0.1310
545598,6269,213626,spearman,30,1,0.7,,True,False,True,catch24,9.081067098511141,7.127461103052875,2.8355587105345883,7.031288502652436,0.618421052631579,36.98,0.1440
545598,6269,213626,spearman,30,1,0.7,,True,False,False,catch24,9.316924942591971,7.490527539471396,3.0263695748023736,7.287686749864427,0.6052631578947368,56.30,0.2990
545598,6269,213626,spearman,30,1,0.7,,True,False,False,stats,11.458398725671723,8.586443196714313,-6.973943778891969,9.619296106737432,0.5,54.62,0.2860
545598,6269,213626,spearman,30,1,0.7,,True,False,False,raw,8.979701095666547,6.801330310846466,-0.8914419248992321,6.4130436067696985,0.5526315789473685,57.12,0.2690
545598,6269,907969,N/A,N/A,N/A,,,N/A,N/A,baseline,N/A,8.71000546929024,6.789067031511294,1.592120494717866,6.450299616202409,0.5921052631578947,9.25,0.1345
545598,6269,907969,spearman,30,1,0.7,,True,False,True,catch24,9.325374409628438,7.532562997606066,3.5768859776016932,7.440049448616159,0.5921052631578947,36.13,0.1440
545598,6269,907969,spearman,30,1,0.7,,True,False,False,catch24,8.939006537527204,7.009088703230316,2.219690971125185,6.776698187352477,0.6118421052631579,57.40,0.3070
545598,6269,907969,spearman,30,1,0.7,,True,False,False,stats,12.273958362327766,9.401649534312728,-8.09801451365153,10.511895193154947,0.5263157894736842,54.86,0.2940
545598,6269,907969,spearman,30,1,0.7,,True,False,False,raw,9.634071729602521,7.197079857969595,-3.6593171100990447,7.531135106818421,0.5328947368421053,55.48,0.3110
545598,6269,5219788,N/A,N/A,N/A,,,N/A,N/A,baseline,N/A,8.506298653687756,6.386388395346847,-0.7671166058459313,6.041525577142072,0.618421052631579,9.62,0.1623
545598,6269,5219788,spearman,30,1,0.7,,True,False,True,catch24,9.225212278824152,6.910460412891862,-1.9929218385733811,6.838451702278387,0.5921052631578947,36.57,0.1480
545598,6269,5219788,spearman,30,1,0.7,,True,False,False,catch24,8.919124593968892,7.024504923353009,2.2507582957448524,6.778378101758911,0.5921052631578947,56.92,0.3004
545598,6269,5219788,spearman,30,1,0.7,,True,False,False,stats,8.734231067712734,6.797411407520569,0.9913738911447961,6.314311858522709,0.5657894736842105,55.49,0.2920
545598,6269,5219788,spearman,30,1,0.7,,True,False,False,raw,8.781061910512523,6.70914510963789,0.7076445997150895,6.244728382594507,0.5855263157894737,55.97,0.2640
545598,6269,13451285,N/A,N/A,N/A,,,N/A,N/A,baseline,N/A,8.873563224772981,6.904155182682611,1.4497696122312858,6.525262811114965,0.5657894736842105,9.78,0.1420
545598,6269,13451285,spearman,30,1,0.7,,True,False,True,catch24,8.97836575529481,7.100740700765373,1.0262817868999405,6.520938499563733,0.5723684210526315,36.60,0.1190
545598,6269,13451285,spearman,30,1,0.7,,True,False,False,catch24,9.862401112190101,7.429552698447035,-4.420904062931834,7.893814746439768,0.5592105263157895,54.80,0.2930
545598,6269,13451285,spearman,30,1,0.7,,True,False,False,stats,8.917409536999603,6.884588179245494,1.6789383857078801,6.599586409738145,0.5921052631578947,64.41,0.2630
545598,6269,13451285,spearman,30,1,0.7,,True,False,False,raw,8.738471770338457,6.803161876653534,0.9119786468206668,6.2980210160377785,0.5394736842105263,56.82,0.2910
545598,6269,23616558,N/A,N/A,N/A,,,N/A,N/A,baseline,N/A,8.788407330207404,6.757085912367877,1.2416178510079976,6.393879605947671,0.5855263157894737,9.05,0.1610
545598,6269,23616558,spearman,30,1,0.7,,True,False,True,catch24,9.280178127331961,7.369232857149411,2.3992358375998104,7.082206237353287,0.5789473684210527,35.96,0.1414
545598,6269,23616558,spearman,30,1,0.7,,True,False,False,catch24,8.782709482766393,6.858835469663533,2.1326594633214615,6.639228474629444,0.618421052631579,58.91,0.3160
545598,6269,23616558,spearman,30,1,0.7,,True,False,False,stats,8.793900891880194,6.648127449883355,0.33989666957481235,6.1439564758046386,0.618421052631579,62.74,0.2740
545598,6269,23616558,spearman,30,1,0.7,,True,False,False,raw,10.141415282076302,7.448101900761424,-4.721852604859794,8.113196267443456,0.506578947368421,55.45,0.2950
545598,6269,618626816,N/A,N/A,N/A,,,N/A,N/A,baseline,N/A,8.618842393339627,6.702532462824404,1.101816002839531,6.260508313085797,0.6052631578947368,9.83,0.1410
545598,6269,618626816,spearman,30,1,0.7,,True,False,True,catch24,9.17905612435241,6.828538851021162,-2.195402887132433,6.845513496714604,0.5789473684210527,35.93,0.1488
545598,6269,618626816,spearman,30,1,0.7,,True,False,False,catch24,9.297771046821326,7.35024416057113,3.431661019917407,7.344361818532797,0.6381578947368421,61.51,0.3180
545598,6269,618626816,spearman,30,1,0.7,,True,False,False,stats,9.23148354738269,7.458130549761205,3.5064339793585484,7.356882905971283,0.6118421052631579,58.84,0.2930
545598,6269,618626816,spearman,30,1,0.7,,True,False,False,raw,8.7843927123149,6.660310259052351,-1.1368092430962458,6.3414762316946,0.5789473684210527,55.98,0.2800
545597,6269,42,N/A,N/A,N/A,,,N/A,N/A,baseline,N/A,11.09100214966768,8.537759243273268,-1.71173167540357,8.10787380450305,0.48026315789473684,10.28,0.1400
545597,6269,42,spearman,30,1,0.7,,True,False,True,catch24,10.674929351213157,8.27431828679602,-1.0782282555025386,7.675601311181218,0.48026315789473684,40.77,0.1581
545597,6269,42,spearman,30,1,0.7,,True,False,False,catch24,11.569024475547163,8.53361885921628,-4.653355530664032,9.08125583524366,0.4934210526315789,72.02,0.3140
545597,6269,42,spearman,30,1,0.7,,True,False,False,stats,15.90418430167467,12.350016342658623,-12.20249350437152,14.09021961259487,0.5197368421052632,54.05,0.2950
545597,6269,42,spearman,30,1,0.7,,True,False,False,raw,15.936437916484625,12.383494596952707,-12.07238354529041,14.082188493803091,0.39473684210526316,53.93,0.2770
545597,6269,1000,N/A,N/A,N/A,,,N/A,N/A,baseline,N/A,11.332921947803614,8.585134653971085,-2.461298458424269,8.428069252000645,0.48026315789473684,11.79,0.1664
545597,6269,1000,spearman,30,1,0.7,,True,False,True,catch24,11.035587958743319,8.382929960107491,-3.46148785968232,8.478898434319113,0.4868421052631579,43.83,0.1600
545597,6269,1000,spearman,30,1,0.7,,True,False,False,catch24,11.772133720763073,8.675939076087055,-5.203055702003778,9.355815554904245,0.4934210526315789,71.86,0.2965
545597,6269,1000,spearman,30,1,0.7,,True,False,False,stats,12.415185556985858,9.09803053415289,-6.491161046951425,10.104890673769008,0.4605263157894737,66.71,0.2860
545597,6269,1000,spearman,30,1,0.7,,True,False,False,raw,10.65171312426412,7.843948878493964,-2.694300729464861,7.960418964121766,0.4407894736842105,52.97,0.2640
545597,6269,26008,N/A,N/A,N/A,,,N/A,N/A,baseline,N/A,10.947277718849115,8.335345759208685,-1.874051316793448,8.025988128425091,0.4934210526315789,10.91,0.1300
545597,6269,26008,spearman,30,1,0.7,,True,False,True,catch24,11.282640309208746,8.523712513103984,-3.550693078368318,8.659921552472449,0.5,43.25,0.1420
545597,6269,26008,spearman,30,1,0.7,,True,False,False,catch24,10.585088293138416,8.15537631901261,-1.678048305262148,7.7509003026378975,0.4473684210526316,64.02,0.3070
545597,6269,26008,spearman,30,1,0.7,,True,False,False,stats,12.664717340223259,9.420272067968362,-6.759005848391383,10.377178149201566,0.47368421052631576,70.04,0.2600
545597,6269,26008,spearman,30,1,0.7,,True,False,False,raw,15.457947828439497,11.773150501492756,-11.478518332726036,13.541891122774448,0.45394736842105265,51.95,0.2410
545597,6269,555555,N/A,N/A,N/A,,,N/A,N/A,baseline,N/A,11.338135331272188,8.747874128078324,-0.669019938099618,8.023291182180579,0.4868421052631579,10.97,0.1440
545597,6269,555555,spearman,30,1,0.7,,True,False,True,catch24,10.881712510120096,8.305084802745993,-1.3855611849454492,7.863517751982909,0.506578947368421,42.28,0.1390
545597,6269,555555,spearman,30,1,0.7,,True,False,False,catch24,11.290393865099857,8.483852732415293,-4.445339963327046,8.877495106485513,0.45394736842105265,70.10,0.2943
545597,6269,555555,spearman,30,1,0.7,,True,False,False,stats,10.269439709826903,8.005378349154602,-0.1590826869790071,7.175835113946854,0.46710526315789475,52.80,0.2700
545597,6269,555555,spearman,30,1,0.7,,True,False,False,raw,16.21787659959091,12.704146219648761,-12.533330651061013,14.418307517472899,0.4276315789473684,51.40,0.2600
545597,6269,213626,N/A,N/A,N/A,,,N/A,N/A,baseline,N/A,10.928788297414853,8.463851255529066,-2.2914109572865606,8.153209701911333,0.4868421052631579,9.74,0.1549
545597,6269,213626,spearman,30,1,0.7,,True,False,True,catch24,11.451486501248093,8.620381677072812,-3.096051922810623,8.654851650594905,0.5,43.51,0.1380
545597,6269,213626,spearman,30,1,0.7,,True,False,False,catch24,11.898818550036006,8.863713947776096,-5.002884846886778,9.416058973683722,0.48026315789473684,65.09,0.2800
545597,6269,213626,spearman,30,1,0.7,,True,False,False,stats,13.477076081104086,9.884994407884436,-8.649044064135333,11.372047658556985,0.4144736842105263,51.20,0.2850
545597,6269,213626,spearman,30,1,0.7,,True,False,False,raw,10.363368075375565,7.926684423209795,-1.3730588925430198,7.506619866625987,0.4868421052631579,52.50,0.2768
545597,6269,907969,N/A,N/A,N/A,,,N/A,N/A,baseline,N/A,11.069370834406534,8.34426821291057,-1.4924103855307584,7.993855066813599,0.5,11.42,0.1340
545597,6269,907969,spearman,30,1,0.7,,True,False,True,catch24,11.078286858926093,8.404835161040811,-2.6742428572349297,8.308912934031982,0.47368421052631576,43.61,0.1560
545597,6269,907969,spearman,30,1,0.7,,True,False,False,catch24,12.380626442962035,8.83090198507496,-6.769985594780617,10.09053511644491,0.45394736842105265,52.23,0.2810
545597,6269,907969,spearman,30,1,0.7,,True,False,False,stats,15.882757820416382,12.198988342694207,-12.01792334117531,13.99560683117557,0.4407894736842105,51.34,0.2620
545597,6269,907969,spearman,30,1,0.7,,True,False,False,raw,11.441240014152884,8.15896823671129,-5.0171248647901745,9.014643282451809,0.506578947368421,51.49,0.2420
545597,6269,5219788,N/A,N/A,N/A,,,N/A,N/A,baseline,N/A,10.838459345558876,8.377908300048386,-2.0002943408839844,8.01378033301253,0.4605263157894737,10.30,0.1410
545597,6269,5219788,spearman,30,1,0.7,,True,False,True,catch24,10.95423679496127,8.35921937616822,-2.8678384392090095,8.283882851324943,0.4473684210526316,40.77,0.1420
545597,6269,5219788,spearman,30,1,0.7,,True,False,False,catch24,10.715936574573568,8.175127369126463,-1.8840257077435263,7.872756556504282,0.48026315789473684,62.52,0.3200
545597,6269,5219788,spearman,30,1,0.7,,True,False,False,stats,14.5330054192245,10.77823195280203,-10.231714724228272,12.518989378869826,0.4342105263157895,51.26,0.2520
545597,6269,5219788,spearman,30,1,0.7,,True,False,False,raw,13.099875164038536,9.504866589907728,-8.186285794170853,10.972725678038913,0.47368421052631576,51.56,0.2390
545597,6269,13451285,N/A,N/A,N/A,,,N/A,N/A,baseline,N/A,10.614976006980246,8.126446910932952,-1.8438579459595525,7.800064217713249,0.4934210526315789,10.17,0.1775
545597,6269,13451285,spearman,30,1,0.7,,True,False,True,catch24,11.06066340351837,8.440997934029772,-2.9231703234653845,8.371373766132974,0.45394736842105265,43.13,0.1360
545597,6269,13451285,spearman,30,1,0.7,,True,False,False,catch24,11.12223406784683,8.088024538326886,-4.279779303307627,8.653067994332043,0.4144736842105263,54.29,0.2950
545597,6269,13451285,spearman,30,1,0.7,,True,False,False,stats,11.747919707669046,8.711700633460401,-5.340695799565783,9.387058962091068,0.48026315789473684,68.71,0.2790
545597,6269,13451285,spearman,30,1,0.7,,True,False,False,raw,19.257425030591357,16.295284122033834,-16.29236138451333,17.77562389193247,0.48026315789473684,53.17,0.2710
545597,6269,23616558,N/A,N/A,N/A,,,N/A,N/A,baseline,N/A,11.158149718240466,8.54610365746068,-1.9205851032842998,8.195747049306478,0.4868421052631579,11.39,0.1330
545597,6269,23616558,spearman,30,1,0.7,,True,False,True,catch24,11.380145562004154,8.483104358311572,-4.092875547658384,8.834067757494566,0.506578947368421,42.00,0.1440
545597,6269,23616558,spearman,30,1,0.7,,True,False,False,catch24,12.027743952678158,8.514075270275665,-5.924408570224164,9.623492936464038,0.4473684210526316,54.00,0.3055
545597,6269,23616558,spearman,30,1,0.7,,True,False,False,stats,10.725911312470352,7.903259819629145,-3.0781867208044513,8.108317291343575,0.45394736842105265,54.13,0.2790
545597,6269,23616558,spearman,30,1,0.7,,True,False,False,raw,12.320511098764788,8.91705178045759,-6.715991468211405,10.068516361549642,0.506578947368421,53.28,0.2537
545597,6269,618626816,N/A,N/A,N/A,,,N/A,N/A,baseline,N/A,10.788438736057234,8.233798803067675,-2.0252278303009232,7.958976026370767,0.4342105263157895,9.33,0.1450
545597,6269,618626816,spearman,30,1,0.7,,True,False,True,catch24,11.195623125164747,8.079171988699171,-4.370494827725529,8.71022826668855,0.4868421052631579,36.74,0.1413
545597,6269,618626816,spearman,30,1,0.7,,True,False,False,catch24,13.691411430109582,10.041991529121898,-9.084111895436555,11.627231571194406,0.506578947368421,53.51,0.3041
545597,6269,618626816,spearman,30,1,0.7,,True,False,False,stats,11.783428477140895,8.497435298620486,-5.59535715315077,9.414912351513262,0.42105263157894735,55.07,0.2810
545597,6269,618626816,spearman,30,1,0.7,,True,False,False,raw,12.40326721315422,8.94196002311956,-6.945803006490071,10.173574363979517,0.4276315789473684,53.66,0.2670
919137,6269,42,N/A,N/A,N/A,,,N/A,N/A,baseline,N/A,17.308119712502386,12.765673621807222,4.816307407578612,13.049555113597652,0.5921052631578947,54.87,0.1430
919137,6269,42,spearman,30,1,0.7,,True,False,True,catch24,17.32894754646694,12.245494817596635,2.8668779111375997,12.442566955417028,0.5921052631578947,65.85,0.1380
919137,6269,42,spearman,30,1,0.7,,True,False,False,catch24,18.138925050178617,12.387458209118812,0.7473094603594612,12.353154442458877,0.5526315789473685,145.84,0.3320
919137,6269,42,spearman,30,1,0.7,,True,False,False,stats,20.92272100357627,14.438874201057784,6.498623717064951,15.69573498131882,0.506578947368421,105.42,0.3082
919137,6269,42,spearman,30,1,0.7,,True,False,False,raw,22.465355649315423,14.639870737113204,2.3965638353933696,15.491786467784356,0.47368421052631576,91.99,0.3260
919137,6269,1000,N/A,N/A,N/A,,,N/A,N/A,baseline,N/A,16.481823129667447,11.804002243319369,3.443575396646861,12.052805974825281,0.5592105263157895,30.44,0.1380
919137,6269,1000,spearman,30,1,0.7,,True,False,True,catch24,17.62585650300135,12.685144387039484,2.9699054792815565,12.726690718080937,0.5592105263157895,59.96,0.1320
919137,6269,1000,spearman,30,1,0.7,,True,False,False,catch24,17.531882976112207,12.12519246612499,1.3923889499863769,12.145336842083944,0.5460526315789473,162.68,0.3350
919137,6269,1000,spearman,30,1,0.7,,True,False,False,stats,19.870852743727514,13.679030624090457,5.816621393939249,14.809339376371184,0.5855263157894737,285.45,0.3360
919137,6269,1000,spearman,30,1,0.7,,True,False,False,raw,22.182798641416372,14.907930548674141,3.9931537029789945,15.816670383621469,0.47368421052631576,89.01,0.2840
919137,6269,26008,N/A,N/A,N/A,,,N/A,N/A,baseline,N/A,19.697769875141063,14.326471864787582,4.951083638309654,14.66827381334484,0.6052631578947368,12.68,0.1410
919137,6269,26008,spearman,30,1,0.7,,True,False,True,catch24,17.14120341655079,12.377146963979683,3.485360949647193,12.536228686682115,0.5460526315789473,98.41,0.1560
919137,6269,26008,spearman,30,1,0.7,,True,False,False,catch24,17.86196063019291,12.904999670639537,4.496133299434886,13.281263557615063,0.5855263157894737,151.79,0.4100
919137,6269,26008,spearman,30,1,0.7,,True,False,False,stats,18.361326129614724,12.831193319333146,3.7737362618539847,13.331895460104144,0.5723684210526315,213.16,0.3658
919137,6269,26008,spearman,30,1,0.7,,True,False,False,raw,23.354597316193885,16.537154752444597,7.251315621768727,17.624416251650274,0.5131578947368421,111.65,0.3770
919137,6269,555555,N/A,N/A,N/A,,,N/A,N/A,baseline,N/A,17.75464773425845,12.48859901365891,4.170071168662676,13.04199141270962,0.5789473684210527,24.90,0.1679
919137,6269,555555,spearman,30,1,0.7,,True,False,True,catch24,16.963735309917947,12.0761421560462,3.705881379788218,12.427373538917578,0.5921052631578947,90.97,0.1740
919137,6269,555555,spearman,30,1,0.7,,True,False,False,catch24,18.645175173554147,14.128996674531425,7.2955160639644445,14.678715771401041,0.5986842105263158,189.63,0.4070
919137,6269,555555,spearman,30,1,0.7,,True,False,False,stats,21.23044640524016,14.814132821326162,5.486914697036244,15.690485082210682,0.5657894736842105,188.84,0.3890
919137,6269,555555,spearman,30,1,0.7,,True,False,False,raw,24.820855326076657,16.166042477476832,4.776008082371132,17.64594030300032,0.4868421052631579,115.02,0.3644
919137,6269,213626,N/A,N/A,N/A,,,N/A,N/A,baseline,N/A,16.803201225461727,12.13142553887336,3.4228113640367597,12.290159838458393,0.5921052631578947,25.65,0.1690
919137,6269,213626,spearman,30,1,0.7,,True,False,True,catch24,17.35059746545765,12.78441167345234,4.53312046075958,13.004681766281806,0.5723684210526315,85.67,0.1720
919137,6269,213626,spearman,30,1,0.7,,True,False,False,catch24,15.612163334571473,11.417992164886076,1.467358349195493,11.02741929580613,0.5855263157894737,168.63,0.4095
919137,6269,213626,spearman,30,1,0.7,,True,False,False,stats,19.929576688697168,14.266086597068638,6.596450188580682,15.180422540760913,0.5723684210526315,241.55,0.3580
919137,6269,213626,spearman,30,1,0.7,,True,False,False,raw,22.62754710662866,15.040082220937691,3.8159709880554598,16.027786855562617,0.5,110.22,0.3750
919137,6269,907969,N/A,N/A,N/A,,,N/A,N/A,baseline,N/A,17.63843104526532,13.031841496236963,4.58045668383829,13.222290067651475,0.5592105263157895,19.45,0.1670
919137,6269,907969,spearman,30,1,0.7,,True,False,True,catch24,17.647914613281163,13.315565558040843,6.165841557621177,13.694309085556087,0.618421052631579,92.30,0.1748
919137,6269,907969,spearman,30,1,0.7,,True,False,False,catch24,19.556790057284868,12.879377846624337,-2.2654992599113313,13.56461430527635,0.5723684210526315,177.58,0.4120
919137,6269,907969,spearman,30,1,0.7,,True,False,False,stats,20.780350582618055,15.036015286165124,7.0405548257765425,15.909317819294444,0.5657894736842105,187.22,0.3750
919137,6269,907969,spearman,30,1,0.7,,True,False,False,raw,22.448052207225956,15.060391220391965,2.559794382332197,15.629072504294019,0.5328947368421053,111.02,0.3640
919137,6269,5219788,N/A,N/A,N/A,,,N/A,N/A,baseline,N/A,19.363857636944584,14.079548664342344,4.551366466322755,14.339657601138567,0.625,14.67,0.1690
919137,6269,5219788,spearman,30,1,0.7,,True,False,True,catch24,17.33977561376234,11.764855420277788,1.1112186125680512,11.88890631509263,0.5723684210526315,89.66,0.1730
919137,6269,5219788,spearman,30,1,0.7,,True,False,False,catch24,18.08537195433354,13.310765618592306,5.34964000165852,13.707787382229476,0.6052631578947368,167.02,0.4177
919137,6269,5219788,spearman,30,1,0.7,,True,False,False,stats,20.15221416745475,14.314024928348516,6.191636481316261,15.20252243614357,0.5394736842105263,186.77,0.3900
919137,6269,5219788,spearman,30,1,0.7,,True,False,False,raw,21.843844364737855,14.896960975297915,3.896308537402184,15.620239560543952,0.5592105263157895,112.65,0.3780
919137,6269,13451285,N/A,N/A,N/A,,,N/A,N/A,baseline,N/A,17.165776610098373,13.08717511370291,6.413336442186941,13.45801619402165,0.5986842105263158,35.62,0.1790
919137,6269,13451285,spearman,30,1,0.7,,True,False,True,catch24,16.967336313922164,12.542808077693765,4.673028628031413,12.787627333392376,0.6052631578947368,77.80,0.1740
919137,6269,13451285,spearman,30,1,0.7,,True,False,False,catch24,18.190779444556295,13.427806888530457,4.252487971112619,13.515463437188917,0.6118421052631579,136.84,0.4240
919137,6269,13451285,spearman,30,1,0.7,,True,False,False,stats,19.910683792189133,13.742350098354365,4.959048638935962,14.630691580417148,0.5197368421052632,335.59,0.3810
919137,6269,13451285,spearman,30,1,0.7,,True,False,False,raw,24.235997473893832,16.85412502912135,7.125052009532654,18.112792996610416,0.5,120.86,0.3866
919137,6269,23616558,N/A,N/A,N/A,,,N/A,N/A,baseline,N/A,17.056617949675648,12.727275779823852,4.878328653722027,12.929710083224295,0.5526315789473685,38.81,0.1410
919137,6269,23616558,spearman,30,1,0.7,,True,False,True,catch24,17.61766023756686,11.90789121116688,1.1487263012555688,12.072984496889044,0.5592105263157895,71.40,0.1249
919137,6269,23616558,spearman,30,1,0.7,,True,False,False,catch24,17.371970185406603,11.482576089746813,0.9569103328231113,11.795856698345784,0.5723684210526315,134.31,0.3290
919137,6269,23616558,spearman,30,1,0.7,,True,False,False,stats,18.447335542811963,12.792879260443394,4.589491881576239,13.569260556910889,0.5526315789473685,233.76,0.3240
919137,6269,23616558,spearman,30,1,0.7,,True,False,False,raw,24.486331962149265,16.208409589879654,5.40908660140692,17.647540028896277,0.5,103.32,0.3280
919137,6269,618626816,N/A,N/A,N/A,,,N/A,N/A,baseline,N/A,18.54955558714388,13.900935833750207,6.686845149869233,14.4217230394768,0.5723684210526315,14.29,0.1420
919137,6269,618626816,spearman,30,1,0.7,,True,False,True,catch24,16.94702889138661,12.113295654845393,3.2462690328460893,12.313405617616175,0.5723684210526315,77.06,0.1290
919137,6269,618626816,spearman,30,1,0.7,,True,False,False,catch24,18.87081409013727,14.031890343217288,6.732808453584808,14.62658174426916,0.6052631578947368,135.85,0.3630
919137,6269,618626816,spearman,30,1,0.7,,True,False,False,stats,20.158252527361064,13.402484912498325,2.986061102424572,14.176262767411256,0.5789473684210527,141.89,0.3010
919137,6269,618626816,spearman,30,1,0.7,,True,False,False,raw,22.985132907899008,15.848417543897442,5.478907840703827,16.82439780009982,0.5263157894736842,98.07,0.2960
936693,6269,42,N/A,N/A,N/A,,,N/A,N/A,baseline,N/A,7.03359285544032,5.610513176793367,1.89646894246145,5.393541957533864,0.4407894736842105,16.91,0.1200
936693,6269,42,spearman,30,1,0.7,,True,False,True,catch24,7.079012299856238,5.741846365087173,2.434309236364427,5.583545050291019,0.46710526315789475,56.66,0.1310
936693,6269,42,spearman,30,1,0.7,,True,False,False,catch24,6.5544964595985835,5.247765784170113,2.659316193823721,5.25401872429775,0.4473684210526316,58.24,0.2870
936693,6269,42,spearman,30,1,0.7,,True,False,False,stats,6.18678718771001,4.957243165159537,1.5114358016868044,4.71056333556659,0.47368421052631576,59.30,0.2950
936693,6269,42,spearman,30,1,0.7,,True,False,False,raw,6.6045325414867,5.2600335264517595,2.2868105071822025,5.188977279151841,0.48026315789473684,58.10,0.2540
936693,6269,1000,N/A,N/A,N/A,,,N/A,N/A,baseline,N/A,7.04234712469253,5.616659589842254,1.6698359710718291,5.3427974525747866,0.4473684210526316,16.58,0.1440
936693,6269,1000,spearman,30,1,0.7,,True,False,True,catch24,6.965219301395261,5.599346441381118,2.2150203168781752,5.436201340262453,0.47368421052631576,57.93,0.1530
936693,6269,1000,spearman,30,1,0.7,,True,False,False,catch24,6.146076559162942,4.86286321652481,1.5702635945837482,4.681319982358611,0.4868421052631579,59.94,0.2940
936693,6269,1000,spearman,30,1,0.7,,True,False,False,stats,6.288295494797573,5.031419417437385,1.6852384081073837,4.823312203784979,0.46710526315789475,58.30,0.3090
936693,6269,1000,spearman,30,1,0.7,,True,False,False,raw,6.573370325916492,5.362278695200004,2.7339770871829363,5.310749108553981,0.5263157894736842,58.54,0.2590
936693,6269,26008,N/A,N/A,N/A,,,N/A,N/A,baseline,N/A,6.5737667502545625,5.275887489318848,1.8702336292640835,5.073413654773015,0.47368421052631576,12.50,0.1680
936693,6269,26008,spearman,30,1,0.7,,True,False,True,catch24,7.978537457178728,6.5472878256654425,4.133121780320709,6.659371130085902,0.48026315789473684,63.16,0.1290
936693,6269,26008,spearman,30,1,0.7,,True,False,False,catch24,6.519621103805567,5.2111638137717655,2.4555491029826646,5.1764887810913915,0.48026315789473684,58.86,0.2720
936693,6269,26008,spearman,30,1,0.7,,True,False,False,stats,6.0161172071264994,4.7812589508256105,0.6119244644065308,4.356354457371285,0.46710526315789475,59.20,0.3074
936693,6269,26008,spearman,30,1,0.7,,True,False,False,raw,6.743559379456548,5.437084447324666,2.9498765733506946,5.468519944897114,0.39473684210526316,57.72,0.2320
936693,6269,555555,N/A,N/A,N/A,,,N/A,N/A,baseline,N/A,6.884655524837383,5.515717637305166,2.0017015918407566,5.321682569705172,0.46710526315789475,12.87,0.1600
936693,6269,555555,spearman,30,1,0.7,,True,False,True,catch24,7.655114052660645,6.251943413728203,3.839964710809047,6.3505340574646345,0.48026315789473684,57.28,0.1520
936693,6269,555555,spearman,30,1,0.7,,True,False,False,catch24,6.607380545557903,5.339799070669935,2.7283243416181575,5.320721125850975,0.47368421052631576,59.50,0.2990
936693,6269,555555,spearman,30,1,0.7,,True,False,False,stats,6.07599521878943,4.836034288593367,0.304849263110192,4.323218497320605,0.5131578947368421,61.52,0.2330
936693,6269,555555,spearman,30,1,0.7,,True,False,False,raw,6.59306367339937,5.240607779010449,2.689905665279214,5.2791601977721,0.4934210526315789,57.76,0.2720
936693,6269,213626,N/A,N/A,N/A,,,N/A,N/A,baseline,N/A,7.053268989502417,5.632663041548012,2.120848450395796,5.465012367737161,0.4605263157894737,15.62,0.1280
936693,6269,213626,spearman,30,1,0.7,,True,False,True,catch24,7.59638087793195,6.088379750843921,2.9773244764290605,6.064616495784221,0.4605263157894737,69.56,0.1250
936693,6269,213626,spearman,30,1,0.7,,True,False,False,catch24,6.969589404091882,5.501702420851764,1.2692588544359393,5.177535020867866,0.4605263157894737,120.65,0.2810
936693,6269,213626,spearman,30,1,0.7,,True,False,False,stats,6.25401337148384,5.004887711768057,1.4567624385060827,4.7424192233104545,0.48026315789473684,68.04,0.2689
936693,6269,213626,spearman,30,1,0.7,,True,False,False,raw,6.762339639256911,5.5369509404001676,3.0577154346540865,5.529836413392019,0.4868421052631579,58.48,0.2530
936693,6269,907969,N/A,N/A,N/A,,,N/A,N/A,baseline,N/A,6.782452611431386,5.3031012606776615,1.1392889724058264,5.001823863986565,0.4342105263157895,16.94,0.1330
936693,6269,907969,spearman,30,1,0.7,,True,False,True,catch24,7.308229370683033,5.961411650663887,3.3956098182528627,5.993370052570703,0.4868421052631579,59.08,0.1260
936693,6269,907969,spearman,30,1,0.7,,True,False,False,catch24,6.505596220130485,5.242696649887982,2.4509420457229116,5.176207783967966,0.506578947368421,67.66,0.3638
936693,6269,907969,spearman,30,1,0.7,,True,False,False,stats,6.195364173661806,4.9207354776220384,0.8369063583074832,4.537092545813284,0.39473684210526316,62.72,0.3274
936693,6269,907969,spearman,30,1,0.7,,True,False,False,raw,6.807622533066471,5.556107440025978,2.913594638600069,5.521236786189748,0.45394736842105265,55.27,0.2810
936693,6269,5219788,N/A,N/A,N/A,,,N/A,N/A,baseline,N/A,7.084150986616567,5.569143149587843,1.7577854768902648,5.373807649927811,0.45394736842105265,15.94,0.1400
936693,6269,5219788,spearman,30,1,0.7,,True,False,True,catch24,7.650170799055231,6.284427175334856,4.003786130668291,6.397138726028403,0.4605263157894737,49.33,0.1440
936693,6269,5219788,spearman,30,1,0.7,,True,False,False,catch24,6.272764413011131,5.000832252253115,1.8103854609470742,4.839186634805612,0.48026315789473684,53.59,0.3180
936693,6269,5219788,spearman,30,1,0.7,,True,False,False,stats,6.089603026117578,4.87610090168473,0.882759892083461,4.484516711500836,0.42105263157894735,53.64,0.2970
936693,6269,5219788,spearman,30,1,0.7,,True,False,False,raw,6.428352541280999,5.084190829906588,0.04797965405034084,4.497218891629732,0.4934210526315789,59.41,0.2700
936693,6269,13451285,N/A,N/A,N/A,,,N/A,N/A,baseline,N/A,7.546583805829216,5.976070040970846,2.687374437556547,5.9391530225464555,0.4407894736842105,16.60,0.1539
936693,6269,13451285,spearman,30,1,0.7,,True,False,True,catch24,6.838258970277258,5.515810012817383,2.3302787955290354,5.380651687225234,0.4605263157894737,49.23,0.1500
936693,6269,13451285,spearman,30,1,0.7,,True,False,False,catch24,6.32001553978299,5.055373198066661,1.826762205635021,4.880541620816915,0.46710526315789475,54.99,0.2860
936693,6269,13451285,spearman,30,1,0.7,,True,False,False,stats,6.106606003204841,4.865017124250824,0.44001559338538476,4.379561181011473,0.4144736842105263,53.73,0.2570
936693,6269,13451285,spearman,30,1,0.7,,True,False,False,raw,6.657801708156075,5.294281479579951,0.4327545166015625,4.760659853123416,0.4473684210526316,59.35,0.2894
936693,6269,23616558,N/A,N/A,N/A,,,N/A,N/A,baseline,N/A,7.129216857173129,5.669505730173946,2.433996019799725,5.590483866079983,0.47368421052631576,17.01,0.1570
936693,6269,23616558,spearman,30,1,0.7,,True,False,True,catch24,7.428578019844669,6.051212983972886,3.052618637583614,5.9902469153114595,0.5131578947368421,70.08,0.1420
936693,6269,23616558,spearman,30,1,0.7,,True,False,False,catch24,6.1933847992729625,4.920946196013806,1.4402363471735538,4.686988035433321,0.4605263157894737,54.33,0.2800
936693,6269,23616558,spearman,30,1,0.7,,True,False,False,stats,6.098367711655064,4.876402786354613,0.46501124762242135,4.38453736432179,0.4407894736842105,55.61,0.3457
936693,6269,23616558,spearman,30,1,0.7,,True,False,False,raw,6.567686852840983,5.248969046898138,2.217562220454995,5.150476243258774,0.4342105263157895,54.57,0.2671
936693,6269,618626816,N/A,N/A,N/A,,,N/A,N/A,baseline,N/A,6.758603587045041,5.423058403862847,2.048363454980788,5.247157258233429,0.48026315789473684,12.02,0.1330
936693,6269,618626816,spearman,30,1,0.7,,True,False,True,catch24,7.77582319288519,6.42142886118172,4.352538894204533,6.581403535289158,0.47368421052631576,46.28,0.1540
936693,6269,618626816,spearman,30,1,0.7,,True,False,False,catch24,6.333999763259604,5.075544506895776,1.9538466883640664,4.924347680444763,0.5197368421052632,55.89,0.3050
936693,6269,618626816,spearman,30,1,0.7,,True,False,False,stats,6.166645921708437,4.91816334942587,0.8980835309994766,4.537384680960555,0.4605263157894737,56.85,0.2730
936693,6269,618626816,spearman,30,1,0.7,,True,False,False,raw,5.937970432609611,4.662877762239743,0.14561942356084687,4.171109512754954,0.5131578947368421,53.74,0.2540
213642,6269,42,N/A,N/A,N/A,,,N/A,N/A,baseline,N/A,12.229771072496364,9.113633584352879,3.1380358318877377,9.177802890308335,0.506578947368421,15.94,0.1610
213642,6269,42,spearman,30,1,0.7,,True,False,True,catch24,12.166696244574247,9.231483042629716,2.5589943360659033,9.030967466961028,0.5,87.08,0.1250
213642,6269,42,spearman,30,1,0.7,,True,False,False,catch24,11.701765360224819,8.907639858769436,3.629007962794086,8.98504463550329,0.5394736842105263,138.38,0.3350
213642,6269,42,spearman,30,1,0.7,,True,False,False,stats,10.457092665043282,7.976417790830525,1.850920334360958,7.685380863819511,0.4934210526315789,71.43,0.3030
213642,6269,42,spearman,30,1,0.7,,True,False,False,raw,10.189182011181515,7.991104873956418,1.0031143138611238,7.343145802545143,0.4276315789473684,65.69,0.3140
213642,6269,1000,N/A,N/A,N/A,,,N/A,N/A,baseline,N/A,12.15426708634103,9.334273124052809,2.5363382662043854,9.044786390734814,0.5131578947368421,19.45,0.1500
213642,6269,1000,spearman,30,1,0.7,,True,False,True,catch24,12.264480394716731,9.36693541150467,1.7450938448796864,8.910247511454454,0.5,91.94,0.1300
213642,6269,1000,spearman,30,1,0.7,,True,False,False,catch24,11.132898974881428,8.813125747481203,3.460165896446876,8.634772398422733,0.5855263157894737,148.60,0.2820
213642,6269,1000,spearman,30,1,0.7,,True,False,False,stats,9.976361633313894,7.791949727176841,0.7366517260183696,7.12033117995575,0.4473684210526316,67.91,0.3070
213642,6269,1000,spearman,30,1,0.7,,True,False,False,raw,10.340863233924471,8.160181818444745,-0.3929929920271331,7.308725319580205,0.47368421052631576,64.50,0.2890
213642,6269,26008,N/A,N/A,N/A,,,N/A,N/A,baseline,N/A,11.929150648307338,9.180355758059259,0.9033169088020824,8.485493490869004,0.5197368421052632,23.26,0.1320
213642,6269,26008,spearman,30,1,0.7,,True,False,True,catch24,11.522808385654715,8.794184876423255,0.4297272317549762,8.067382219871915,0.5,90.17,0.1190
213642,6269,26008,spearman,30,1,0.7,,True,False,False,catch24,11.965162551810364,9.31111194884855,5.138309428894442,9.594936620340931,0.4934210526315789,78.67,0.3300
213642,6269,26008,spearman,30,1,0.7,,True,False,False,stats,11.021225275420122,8.543453665340648,4.674463957742928,8.815092043480956,0.5263157894736842,95.70,0.2800
213642,6269,26008,spearman,30,1,0.7,,True,False,False,raw,10.19317446698237,7.913562762191872,1.6544770758136425,7.488597192992564,0.46710526315789475,66.35,0.2760
213642,6269,555555,N/A,N/A,N/A,,,N/A,N/A,baseline,N/A,12.439652886991087,9.364301770341163,1.2602691260817784,8.87596916760128,0.5131578947368421,21.86,0.1360
213642,6269,555555,spearman,30,1,0.7,,True,False,True,catch24,12.09181594859312,9.066049570156858,0.7239671152791166,8.493412145655553,0.5131578947368421,96.17,0.1530
213642,6269,555555,spearman,30,1,0.7,,True,False,False,catch24,10.861639117530203,8.346756074942794,2.158249456118914,8.05707094153053,0.5723684210526315,108.21,0.3390
213642,6269,555555,spearman,30,1,0.7,,True,False,False,stats,10.469384213163575,7.877753762637868,1.718973396650327,7.633873896403836,0.4934210526315789,81.50,0.3100
213642,6269,555555,spearman,30,1,0.7,,True,False,False,raw,10.366307482921409,7.801136877022538,2.5092012118669897,7.760738263683087,0.4276315789473684,71.00,0.2840
213642,6269,213626,N/A,N/A,N/A,,,N/A,N/A,baseline,N/A,11.857003028946737,9.124793537301954,1.357928664076562,8.549182064817996,0.506578947368421,14.88,0.1410
213642,6269,213626,spearman,30,1,0.7,,True,False,True,catch24,11.737786189000609,9.006407911481421,1.4618631694831101,8.485960864741436,0.48026315789473684,115.96,0.1200
213642,6269,213626,spearman,30,1,0.7,,True,False,False,catch24,11.688147998665006,8.698733155244316,2.7548331902697196,8.707465585711013,0.5328947368421053,124.50,0.3130
213642,6269,213626,spearman,30,1,0.7,,True,False,False,stats,11.393312257886775,8.87615994222803,3.549725152308645,8.803127402577557,0.5328947368421053,106.81,0.2650
213642,6269,213626,spearman,30,1,0.7,,True,False,False,raw,10.326615514821901,7.9728459875568065,1.686338262620315,7.57810381995523,0.5328947368421053,68.34,0.2930
213642,6269,907969,N/A,N/A,N/A,,,N/A,N/A,baseline,N/A,11.624868109932674,8.867745770348442,1.4167288456087799,8.383552708955643,0.5131578947368421,17.98,0.1440
213642,6269,907969,spearman,30,1,0.7,,True,False,True,catch24,11.876066309031579,8.936598131080078,2.245062365251429,8.733448278598665,0.5460526315789473,68.41,0.1683
213642,6269,907969,spearman,30,1,0.7,,True,False,False,catch24,11.426429238676429,8.65874134637172,3.89946387795841,8.852765925420746,0.5789473684210527,102.34,0.3281
213642,6269,907969,spearman,30,1,0.7,,True,False,False,stats,11.053511766191397,8.599124808716619,4.204412971446716,8.727640328136532,0.5197368421052632,105.57,0.3170
213642,6269,907969,spearman,30,1,0.7,,True,False,False,raw,10.29308658513154,7.938595591027752,1.9799292321298636,7.626174498355174,0.4605263157894737,66.14,0.3060
213642,6269,5219788,N/A,N/A,N/A,,,N/A,N/A,baseline,N/A,12.165333449629149,9.150491030387629,1.8848225696414125,8.841495124821835,0.4934210526315789,32.07,0.1440
213642,6269,5219788,spearman,30,1,0.7,,True,False,True,catch24,11.319360791208572,8.721955565845265,-1.144485602970996,8.126290687808352,0.5131578947368421,71.24,0.1300
213642,6269,5219788,spearman,30,1,0.7,,True,False,False,catch24,11.709259111725169,9.091688299490736,2.33635226106332,8.711639696001098,0.5263157894736842,183.47,0.3710
213642,6269,5219788,spearman,30,1,0.7,,True,False,False,stats,10.358850198762267,8.055165396796333,1.8468507130940754,7.654929126853736,0.5,84.88,0.3670
213642,6269,5219788,spearman,30,1,0.7,,True,False,False,raw,10.431334110823437,7.944327398063311,2.308430727790384,7.7788565868751425,0.48026315789473684,80.34,0.2940
213642,6269,13451285,N/A,N/A,N/A,,,N/A,N/A,baseline,N/A,11.998350496021171,9.027515671416825,0.7376918560928769,8.440477129888013,0.5197368421052632,24.45,0.1670
213642,6269,13451285,spearman,30,1,0.7,,True,False,True,catch24,11.44673809430821,8.730309698316786,0.9439880957011304,8.141943495658584,0.4868421052631579,75.73,0.1750
213642,6269,13451285,spearman,30,1,0.7,,True,False,False,catch24,10.41083801147372,7.84735815509472,1.2120388754053053,7.4702682633618664,0.4934210526315789,87.26,0.3570
213642,6269,13451285,spearman,30,1,0.7,,True,False,False,stats,10.645930286045893,8.159256804223155,3.2401283363890805,8.172811428176004,0.506578947368421,87.75,0.2930
213642,6269,13451285,spearman,30,1,0.7,,True,False,False,raw,10.626091446802238,8.157066974764556,-0.02892403820760889,7.35954347664416,0.4605263157894737,74.63,0.3120
213642,6269,23616558,N/A,N/A,N/A,,,N/A,N/A,baseline,N/A,12.348908783650492,9.265648132835338,1.5945105131934671,8.889494053332449,0.5,29.21,0.1400
213642,6269,23616558,spearman,30,1,0.7,,True,False,True,catch24,11.988414736241754,9.079437120677598,2.0630477187680265,8.779828577982283,0.47368421052631576,103.68,0.1460
213642,6269,23616558,spearman,30,1,0.7,,True,False,False,catch24,11.365405757007759,8.800569814794203,2.246169077804665,8.444387601653597,0.5592105263157895,164.60,0.3290
213642,6269,23616558,spearman,30,1,0.7,,True,False,False,stats,10.729267823682804,8.12136097826989,-0.35277684529622394,7.48316836773293,0.4342105263157895,81.33,0.3050
213642,6269,23616558,spearman,30,1,0.7,,True,False,False,raw,10.496765199096695,8.196433871400123,2.2417389614130157,7.857925807751632,0.5,68.52,0.3160
213642,6269,618626816,N/A,N/A,N/A,,,N/A,N/A,baseline,N/A,11.95891737834093,8.998889753241944,2.1021283919515175,8.75471322546883,0.5,19.43,0.1380
213642,6269,618626816,spearman,30,1,0.7,,True,False,True,catch24,11.167655958404927,8.56958030563554,1.2926451707977096,8.049384348310776,0.5394736842105263,50.61,0.1531
213642,6269,618626816,spearman,30,1,0.7,,True,False,False,catch24,13.612792228457257,10.231738464505066,6.382468460432065,10.959947845462912,0.5328947368421053,140.56,0.4820
213642,6269,618626816,spearman,30,1,0.7,,True,False,False,stats,11.0635764701949,8.354398989209942,4.201009089650672,8.670640254812604,0.4934210526315789,112.48,0.3244
213642,6269,618626816,spearman,30,1,0.7,,True,False,False,raw,10.62360053476741,8.113696927338644,1.9919925016515396,7.838222624631252,0.506578947368421,70.68,0.3500
16920,6269,42,N/A,N/A,N/A,,,N/A,N/A,baseline,N/A,9.71746288148766,7.573034062105067,1.5776632471022263,7.1464057680456525,0.5789473684210527,10.31,0.1390
16920,6269,42,spearman,30,1,0.7,,True,False,True,catch24,9.888866834845043,7.9926997914033775,2.2587835648480583,7.507304256485381,0.5394736842105263,41.48,0.1568
16920,6269,42,spearman,30,1,0.7,,True,False,False,catch24,12.324110592773872,10.611021895813787,7.94101940105164,10.800065620603293,0.6052631578947368,84.88,0.2980
16920,6269,42,spearman,30,1,0.7,,True,False,False,stats,9.683855833827955,7.657890749912636,1.8430768492954228,7.217169816715992,0.5328947368421053,68.51,0.3500
16920,6269,42,spearman,30,1,0.7,,True,False,False,raw,10.490011622322772,7.996890429577796,-1.7274811501596488,7.676098706095747,0.47368421052631576,102.33,0.3052
16920,6269,1000,N/A,N/A,N/A,,,N/A,N/A,baseline,N/A,9.969673243123763,8.210507473914452,3.3391297658284507,7.8722459314976065,0.5197368421052632,11.30,0.1650
16920,6269,1000,spearman,30,1,0.7,,True,False,True,catch24,9.72950900518048,7.694410458109737,1.773973493015065,7.231850490371441,0.5460526315789473,45.41,0.1670
16920,6269,1000,spearman,30,1,0.7,,True,False,False,catch24,11.089492172411148,8.780645566828111,1.410741005068511,8.09259272917973,0.5723684210526315,68.15,0.2970
16920,6269,1000,spearman,30,1,0.7,,True,False,False,stats,14.270253387762821,12.317624085868886,9.694949393178902,12.638270063643358,0.5592105263157895,76.08,0.3029
16920,6269,1000,spearman,30,1,0.7,,True,False,False,raw,10.393217017905588,8.111963808146957,1.8891454833784913,7.696885831834156,0.5592105263157895,67.67,0.2994
16920,6269,26008,N/A,N/A,N/A,,,N/A,N/A,baseline,N/A,9.966053186321284,8.06414488250134,3.397338281269946,7.848397384103464,0.5789473684210527,10.28,0.1610
16920,6269,26008,spearman,30,1,0.7,,True,False,True,catch24,9.705971159631519,7.79082807216769,2.531557185977113,7.43358189435196,0.5592105263157895,41.86,0.1450
16920,6269,26008,spearman,30,1,0.7,,True,False,False,catch24,12.314070841165567,10.286857922871908,7.043128026077171,10.489531907820053,0.5657894736842105,65.83,0.3436
16920,6269,26008,spearman,30,1,0.7,,True,False,False,stats,13.525947180354677,11.522939974965613,8.493071094837065,11.766976357628007,0.5460526315789473,63.33,0.2700
16920,6269,26008,spearman,30,1,0.7,,True,False,False,raw,10.297919834895112,8.001487993726544,1.4535143484477124,7.512710502991119,0.5394736842105263,87.05,0.2810
16920,6269,555555,N/A,N/A,N/A,,,N/A,N/A,baseline,N/A,9.372940676134297,7.443004377527175,1.557593694699356,6.936619856123781,0.5328947368421053,9.64,0.1470
16920,6269,555555,spearman,30,1,0.7,,True,False,True,catch24,9.640528499382159,7.52124991448097,1.3139137255600075,7.029055159701324,0.5921052631578947,42.39,0.1540
16920,6269,555555,spearman,30,1,0.7,,True,False,False,catch24,10.101714130279325,7.979154200335733,2.3496873892989814,7.633067462548341,0.5592105263157895,71.90,0.3615
16920,6269,555555,spearman,30,1,0.7,,True,False,False,stats,10.502528074193625,8.561669461867389,3.1984925425909703,8.191304538211403,0.5657894736842105,71.25,0.2960
16920,6269,555555,spearman,30,1,0.7,,True,False,False,raw,10.602847958140106,7.895773772320716,0.0893235580593932,7.297698311665081,0.5,86.79,0.2840
16920,6269,213626,N/A,N/A,N/A,,,N/A,N/A,baseline,N/A,9.582086266715557,7.558059549020006,1.5542084126690634,7.069110123780046,0.5394736842105263,9.81,0.1505
16920,6269,213626,spearman,30,1,0.7,,True,False,True,catch24,9.7151517620331,7.651441530464521,1.891392134373484,7.243284297226051,0.5394736842105263,40.30,0.1490
16920,6269,213626,spearman,30,1,0.7,,True,False,False,catch24,11.295385616263271,9.463771570741741,5.357963287752439,9.353126522755181,0.5460526315789473,63.85,0.3120
16920,6269,213626,spearman,30,1,0.7,,True,False,False,stats,10.305877238520074,8.451734667509989,3.357574413025301,8.10526588939386,0.5526315789473685,65.34,0.2840
16920,6269,213626,spearman,30,1,0.7,,True,False,False,raw,10.893142065045017,9.19356185314702,5.391976163278218,9.092955536628818,0.5328947368421053,62.12,0.3170
16920,6269,907969,N/A,N/A,N/A,,,N/A,N/A,baseline,N/A,9.712967662311693,7.588111279057522,1.1620061537798714,7.044013189365194,0.5657894736842105,9.76,0.1470
16920,6269,907969,spearman,30,1,0.7,,True,False,True,catch24,10.516622785529867,8.634915875453576,4.16861335280674,8.459193699830012,0.5855263157894737,40.74,0.1290
16920,6269,907969,spearman,30,1,0.7,,True,False,False,catch24,10.134566711119417,8.151971249798544,2.5811611811319985,7.750566463292345,0.5592105263157895,65.05,0.3080
16920,6269,907969,spearman,30,1,0.7,,True,False,False,stats,10.17044575067714,8.038243879679762,2.7360410565644306,7.778794109399619,0.6052631578947368,74.63,0.2860
16920,6269,907969,spearman,30,1,0.7,,True,False,False,raw,10.135639795675221,7.65311002419665,-0.34727997873343674,7.067917398570132,0.5592105263157895,87.47,0.2790
16920,6269,5219788,N/A,N/A,N/A,,,N/A,N/A,baseline,N/A,9.515966643190792,7.358833967470655,0.020874790116852403,6.602910510992273,0.5328947368421053,10.09,0.1400
16920,6269,5219788,spearman,30,1,0.7,,True,False,True,catch24,9.742167208570233,7.8477817360871756,1.8440269644743477,7.2940357794254975,0.5526315789473685,38.56,0.1330
16920,6269,5219788,spearman,30,1,0.7,,True,False,False,catch24,9.591007427689197,7.67708161921283,2.134686544829724,7.248445754855237,0.5394736842105263,65.01,0.3295
16920,6269,5219788,spearman,30,1,0.7,,True,False,False,stats,9.286274980759483,7.416419621386559,2.368601032331878,7.089392653809351,0.5592105263157895,65.05,0.2680
16920,6269,5219788,spearman,30,1,0.7,,True,False,False,raw,10.952970598047395,8.975576338425181,4.629663666868521,8.877795300347124,0.5197368421052632,64.37,0.2720
16920,6269,13451285,N/A,N/A,N/A,,,N/A,N/A,baseline,N/A,9.553084515665134,7.353442220126881,0.29372491088568,6.688334040585707,0.625,10.61,0.1280
16920,6269,13451285,spearman,30,1,0.7,,True,False,True,catch24,9.459084858974629,7.1422269110586125,0.0012142206329146242,6.515402712410196,0.5921052631578947,40.75,0.1480
16920,6269,13451285,spearman,30,1,0.7,,True,False,False,catch24,11.454725765717683,9.31770322213765,5.094407050438177,9.330390451002799,0.6513157894736842,83.37,0.3000
16920,6269,13451285,spearman,30,1,0.7,,True,False,False,stats,10.80692265246086,8.89584603029139,4.399860724904179,8.727388015029323,0.5526315789473685,63.55,0.2470
16920,6269,13451285,spearman,30,1,0.7,,True,False,False,raw,10.264749838298929,7.903008936277402,-0.9778464962454403,7.352588777280175,0.5,68.06,0.2670
16920,6269,23616558,N/A,N/A,N/A,,,N/A,N/A,baseline,N/A,9.734809158482829,7.845360606324439,2.582961219588136,7.4744850357195585,0.5263157894736842,9.80,0.1300
16920,6269,23616558,spearman,30,1,0.7,,True,False,True,catch24,10.343298643469518,8.458885442197712,3.878348730747996,8.255957864971187,0.5789473684210527,40.18,0.1570
16920,6269,23616558,spearman,30,1,0.7,,True,False,False,catch24,9.696104226162262,7.473744118135739,0.6662765390732709,6.883057277383384,0.5986842105263158,62.84,0.3300
16920,6269,23616558,spearman,30,1,0.7,,True,False,False,stats,9.363275599764188,7.101875875510421,0.8353729840197595,6.665950014764639,0.5921052631578947,68.46,0.3079
16920,6269,23616558,spearman,30,1,0.7,,True,False,False,raw,10.818814149453727,8.062599749346964,1.176540917041255,7.719192241323918,0.4868421052631579,71.92,0.2772
16920,6269,618626816,N/A,N/A,N/A,,,N/A,N/A,baseline,N/A,10.162288503102067,8.25108654670466,3.098003069559733,7.918416655617132,0.5394736842105263,9.33,0.1480
16920,6269,618626816,spearman,30,1,0.7,,True,False,True,catch24,9.795300276997787,7.89437886157067,2.154218012990515,7.40979935713919,0.5263157894736842,37.36,0.1490
16920,6269,618626816,spearman,30,1,0.7,,True,False,False,catch24,10.09724011962619,7.998591709760279,1.7250574585659053,7.479532351894641,0.5789473684210527,67.03,0.2980
16920,6269,618626816,spearman,30,1,0.7,,True,False,False,stats,11.091659847253068,9.346674987693238,5.340668397791245,9.217665769997655,0.5526315789473685,59.40,0.2810
16920,6269,618626816,spearman,30,1,0.7,,True,False,False,raw,10.663374423649227,8.54668943243089,1.2411033281313828,7.7786354019651816,0.5789473684210527,78.41,0.2710
538923,6269,42,N/A,N/A,N/A,,,N/A,N/A,baseline,N/A,9.633737285498897,7.607750540465311,-0.40244253008973363,6.81941691038821,0.5328947368421053,15.43,0.1500
538923,6269,42,spearman,30,1,0.7,,True,False,True,catch24,9.747640589466958,7.326519910026999,-2.0948176415137993,7.229154682618678,0.5855263157894737,36.80,0.1420
538923,6269,42,spearman,30,1,0.7,,True,False,False,catch24,10.331663024344854,8.322712673860437,-1.4720611883923898,7.614524977735634,0.5394736842105263,202.92,0.3780
538923,6269,42,spearman,30,1,0.7,,True,False,False,stats,9.747174955142988,7.481145166883282,-1.123069607354457,7.024641171130928,0.5592105263157895,88.28,0.3725
538923,6269,42,spearman,30,1,0.7,,True,False,False,raw,13.203752805450018,10.338034143634871,-8.17895459817126,11.23112358817654,0.5460526315789473,80.36,0.3560
538923,6269,1000,N/A,N/A,N/A,,,N/A,N/A,baseline,N/A,9.56136410472381,7.525458666234234,-1.1656528049045138,6.953459920146591,0.5526315789473685,13.23,0.1620
538923,6269,1000,spearman,30,1,0.7,,True,False,True,catch24,9.625009461322449,7.631572910383636,1.3224823147642846,7.051018536948204,0.5394736842105263,55.26,0.1520
538923,6269,1000,spearman,30,1,0.7,,True,False,False,catch24,9.804962393041967,7.739355155845094,1.1261355019862356,7.118853860978816,0.5986842105263158,114.22,0.3580
538923,6269,1000,spearman,30,1,0.7,,True,False,False,stats,9.82034708305818,7.64090614069521,-0.6803219739128562,6.9904805701811075,0.5986842105263158,97.51,0.3660
538923,6269,1000,spearman,30,1,0.7,,True,False,False,raw,10.167006144661787,7.782706840365541,-2.0207296508589603,7.534362195137019,0.5394736842105263,82.49,0.3320
538923,6269,26008,N/A,N/A,N/A,,,N/A,N/A,baseline,N/A,9.700778679986662,7.723524411519368,-1.7887482050976722,7.228457494147591,0.5460526315789473,14.29,0.1420
538923,6269,26008,spearman,30,1,0.7,,True,False,True,catch24,9.642944301460041,7.689778608434341,0.356842415005553,6.833127406589994,0.5921052631578947,50.68,0.1770
538923,6269,26008,spearman,30,1,0.7,,True,False,False,catch24,10.208202903249896,7.9602220728506445,-0.4022327342064552,7.194715153389223,0.5723684210526315,137.04,0.4503
538923,6269,26008,spearman,30,1,0.7,,True,False,False,stats,10.266243176445293,8.160904114542443,-1.065932089986365,7.439830639354849,0.5592105263157895,198.70,0.3340
538923,6269,26008,spearman,30,1,0.7,,True,False,False,raw,10.251746926475874,7.832562228433447,-1.8663662305844375,7.550605577992408,0.5394736842105263,72.56,0.3020
538923,6269,555555,N/A,N/A,N/A,,,N/A,N/A,baseline,N/A,9.674553649828848,7.687659508262584,-0.8136861916461022,6.962613249891596,0.5460526315789473,16.48,0.1400
538923,6269,555555,spearman,30,1,0.7,,True,False,True,catch24,9.799359153748116,7.435688548617893,-1.967876490424661,7.250570836634696,0.5855263157894737,38.89,0.1570
538923,6269,555555,spearman,30,1,0.7,,True,False,False,catch24,9.688198259059472,7.342305962556328,-1.2132481593711704,6.98298766001161,0.5789473684210527,80.93,0.4578
538923,6269,555555,spearman,30,1,0.7,,True,False,False,stats,9.432078288429006,7.218078999737509,-0.3839015462040122,6.6165342806998835,0.5855263157894737,83.70,0.3210
538923,6269,555555,spearman,30,1,0.7,,True,False,False,raw,10.163234985803484,7.762021775339164,-3.325745470383588,7.85355930433243,0.5328947368421053,74.17,0.3320
538923,6269,213626,N/A,N/A,N/A,,,N/A,N/A,baseline,N/A,9.767666808536308,7.767681361803042,-0.349405160916397,6.913105034948014,0.5592105263157895,15.84,0.1452
538923,6269,213626,spearman,30,1,0.7,,True,False,True,catch24,10.001267735792721,7.532358898836024,-2.3898630017548603,7.481189343044082,0.5921052631578947,39.82,0.1380
538923,6269,213626,spearman,30,1,0.7,,True,False,False,catch24,9.541704147000122,7.462515195210774,0.5232196197011112,6.767285777228032,0.5986842105263158,97.34,0.3750
538923,6269,213626,spearman,30,1,0.7,,True,False,False,stats,10.37588321971768,7.987401469860202,-1.1077570759393032,7.461731246308717,0.5921052631578947,123.65,0.3320
538923,6269,213626,spearman,30,1,0.7,,True,False,False,raw,10.513160157098746,8.205204022476096,1.686235265794143,7.729439900616932,0.5592105263157895,90.20,0.3060
538923,6269,907969,N/A,N/A,N/A,,,N/A,N/A,baseline,N/A,9.683549277775684,7.736836098378001,-0.8715699467004514,6.993876150157456,0.5460526315789473,17.25,0.1922
538923,6269,907969,spearman,30,1,0.7,,True,False,True,catch24,9.705787960794652,7.2834178263845,-2.1325966641793843,7.206897603038297,0.5855263157894737,44.72,0.1660
538923,6269,907969,spearman,30,1,0.7,,True,False,False,catch24,10.582300657056255,8.284609903697095,1.4889418564590753,7.73453826856717,0.5263157894736842,142.41,0.4150
538923,6269,907969,spearman,30,1,0.7,,True,False,False,stats,10.660972009849807,8.525814374287924,1.230120796004152,7.769469797497923,0.5526315789473685,143.45,0.3520
538923,6269,907969,spearman,30,1,0.7,,True,False,False,raw,10.516551349039009,7.984362546135397,-2.1861103531581905,7.800893899342902,0.5460526315789473,84.00,0.3490
538923,6269,5219788,N/A,N/A,N/A,,,N/A,N/A,baseline,N/A,9.588264712460957,7.6077381956811045,-1.4395738489487593,7.055960367387944,0.5526315789473685,16.23,0.1640
538923,6269,5219788,spearman,30,1,0.7,,True,False,True,catch24,10.20066035741816,7.889784270641851,-3.0262384477004507,7.829335858294655,0.5986842105263158,44.63,0.1580
538923,6269,5219788,spearman,30,1,0.7,,True,False,False,catch24,9.765596752010731,7.295385298386119,-1.7988690644307854,7.156361966709592,0.5789473684210527,85.64,0.3820
538923,6269,5219788,spearman,30,1,0.7,,True,False,False,stats,9.349086992796863,6.9918236701317085,-0.5246041117150799,6.553650441860128,0.5921052631578947,86.73,0.3690
538923,6269,5219788,spearman,30,1,0.7,,True,False,False,raw,10.145328444044129,7.703819960550545,-1.617476768742979,7.402988404345446,0.5394736842105263,82.59,0.3430
538923,6269,13451285,N/A,N/A,N/A,,,N/A,N/A,baseline,N/A,9.589624415225316,7.715104676539601,-1.422794934191735,7.079287110295493,0.5921052631578947,23.90,0.1390
538923,6269,13451285,spearman,30,1,0.7,,True,False,True,catch24,9.898030614204435,7.8869585180594255,0.925219906700982,7.1520599132923195,0.5526315789473685,71.80,0.1600
538923,6269,13451285,spearman,30,1,0.7,,True,False,False,catch24,9.480732833111816,7.103711658053928,-1.166878170437283,6.808013873678711,0.5657894736842105,87.64,0.4110
538923,6269,13451285,spearman,30,1,0.7,,True,False,False,stats,9.674249016449885,7.518583584455103,0.28806840983870763,6.788787506798395,0.5855263157894737,84.14,0.3420
538923,6269,13451285,spearman,30,1,0.7,,True,False,False,raw,10.042836039780818,7.79311511719149,1.8412157569835388,7.430000738434166,0.5394736842105263,99.96,0.3850
538923,6269,23616558,N/A,N/A,N/A,,,N/A,N/A,baseline,N/A,9.567649497731447,7.629701916688408,0.25390348559111553,6.754726099435604,0.5460526315789473,19.67,0.1620
538923,6269,23616558,spearman,30,1,0.7,,True,False,True,catch24,9.643510216674457,7.650336320104163,-0.1915375563054303,6.782223577439627,0.5328947368421053,78.73,0.3396
538923,6269,23616558,spearman,30,1,0.7,,True,False,False,catch24,9.717847563283767,7.518963876113393,0.7388908099504857,6.923387453157853,0.5921052631578947,111.71,0.4140
538923,6269,23616558,spearman,30,1,0.7,,True,False,False,stats,10.78365749271976,8.413256657668967,1.2020376305174982,7.795652318406496,0.5526315789473685,145.32,0.4200
538923,6269,23616558,spearman,30,1,0.7,,True,False,False,raw,10.74359612609499,8.411150103301004,-1.3052865446003434,7.800907225022832,0.45394736842105265,84.40,0.3795
538923,6269,618626816,N/A,N/A,N/A,,,N/A,N/A,baseline,N/A,9.630149157283574,7.59144481334811,0.5289400636760238,6.84517079789782,0.5592105263157895,14.55,0.1570
538923,6269,618626816,spearman,30,1,0.7,,True,False,True,catch24,9.887291057468177,7.459920384525474,-1.701001896577723,7.233876099009888,0.5855263157894737,46.40,0.1710
538923,6269,618626816,spearman,30,1,0.7,,True,False,False,catch24,9.817725239945828,7.581076709273594,-0.3886146607741811,6.901285462484857,0.5723684210526315,99.44,0.4228
538923,6269,618626816,spearman,30,1,0.7,,True,False,False,stats,9.519104791210685,7.3338502746781495,1.1155480652852776,6.871901980596199,0.5789473684210527,87.58,0.3570
538923,6269,618626816,spearman,30,1,0.7,,True,False,False,raw,10.647495441189578,7.780637292300954,-0.1639475978277867,7.3098939431269745,0.5328947368421053,93.92,0.3450
278,6269,42,N/A,N/A,N/A,,,N/A,N/A,baseline,N/A,11.708304701770361,8.589310011053398,-2.1909459315094293,8.549216336525888,0.5526315789473685,26.94,0.1480
278,6269,42,spearman,30,1,0.7,,True,False,True,catch24,10.915897733813683,8.1606395135518,-1.397947641759137,7.847595655734576,0.5592105263157895,80.63,0.1725
278,6269,42,spearman,30,1,0.7,,True,False,False,catch24,12.594380863348269,8.798999954672421,-3.665477796317705,9.413309869421665,0.5789473684210527,106.44,0.5990
278,6269,42,spearman,30,1,0.7,,True,False,False,stats,11.245114017532847,7.9154645695405845,-2.2947621626012467,8.175113691801881,0.5855263157894737,116.85,0.5890
278,6269,42,spearman,30,1,0.7,,True,False,False,raw,11.821423632960578,8.460084428974227,-3.8521835601407717,8.988778813759039,0.47368421052631576,112.08,0.5361
278,6269,1000,N/A,N/A,N/A,,,N/A,N/A,baseline,N/A,10.946768925267945,8.188860422645519,-1.6330773316177667,7.9288689011997935,0.5657894736842105,18.37,0.1550
278,6269,1000,spearman,30,1,0.7,,True,False,True,catch24,11.327292629520443,8.31407170358047,-2.105027053870407,8.26842100412294,0.5526315789473685,117.56,0.1570
278,6269,1000,spearman,30,1,0.7,,True,False,False,catch24,12.992858440160598,8.772842681485843,-2.946933521943934,9.426373270937743,0.6118421052631579,106.13,0.6250
278,6269,1000,spearman,30,1,0.7,,True,False,False,stats,11.224710682732434,8.00423726225211,-3.3024044971840056,8.439015781225246,0.5526315789473685,128.33,0.5770
278,6269,1000,spearman,30,1,0.7,,True,False,False,raw,13.58716513032207,10.617657418344535,3.8270135642656316,10.404750310813577,0.5526315789473685,95.37,0.5862
278,6269,26008,N/A,N/A,N/A,,,N/A,N/A,baseline,N/A,11.375527875743282,8.296087891447778,-2.227527609058455,8.3186678129982,0.5723684210526315,14.49,0.1610
278,6269,26008,spearman,30,1,0.7,,True,False,True,catch24,10.949650234516383,8.16778199501287,-2.1388026748607363,8.051471284726594,0.5855263157894737,70.06,0.1520
278,6269,26008,spearman,30,1,0.7,,True,False,False,catch24,12.343607252159964,8.888659745260002,-0.4587663762709674,8.508660156462724,0.5855263157894737,98.64,0.6012
278,6269,26008,spearman,30,1,0.7,,True,False,False,stats,11.100325321139334,7.980035844192006,-2.7029586368136935,8.220911280821092,0.5657894736842105,134.02,0.6272
278,6269,26008,spearman,30,1,0.7,,True,False,False,raw,12.871365694886888,9.71279234044692,2.3197303472780715,9.443813519374693,0.5,99.23,0.6030
278,6269,555555,N/A,N/A,N/A,,,N/A,N/A,baseline,N/A,11.959330975749975,8.773294394312341,-2.3758171633178113,8.766943377282525,0.5921052631578947,22.80,0.1560
278,6269,555555,spearman,30,1,0.7,,True,False,True,catch24,10.66948221616709,7.884097788068983,-2.5712650803958668,7.948581825199758,0.5394736842105263,59.10,0.1690
278,6269,555555,spearman,30,1,0.7,,True,False,False,catch24,12.490071185346249,8.838198636871537,-1.4331229901781268,8.812865999435541,0.5855263157894737,100.79,0.5280
278,6269,555555,spearman,30,1,0.7,,True,False,False,stats,10.69243010651834,7.978239508236156,-2.0127274382348155,7.843956789876914,0.5328947368421053,140.35,0.6000
