product_id,baseline,baseline_mae,baseline_seed,graph2vec_lstm_mae,graph2vec_lstm_seed,graph2vec_lstm_pct_improvement,gcn_lstm_mae,gcn_lstm_seed,gcn_lstm_pct_improvement,gat_lstm_mae,gat_lstm_seed,gat_lstm_pct_improvement,best_hybrid,best_hybrid_mae,best_hybrid_beats_baseline,best_hybrid_pct_improvement
278,lstm_baseline,7.087675088371327,23616558,7.8320862950842365,13451285,-10.502896893993588,8.923542209700042,13451285,-25.902247188796817,8.793474515279135,618626816,-24.067122231752617,graph2vec_lstm,7.8320862950842365,False,-10.502896893993588
457,lstm_baseline,4.824551272236444,5219788,5.377026315802842,1000,-11.45132495006725,4.386687191483242,555555,9.075747277740666,4.42002507440405,618626816,8.384742435224938,gcn_lstm,4.386687191483242,True,9.075747277740666
1325,lstm_baseline,5.636273764317332,13451285,5.63314579359067,42,0.05549713973201021,5.6636870826771055,26008,-0.48637308097637544,5.766362140381259,1000,-2.308056377380079,graph2vec_lstm,5.63314579359067,True,0.05549713973201021
6032,lstm_baseline,7.1522491531434405,213626,9.006287468804253,42,-25.922451468933456,8.839739562639224,13451285,-23.593842627170293,9.312012656841402,42,-30.196983598491357,gcn_lstm,8.839739562639224,False,-23.593842627170293
13544,lstm_baseline,29.3113580840865,13451285,29.417329261505525,23616558,-0.3615362246778957,25.480515573538987,907969,13.069481460251154,24.81785723119,555555,15.330237650557981,gat_lstm,24.81785723119,True,15.330237650557981
16920,lstm_baseline,7.510061921637043,23616558,7.650134385800829,5219788,-1.8651306157706555,7.4068511747846415,213626,1.3742995454543894,8.13292282702876,555555,-8.293685350279336,gcn_lstm,7.4068511747846415,True,1.3742995454543894
18568,lstm_baseline,17.462434238857693,213626,16.618381070155724,1000,4.833536706032471,17.271813346085207,26008,1.0916055010722014,17.168581021377463,907969,1.6827735094706486,graph2vec_lstm,16.618381070155724,True,4.833536706032471
25032,lstm_baseline,10.035761481017069,5219788,9.772803942362469,42,2.620205144891017,9.295228147818372,13451285,7.3789451313628405,9.2731019375371,26008,7.59941878772787,gat_lstm,9.2731019375371,True,7.59941878772787
26002,lstm_baseline,17.229882374308467,213626,25.71022973847545,5219788,-49.21883492839195,26.80182996139028,1000,-55.55434087788419,24.72268072764079,618626816,-43.487228702761534,gat_lstm,24.72268072764079,False,-43.487228702761534
26008,lstm_baseline,21.66020556096158,618626816,23.001116836772244,555555,-6.190667360181493,30.605756139443592,13451285,-41.29947222017447,24.1173266990512,1000,-11.343941917698686,graph2vec_lstm,23.001116836772244,False,-6.190667360181493
26076,lstm_baseline,10.079150891771503,23616558,10.95746299468614,23616558,-8.714147772424754,8.557752401221032,555555,15.094510508742578,9.99418029130674,907969,0.8430333207347015,gcn_lstm,8.557752401221032,True,15.094510508742578
26220,lstm_baseline,23.85661927079843,26008,29.863743015364104,23616558,-25.180113227185814,29.30094929614098,907969,-22.821045863806262,28.79474852209777,26008,-20.69919964453569,gat_lstm,28.79474852209777,False,-20.69919964453569
26372,lstm_baseline,22.309378031811683,26008,22.27227343141643,907969,0.1663183991160318,20.323653694850947,618626816,8.900850279775732,19.38548804887759,213626,13.106102638831171,gat_lstm,19.38548804887759,True,13.106102638831171
26768,lstm_baseline,16.020840116575652,907969,18.153523898592184,13451285,-13.311934745606703,16.82960944783454,213626,-5.048232960156124,16.383026478337307,618626816,-2.2607201565348976,gat_lstm,16.383026478337307,False,-2.2607201565348976
26924,lstm_baseline,10.634202458500082,23616558,10.710778119517308,5219788,-0.720088425211586,12.205893186182758,13451285,-14.779582519856941,13.378975400737689,26008,-25.810802013118217,graph2vec_lstm,10.710778119517308,False,-0.720088425211586
30534,lstm_baseline,9.621150515437906,555555,9.555950829016616,5219788,0.6776703712998903,10.431235684288872,1000,-8.419836770572497,10.184752492343678,23616558,-5.85794782028852,graph2vec_lstm,9.555950829016616,True,0.6776703712998903
48369,lstm_baseline,8.638360902374865,213626,10.577379020016178,5219788,-22.44659767697638,9.18941712661896,1000,-6.379175754194266,9.769235952227724,907969,-13.091315153803752,gcn_lstm,9.18941712661896,False,-6.379175754194266
48375,lstm_baseline,11.7062820780511,23616558,11.96803374695622,23616558,-2.2359931800712025,11.999785069546668,42,-2.5072263724609636,11.373628530626982,907969,2.841666937514105,gat_lstm,11.373628530626982,True,2.841666937514105
110187,lstm_baseline,33.79918872608858,555555,36.57552372552211,213626,-8.214206032970726,40.89312170689402,213626,-20.988471168036785,39.24058602526297,42,-16.099194993323433,graph2vec_lstm,36.57552372552211,False,-8.214206032970726
151815,lstm_baseline,9.096820469775231,42,8.92716542412253,13451285,1.8649927874952736,8.577539456436057,13451285,5.708379263551688,8.264751883114085,907969,9.146806726875035,gat_lstm,8.264751883114085,True,9.146806726875035
151821,lstm_baseline,7.366218111873452,26008,7.421328002331304,5219788,-0.7481436148221259,7.515654037201327,23616558,-2.0286654977946226,7.387846282884186,26008,-0.29361295962540435,gat_lstm,7.387846282884186,False,-0.29361295962540435
151828,lstm_baseline,6.659487674438876,555555,6.693173371109308,26008,-0.5058301526666761,6.722950910431107,42,-0.9529747496316067,7.036692768919702,13451285,-5.664175878403572,graph2vec_lstm,6.693173371109308,False,-0.5058301526666761
213624,lstm_baseline,7.019952524721233,1000,6.763582067551956,907969,3.6520255125152397,7.378360075109145,555555,-5.105555188952582,8.244933446248373,907969,-17.449988688859193,graph2vec_lstm,6.763582067551956,True,3.6520255125152397
213625,lstm_baseline,7.107777907178293,23616558,6.9522284588782615,13451285,2.18843990810319,6.679781334072936,42,6.0215242892313015,7.42572368048375,5219788,-4.473209172508849,gcn_lstm,6.679781334072936,True,6.0215242892313015
213626,lstm_baseline,14.968212638805117,13451285,14.696552326476652,213626,1.8149148390916388,14.27536471996432,1000,4.628795271417955,14.3081586251851,42,4.409704949733443,gcn_lstm,14.27536471996432,True,4.628795271417955
213627,lstm_baseline,12.897689769470611,23616558,13.071194792105482,5219788,-1.345241091513647,13.922618491976868,42,-7.946607034480759,13.596831028757531,23616558,-5.420670459463349,graph2vec_lstm,13.071194792105482,False,-1.345241091513647
213628,lstm_baseline,11.448196024676554,42,11.850946912578507,213626,-3.5180292775719906,14.713581334531696,213626,-28.52314288484067,12.212578268612132,26008,-6.676879416529513,graph2vec_lstm,11.850946912578507,False,-3.5180292775719906
213629,lstm_baseline,12.95200260636074,555555,12.074107325934117,5219788,6.778065964837652,12.19972612966899,907969,5.808186575891405,11.978380888895272,907969,7.517151957546098,gat_lstm,11.978380888895272,True,7.517151957546098
213630,lstm_baseline,11.690661056368958,13451285,11.681870653738384,26008,0.07519166442503863,13.021467240028132,23616558,-11.383498137893271,12.987142625197864,907969,-11.089891004261005,graph2vec_lstm,11.681870653738384,True,0.07519166442503863
213631,lstm_baseline,10.72742128060534,907969,10.562517633625106,555555,1.5372160994401467,10.85778475742714,26008,-1.215235921213345,10.871658350127976,1000,-1.3445642316985407,graph2vec_lstm,10.562517633625106,True,1.5372160994401467
213633,lstm_baseline,9.784090344422784,213626,9.344299160577114,1000,4.494962417189498,9.671221109776717,618626816,1.1535996773619996,9.828103882035398,26008,-0.44984802943589547,graph2vec_lstm,9.344299160577114,True,4.494962417189498
213636,lstm_baseline,7.1156897576026665,13451285,7.0860043097944825,23616558,0.4171829972838125,5.590176201334186,213626,21.438730583195607,5.811166528003668,618626816,18.333053773250825,gcn_lstm,5.590176201334186,True,21.438730583195607
213642,lstm_baseline,7.859112745796153,23616558,7.5700693192824815,907969,3.6778124435010993,7.389884612139533,5219788,5.970497546400652,7.383537267547807,42,6.05126168348625,gat_lstm,7.383537267547807,True,6.05126168348625
500056,lstm_baseline,13.58219719770687,42,13.174113332153924,13451285,3.0045497029143737,13.741223933649998,26008,-1.1708469081127515,13.981271466398551,907969,-2.938215834173415,graph2vec_lstm,13.174113332153924,True,3.0045497029143737
500057,lstm_baseline,10.844604872410594,26008,10.59495913242203,23616558,2.3020270717624713,10.801154079877474,13451285,0.40066736450363216,10.875689090466969,23616558,-0.28663301634396077,graph2vec_lstm,10.59495913242203,True,2.3020270717624713
538923,lstm_baseline,7.312192003711377,555555,7.21080698063171,23616558,1.3865202531362373,7.448001512515,555555,-1.8573022800097674,7.264649970858705,213626,0.6501748426264139,graph2vec_lstm,7.21080698063171,True,1.3865202531362373
545597,lstm_baseline,7.957119503831552,618626816,7.703595272855821,26008,3.1861307456002548,8.233697756345755,1000,-3.475858976115964,9.067242609909158,618626816,-13.951318759798115,graph2vec_lstm,7.703595272855821,True,3.1861307456002548
545598,lstm_baseline,6.894890202416314,618626816,7.394618317971822,618626816,-7.247803821159876,6.573357111488292,23616558,4.663353316566822,6.555762077468673,213626,4.918542790265083,gat_lstm,6.555762077468673,True,4.918542790265083
545602,lstm_baseline,10.138782158396602,13451285,9.79947546416638,13451285,3.3466218025921366,9.290253745185003,23616558,8.369135463758587,9.2212282816569,5219788,9.049941722831214,gat_lstm,9.2212282816569,True,9.049941722831214
582893,lstm_baseline,10.576963081858516,42,10.27369313458212,13451285,2.8672686566956194,9.17827161776474,555555,13.22394200744442,9.441244555454627,907969,10.737661818559804,gcn_lstm,9.17827161776474,True,13.22394200744442
587317,lstm_baseline,4.537842152165432,907969,4.7125119975968905,13451285,-3.849182928236219,4.63194872662912,5219788,-2.0738177157348034,4.757993504891988,13451285,-4.851454619713932,gcn_lstm,4.63194872662912,False,-2.0738177157348034
606214,lstm_baseline,6.490958438200109,5219788,6.208337939642613,1000,4.3540642148351925,5.648347829681596,555555,12.981297238935374,5.802394468020769,555555,10.608047744182954,gcn_lstm,5.648347829681596,True,12.981297238935374
606230,lstm_baseline,5.471694734361437,5219788,5.52352431552862,5219788,-0.9472308614313087,5.677287538067188,23616558,-3.7573880431351285,5.78456125695721,618626816,-5.7179089438418,graph2vec_lstm,5.52352431552862,False,-0.9472308614313087
680152,lstm_baseline,8.96899975047392,13451285,8.09570474562302,13451285,9.736816023489734,7.667555703057183,23616558,14.510470326949987,7.843508726631114,907969,12.54867939742483,gcn_lstm,7.667555703057183,True,14.510470326949987
904144,lstm_baseline,8.34610312787536,555555,9.42865629757152,26008,-12.970761960519198,9.60812915540209,555555,-15.121141066561442,9.859371528126836,555555,-18.131436636545665,graph2vec_lstm,9.42865629757152,False,-12.970761960519198
907967,lstm_baseline,13.967973921034073,13451285,13.881493836446523,5219788,0.6191312002474517,14.210141026116665,42,-1.7337310797661032,14.336766934862323,907969,-2.640275647085031,graph2vec_lstm,13.881493836446523,True,0.6191312002474517
907969,lstm_baseline,31.43366929596545,5219788,31.705738142424934,907969,-0.8655332086680803,38.438679277507305,5219788,-22.285053378865175,40.393225725959326,555555,-28.503056215406087,graph2vec_lstm,31.705738142424934,False,-0.8655332086680803
907970,lstm_baseline,7.070188541038363,213626,6.568600894578921,618626816,7.09440269588308,6.599571078431373,555555,6.656363686418376,6.842784862892301,5219788,3.216373606249898,graph2vec_lstm,6.568600894578921,True,7.09440269588308
908786,lstm_baseline,12.574966286327324,26008,10.927685622296302,5219788,13.099682548032748,11.42007721794976,1000,9.184033118508372,11.985636165718628,555555,4.6865343985015,graph2vec_lstm,10.927685622296302,True,13.099682548032748
911753,lstm_baseline,17.88097623438617,618626816,19.78828160903033,618626816,-10.666673618056151,19.468554777257584,907969,-8.878589860314255,21.281485389260684,907969,-19.017469238257434,gcn_lstm,19.468554777257584,False,-8.878589860314255
912509,lstm_baseline,7.935670248823228,555555,8.760827553817649,213626,-10.398079546170438,8.484384733087877,5219788,-6.914532321274533,8.765502111584533,5219788,-10.45698519144442,gcn_lstm,8.484384733087877,False,-6.914532321274533
915640,lstm_baseline,8.520186280892565,26008,7.134472903083353,555555,16.263885930719894,7.175342235689849,213626,15.784209415921739,7.048558490728241,213626,17.27224900545435,gat_lstm,7.048558490728241,True,17.27224900545435
916110,lstm_baseline,6.4066863215826695,1000,6.50232208476347,5219788,-1.4927492681922911,6.5294148937549465,42,-1.915632606497877,6.523371291316413,907969,-1.821299871364986,graph2vec_lstm,6.50232208476347,False,-1.4927492681922911
918537,lstm_baseline,7.619524385414872,23616558,7.718525431514565,5219788,-1.2993074251353396,8.033881405599756,23616558,-5.4380955979094585,7.995068388047561,213626,-4.928706617850682,graph2vec_lstm,7.718525431514565,False,-1.2993074251353396
919137,lstm_baseline,14.90055376778241,618626816,15.980492919099095,42,-7.247644404006656,14.83023362689548,907969,0.4719297147128555,14.993214458032371,26008,-0.6218607153400516,gcn_lstm,14.83023362689548,True,0.4719297147128555
921558,lstm_baseline,4.521470811631945,213626,4.241844096214943,1000,6.184419341990074,4.168697787266152,5219788,7.80217409472706,4.203872512368595,555555,7.024225357073973,gcn_lstm,4.168697787266152,True,7.80217409472706
932812,lstm_baseline,10.816921869913736,23616558,10.298698525023616,42,4.790857797831663,10.717074886646149,42,0.923062812770265,11.197947308908102,23616558,-3.5224941399840595,graph2vec_lstm,10.298698525023616,True,4.790857797831663
933442,lstm_baseline,13.744021997537487,13451285,14.324408263941995,42,-4.22282696075789,14.661476023056927,907969,-6.675295089631114,14.80268524518979,618626816,-7.702717936874545,graph2vec_lstm,14.324408263941995,False,-4.22282696075789
933457,lstm_baseline,12.429517365748586,907969,12.892365287331971,618626816,-3.7237803203753757,12.612128450979592,555555,-1.4691727752375836,12.746885449278588,618626816,-2.5533419696935162,gcn_lstm,12.612128450979592,False,-1.4691727752375836
936693,lstm_baseline,4.977462061090408,13451285,4.790714743869756,5219788,3.751858174479815,4.635816362169054,213626,6.863853400150484,4.644164029289694,13451285,6.696144093315276,gcn_lstm,4.635816362169054,True,6.863853400150484
